ID Akses,User ID,Entitas,Peran User,hour_of_day (0-23),day_of_week (1-7),failed_login_attempts,data_export_volume_mb,"is_terminated_user (1=Ya, 0=Tidak)",ip_risk_score (0.0-1.0),TARGET: is_anomaly,TARGET: Impact (1-5),TARGET: Likelihood (1-5)
ACC-0001,USR-345,Finance Dept,Audit Manager,22,7,3,119.4,0,0.66,Tidak,1,5
ACC-0002,USR-390,Bandung Branch,Audit Manager,12,4,0,240.1,0,0.02,Tidak,2,1
ACC-0003,USR-211,Bandung Branch,Audit Staff,8,4,2,875.1,0,0.17,Tidak,5,2
ACC-0004,USR-814,Jakarta Branch,Senior Auditor,23,2,7,325.1,0,0.36,Tidak,3,5
ACC-0005,USR-269,Bandung Branch,System Admin,6,3,1,639.7,0,0.46,Tidak,3,3
ACC-0006,USR-698,Jakarta Branch,Audit Manager,0,3,2,359.1,0,0.17,Tidak,2,3
ACC-0007,USR-730,Jakarta Branch,Audit Manager,9,1,1,223.9,0,0.04,Tidak,1,1
ACC-0008,USR-709,Finance Dept,Senior Auditor,5,4,1,53.3,0,0.24,Tidak,1,2
ACC-0009,USR-339,Surabaya Branch,External Guest,14,7,6,274.7,0,0.02,Tidak,2,4
ACC-0010,USR-436,Jakarta Branch,Audit Staff,14,5,0,244.1,0,0.4,Tidak,2,2
ACC-0011,USR-237,Operations Dept,Senior Auditor,8,2,5,230.6,0,0.01,Tidak,1,3
ACC-0012,USR-693,Bandung Branch,Senior Auditor,12,7,7,168.2,0,0.68,Ya (Anomali),1,5
ACC-0013,USR-335,Finance Dept,Senior Auditor,22,3,0,188.0,0,0.06,Tidak,2,2
ACC-0014,USR-747,IT Dept,Senior Auditor,0,1,1,101.8,0,0.01,Tidak,1,2
ACC-0015,USR-893,IT Dept,External Guest,8,5,1,183.1,0,0.11,Tidak,1,1
ACC-0016,USR-102,IT Dept,System Admin,2,4,3,55.0,0,0.01,Tidak,2,2
ACC-0017,USR-670,Bandung Branch,Senior Auditor,8,7,0,408.9,0,0.13,Tidak,2,1
ACC-0018,USR-215,Surabaya Branch,Senior Auditor,19,5,2,51.4,0,0.01,Tidak,1,1
ACC-0019,USR-571,Medan Branch,Audit Staff,14,3,0,22.2,0,0.22,Tidak,1,2
ACC-0020,USR-230,Surabaya Branch,Audit Manager,23,2,3,143.3,0,0.24,Tidak,2,3
ACC-0021,USR-997,Finance Dept,External Guest,6,7,3,268.5,0,0.08,Tidak,2,2
ACC-0022,USR-582,Surabaya Branch,Senior Auditor,3,4,0,143.9,0,0.05,Tidak,1,1
ACC-0023,USR-500,IT Dept,System Admin,19,2,5,81.0,0,0.49,Tidak,1,5
ACC-0024,USR-300,Surabaya Branch,System Admin,16,6,0,204.2,0,0.19,Tidak,1,2
ACC-0025,USR-391,Finance Dept,System Admin,21,5,3,106.5,0,0.23,Tidak,1,3
ACC-0026,USR-441,Finance Dept,Audit Staff,3,5,1,675.3,0,0.0,Tidak,3,1
ACC-0027,USR-709,IT Dept,System Admin,18,1,0,639.8,0,0.71,Ya (Anomali),3,4
ACC-0028,USR-315,Operations Dept,Audit Staff,4,4,2,174.5,0,0.32,Tidak,1,3
ACC-0029,USR-735,Bandung Branch,External Guest,15,5,7,99.3,1,0.17,Ya (Anomali),3,4
ACC-0030,USR-684,Jakarta Branch,System Admin,2,3,0,334.0,0,0.23,Tidak,2,1
ACC-0031,USR-465,Medan Branch,Audit Manager,10,6,1,9.4,0,0.16,Tidak,1,2
ACC-0032,USR-989,Medan Branch,Senior Auditor,21,3,1,161.0,1,0.01,Ya (Anomali),3,1
ACC-0033,USR-741,IT Dept,External Guest,14,2,0,102.5,0,0.2,Tidak,1,2
ACC-0034,USR-568,Operations Dept,Audit Manager,18,6,9,633.1,0,0.02,Tidak,4,4
ACC-0035,USR-517,Medan Branch,External Guest,20,6,0,3.0,0,0.01,Tidak,2,1
ACC-0036,USR-126,Surabaya Branch,System Admin,23,3,0,201.2,0,0.34,Tidak,1,3
ACC-0037,USR-776,Finance Dept,External Guest,13,5,1,337.4,1,0.39,Tidak,4,3
ACC-0038,USR-554,Operations Dept,External Guest,15,3,0,165.9,0,0.57,Tidak,1,3
ACC-0039,USR-679,Finance Dept,External Guest,23,4,11,22.3,0,0.03,Tidak,1,5
ACC-0040,USR-113,IT Dept,Audit Staff,5,2,0,898.0,0,0.42,Tidak,4,2
ACC-0041,USR-197,Finance Dept,Audit Manager,4,7,1,182.5,0,0.55,Tidak,1,3
ACC-0042,USR-378,Jakarta Branch,System Admin,20,6,1,238.1,0,0.16,Tidak,2,2
ACC-0043,USR-589,Finance Dept,Senior Auditor,16,4,1,67.5,0,0.45,Tidak,1,3
ACC-0044,USR-982,Finance Dept,System Admin,15,5,5,165.2,0,0.2,Tidak,1,3
ACC-0045,USR-858,Operations Dept,System Admin,1,5,3,140.2,0,0.0,Tidak,2,2
ACC-0046,USR-723,Surabaya Branch,Audit Staff,10,3,2,19.5,0,0.11,Tidak,1,2
ACC-0047,USR-306,Bandung Branch,Audit Staff,3,1,0,28.1,0,0.09,Tidak,1,1
ACC-0048,USR-963,Medan Branch,External Guest,5,6,4,454.2,0,0.01,Tidak,3,2
ACC-0049,USR-945,Surabaya Branch,System Admin,6,6,1,68.5,0,0.18,Tidak,2,2
ACC-0050,USR-332,Surabaya Branch,Audit Manager,16,1,0,54.2,0,0.77,Tidak,2,4
ACC-0051,USR-672,Surabaya Branch,Audit Staff,7,5,0,175.8,0,0.21,Tidak,1,1
ACC-0052,USR-696,Medan Branch,Audit Staff,0,5,0,366.1,0,0.03,Tidak,2,1
ACC-0053,USR-794,IT Dept,Audit Manager,14,7,3,16.0,0,0.12,Tidak,2,2
ACC-0054,USR-338,Surabaya Branch,Audit Staff,19,7,3,215.0,1,0.0,Ya (Anomali),3,2
ACC-0055,USR-349,Bandung Branch,Audit Manager,11,6,0,31.7,0,0.0,Tidak,2,1
ACC-0056,USR-682,IT Dept,Senior Auditor,14,7,0,9.3,0,0.07,Tidak,1,2
ACC-0057,USR-839,Finance Dept,Audit Manager,22,7,1,13.5,0,0.49,Tidak,1,3
ACC-0058,USR-696,Bandung Branch,Senior Auditor,21,2,7,449.2,1,0.16,Ya (Anomali),5,5
ACC-0059,USR-405,Operations Dept,External Guest,14,6,0,31.4,0,0.0,Tidak,1,1
ACC-0060,USR-562,IT Dept,External Guest,8,5,3,11.6,0,0.61,Tidak,1,4
ACC-0061,USR-882,Finance Dept,Audit Staff,15,5,0,144.0,0,0.01,Tidak,1,2
ACC-0062,USR-901,Finance Dept,Audit Manager,1,7,3,464.5,0,0.54,Tidak,2,4
ACC-0063,USR-335,Surabaya Branch,Audit Staff,14,2,1,76.1,0,0.0,Tidak,1,1
ACC-0064,USR-390,Surabaya Branch,Audit Manager,14,7,0,136.9,0,0.01,Tidak,1,1
ACC-0065,USR-138,Medan Branch,Audit Staff,6,7,7,10.2,0,0.0,Tidak,1,3
ACC-0066,USR-817,Jakarta Branch,External Guest,20,4,4,149.0,0,0.14,Tidak,2,3
ACC-0067,USR-282,Bandung Branch,External Guest,12,4,9,215.5,0,0.38,Tidak,1,5
ACC-0068,USR-798,Medan Branch,Audit Staff,22,2,0,211.5,0,0.14,Tidak,2,1
ACC-0069,USR-744,Medan Branch,Audit Manager,16,2,0,101.0,0,0.04,Tidak,1,1
ACC-0070,USR-129,Bandung Branch,System Admin,10,4,1,94.8,0,0.6,Tidak,1,3
ACC-0071,USR-487,IT Dept,Audit Manager,9,4,0,28.2,0,0.06,Tidak,1,2
ACC-0072,USR-866,Operations Dept,Audit Staff,0,4,0,114.2,0,0.03,Tidak,2,2
ACC-0073,USR-242,Bandung Branch,Audit Manager,13,4,0,26.2,0,0.36,Tidak,2,2
ACC-0074,USR-714,Finance Dept,Senior Auditor,4,6,1,363.7,0,0.48,Tidak,3,3
ACC-0075,USR-518,Operations Dept,Audit Manager,7,6,0,847.4,0,0.04,Tidak,4,2
ACC-0076,USR-173,Jakarta Branch,External Guest,0,7,0,877.3,0,0.15,Tidak,4,1
ACC-0077,USR-154,IT Dept,External Guest,6,3,4,500.8,0,0.22,Ya (Anomali),4,3
ACC-0078,USR-847,Surabaya Branch,Senior Auditor,1,7,2,229.6,0,0.12,Tidak,2,2
ACC-0079,USR-671,Jakarta Branch,Audit Manager,6,2,1,301.7,0,0.02,Tidak,3,2
ACC-0080,USR-123,Jakarta Branch,System Admin,6,1,2,83.9,0,0.33,Tidak,1,3
ACC-0081,USR-121,Surabaya Branch,Audit Manager,8,3,1,249.1,1,0.0,Ya (Anomali),4,1
ACC-0082,USR-527,Jakarta Branch,External Guest,21,1,4,152.0,0,0.05,Tidak,1,2
ACC-0083,USR-131,IT Dept,External Guest,3,1,0,164.5,0,0.4,Tidak,1,2
ACC-0084,USR-962,IT Dept,Audit Staff,22,5,1,354.5,0,0.07,Tidak,2,1
ACC-0085,USR-438,IT Dept,External Guest,6,2,0,82.8,0,0.16,Tidak,1,1
ACC-0086,USR-614,Medan Branch,Audit Staff,19,6,0,95.7,0,0.18,Tidak,2,1
ACC-0087,USR-611,Medan Branch,External Guest,17,3,1,646.4,0,0.17,Tidak,4,2
ACC-0088,USR-169,IT Dept,External Guest,12,7,1,14.5,0,0.06,Tidak,2,1
ACC-0089,USR-771,Surabaya Branch,System Admin,10,2,1,166.2,0,0.04,Tidak,1,2
ACC-0090,USR-997,Surabaya Branch,Audit Staff,8,4,0,609.9,0,0.25,Tidak,3,2
ACC-0091,USR-187,Bandung Branch,Audit Staff,13,2,1,235.6,0,0.05,Tidak,2,1
ACC-0092,USR-976,Bandung Branch,External Guest,7,1,2,197.6,1,0.45,Tidak,3,3
ACC-0093,USR-670,IT Dept,Audit Staff,20,6,0,71.8,0,0.72,Tidak,2,3
ACC-0094,USR-863,Operations Dept,External Guest,13,4,4,105.1,0,0.21,Tidak,1,3
ACC-0095,USR-318,Jakarta Branch,External Guest,20,2,4,477.7,0,0.0,Tidak,2,3
ACC-0096,USR-812,Jakarta Branch,Audit Manager,16,2,0,204.8,0,0.59,Tidak,1,3
ACC-0097,USR-688,Surabaya Branch,Audit Staff,13,6,0,180.8,0,0.04,Tidak,2,1
ACC-0098,USR-866,Operations Dept,Senior Auditor,23,1,1,26.2,0,0.18,Tidak,1,3
ACC-0099,USR-858,Jakarta Branch,Audit Staff,4,7,2,4.0,0,0.95,Tidak,1,5
ACC-0100,USR-369,Finance Dept,Audit Staff,9,4,0,828.9,0,0.63,Ya (Anomali),5,3
ACC-0101,USR-918,Medan Branch,System Admin,5,1,4,118.3,0,0.0,Tidak,1,2
ACC-0102,USR-750,Jakarta Branch,Senior Auditor,9,6,5,231.1,0,0.21,Tidak,2,3
ACC-0103,USR-177,Jakarta Branch,Senior Auditor,10,2,10,20.8,0,0.0,Tidak,1,5
ACC-0104,USR-691,Bandung Branch,System Admin,23,7,0,287.3,0,0.0,Tidak,2,1
ACC-0105,USR-109,Finance Dept,System Admin,5,3,0,674.2,0,0.05,Tidak,4,1
ACC-0106,USR-567,Jakarta Branch,Audit Staff,9,3,10,214.3,0,0.03,Tidak,1,5
ACC-0107,USR-435,Medan Branch,Audit Manager,13,5,0,33.7,0,0.3,Tidak,1,2
ACC-0108,USR-735,Jakarta Branch,System Admin,19,3,2,217.9,0,0.06,Tidak,1,2
ACC-0109,USR-285,Surabaya Branch,Senior Auditor,2,6,0,363.5,0,0.17,Tidak,2,1
ACC-0110,USR-645,Finance Dept,Senior Auditor,6,6,2,130.4,0,0.27,Tidak,1,2
ACC-0111,USR-220,Jakarta Branch,Audit Staff,1,6,2,529.7,0,0.4,Tidak,3,3
ACC-0112,USR-691,Operations Dept,Audit Manager,6,4,0,261.5,0,0.04,Tidak,3,2
ACC-0113,USR-817,Finance Dept,External Guest,16,5,9,573.8,1,0.63,Ya (Anomali),5,5
ACC-0114,USR-664,Jakarta Branch,System Admin,12,4,5,244.2,0,0.56,Tidak,1,5
ACC-0115,USR-767,Medan Branch,System Admin,20,7,2,35.2,0,0.13,Tidak,1,2
ACC-0116,USR-373,Medan Branch,Audit Staff,8,3,0,92.7,0,0.2,Tidak,1,2
ACC-0117,USR-509,Finance Dept,Audit Manager,12,7,0,56.3,0,0.39,Tidak,1,2
ACC-0118,USR-457,IT Dept,Senior Auditor,14,3,0,598.7,0,0.18,Tidak,3,2
ACC-0119,USR-746,Bandung Branch,Senior Auditor,12,2,4,357.2,0,0.22,Tidak,2,3
ACC-0120,USR-197,Bandung Branch,External Guest,16,4,2,282.1,1,0.08,Ya (Anomali),4,3
ACC-0121,USR-340,Surabaya Branch,Senior Auditor,7,1,8,89.5,1,0.02,Ya (Anomali),3,5
ACC-0122,USR-656,IT Dept,System Admin,8,7,4,50.8,0,0.02,Tidak,1,2
ACC-0123,USR-810,Bandung Branch,External Guest,8,2,2,353.1,0,0.29,Tidak,3,3
ACC-0124,USR-902,Finance Dept,Audit Manager,7,4,1,160.7,1,0.34,Tidak,4,2
ACC-0125,USR-213,Bandung Branch,External Guest,15,6,1,64.0,0,0.55,Tidak,1,3
ACC-0126,USR-586,Surabaya Branch,Audit Manager,19,5,2,239.7,0,0.03,Tidak,2,1
ACC-0127,USR-888,Jakarta Branch,Senior Auditor,6,7,3,10.3,0,0.04,Tidak,1,2
ACC-0128,USR-340,Bandung Branch,Audit Staff,16,4,8,98.7,0,0.73,Ya (Anomali),2,5
ACC-0129,USR-255,Finance Dept,External Guest,6,5,2,158.0,0,0.48,Tidak,1,4
ACC-0130,USR-451,Finance Dept,External Guest,5,7,5,40.0,0,0.66,Ya (Anomali),2,5
ACC-0131,USR-143,Surabaya Branch,System Admin,4,5,0,1044.2,0,0.24,Tidak,5,1
ACC-0132,USR-691,Operations Dept,System Admin,16,7,9,58.6,0,0.52,Tidak,1,5
ACC-0133,USR-411,Surabaya Branch,Audit Manager,7,3,8,34.9,0,0.21,Tidak,1,5
ACC-0134,USR-237,Operations Dept,Audit Staff,0,1,4,56.9,0,0.01,Tidak,1,2
ACC-0135,USR-762,Medan Branch,System Admin,15,7,0,366.4,0,0.04,Tidak,2,2
ACC-0136,USR-535,Medan Branch,System Admin,16,4,3,138.6,0,0.16,Tidak,1,2
ACC-0137,USR-853,Medan Branch,Senior Auditor,2,1,0,208.3,0,0.14,Tidak,2,1
ACC-0138,USR-242,Operations Dept,Senior Auditor,12,5,3,5.3,1,0.05,Tidak,3,3
ACC-0139,USR-922,Jakarta Branch,System Admin,7,3,3,8.8,0,0.14,Tidak,1,2
ACC-0140,USR-398,Finance Dept,Audit Manager,15,7,8,147.6,0,0.16,Tidak,1,4
ACC-0141,USR-661,Medan Branch,Audit Staff,23,1,0,424.1,0,0.32,Tidak,3,2
ACC-0142,USR-361,Finance Dept,System Admin,6,2,0,541.2,0,0.6,Tidak,4,3
ACC-0143,USR-611,Surabaya Branch,Audit Manager,20,5,0,22.7,0,0.01,Tidak,2,2
ACC-0144,USR-772,Jakarta Branch,Audit Manager,14,2,1,193.2,1,0.3,Tidak,3,2
ACC-0145,USR-161,Surabaya Branch,System Admin,23,6,4,611.1,0,0.13,Ya (Anomali),3,3
ACC-0146,USR-666,Finance Dept,Audit Manager,1,1,0,122.7,0,0.46,Tidak,1,2
ACC-0147,USR-522,IT Dept,External Guest,23,1,0,442.4,0,0.08,Tidak,2,1
ACC-0148,USR-495,Operations Dept,Audit Manager,1,1,0,35.9,0,0.07,Tidak,1,2
ACC-0149,USR-983,IT Dept,System Admin,9,6,0,684.9,0,0.14,Tidak,3,2
ACC-0150,USR-130,Medan Branch,Audit Manager,4,4,1,348.0,0,0.15,Tidak,2,2
ACC-0151,USR-429,IT Dept,System Admin,3,5,4,709.0,0,0.02,Ya (Anomali),3,2
ACC-0152,USR-901,Surabaya Branch,Senior Auditor,14,5,2,282.2,0,0.02,Tidak,2,1
ACC-0153,USR-268,Operations Dept,System Admin,12,7,0,112.9,0,0.02,Tidak,2,1
ACC-0154,USR-365,IT Dept,Audit Manager,16,7,2,695.9,0,0.17,Tidak,3,2
ACC-0155,USR-407,Bandung Branch,System Admin,20,7,0,80.6,0,0.13,Tidak,2,1
ACC-0156,USR-558,Jakarta Branch,Audit Staff,22,5,2,100.9,0,0.0,Tidak,1,1
ACC-0157,USR-284,Finance Dept,System Admin,0,4,0,301.7,0,0.02,Tidak,2,2
ACC-0158,USR-433,Operations Dept,System Admin,17,1,1,362.4,0,0.09,Tidak,2,1
ACC-0159,USR-614,Medan Branch,Audit Staff,14,1,0,662.7,0,0.36,Tidak,4,2
ACC-0160,USR-540,Surabaya Branch,Audit Staff,13,6,0,57.3,1,0.21,Tidak,3,1
ACC-0161,USR-772,Jakarta Branch,Audit Staff,8,2,0,399.9,0,0.13,Tidak,3,1
ACC-0162,USR-490,Medan Branch,External Guest,11,4,1,335.4,0,0.5,Tidak,2,3
ACC-0163,USR-871,Surabaya Branch,System Admin,4,3,2,16.5,0,0.0,Tidak,1,1
ACC-0164,USR-659,IT Dept,Audit Staff,22,4,3,122.4,0,0.25,Tidak,2,3
ACC-0165,USR-353,Operations Dept,Audit Staff,1,6,0,83.1,0,0.0,Tidak,1,1
ACC-0166,USR-685,Finance Dept,Senior Auditor,22,2,4,90.8,0,0.0,Tidak,2,3
ACC-0167,USR-434,Operations Dept,External Guest,22,2,0,1017.9,0,0.3,Tidak,5,2
ACC-0168,USR-499,Bandung Branch,System Admin,6,7,0,257.3,0,0.68,Tidak,2,3
ACC-0169,USR-265,Bandung Branch,Audit Manager,20,7,0,316.2,0,0.91,Tidak,3,4
ACC-0170,USR-359,Operations Dept,External Guest,8,2,1,938.9,0,0.11,Tidak,5,1
ACC-0171,USR-103,IT Dept,External Guest,17,1,2,118.4,0,0.21,Tidak,1,3
ACC-0172,USR-987,Finance Dept,Senior Auditor,3,3,3,404.7,0,0.23,Tidak,3,3
ACC-0173,USR-218,Jakarta Branch,System Admin,1,2,1,142.5,0,0.08,Tidak,1,1
ACC-0174,USR-569,Finance Dept,System Admin,23,5,2,509.2,0,0.06,Tidak,4,3
ACC-0175,USR-569,IT Dept,Audit Staff,0,1,0,49.8,1,0.64,Ya (Anomali),3,3
ACC-0176,USR-884,Surabaya Branch,Audit Staff,11,3,1,737.6,0,0.01,Tidak,3,1
ACC-0177,USR-592,Operations Dept,External Guest,12,5,0,61.7,0,0.26,Tidak,1,2
ACC-0178,USR-837,Operations Dept,Senior Auditor,13,3,1,98.7,0,0.52,Tidak,1,3
ACC-0179,USR-963,Operations Dept,System Admin,4,6,1,352.8,0,0.17,Tidak,2,3
ACC-0180,USR-599,Operations Dept,Senior Auditor,2,3,0,125.1,0,0.0,Tidak,1,1
ACC-0181,USR-169,Jakarta Branch,Audit Manager,3,5,1,234.3,0,0.75,Tidak,1,4
ACC-0182,USR-793,Bandung Branch,System Admin,16,4,5,147.0,0,0.21,Tidak,2,3
ACC-0183,USR-964,IT Dept,Audit Staff,18,3,3,339.1,0,0.07,Tidak,2,2
ACC-0184,USR-875,Surabaya Branch,External Guest,10,4,2,64.8,0,0.0,Tidak,1,1
ACC-0185,USR-469,IT Dept,Senior Auditor,7,3,4,15.1,0,0.18,Tidak,1,3
ACC-0186,USR-280,Medan Branch,Audit Staff,11,6,0,89.1,1,0.3,Tidak,4,2
ACC-0187,USR-104,Medan Branch,External Guest,17,5,6,160.8,0,0.26,Tidak,1,4
ACC-0188,USR-296,Medan Branch,Audit Staff,17,3,1,46.0,0,0.0,Tidak,1,2
ACC-0189,USR-146,Bandung Branch,System Admin,8,2,4,109.5,0,0.03,Tidak,1,2
ACC-0190,USR-651,Finance Dept,Senior Auditor,4,6,5,127.7,0,0.12,Tidak,1,3
ACC-0191,USR-733,Jakarta Branch,Audit Manager,20,2,5,14.8,0,0.52,Tidak,1,5
ACC-0192,USR-746,Operations Dept,Audit Staff,16,6,1,218.9,1,0.38,Ya (Anomali),3,3
ACC-0193,USR-239,Bandung Branch,Senior Auditor,12,6,4,539.3,0,0.01,Tidak,3,3
ACC-0194,USR-961,Surabaya Branch,System Admin,5,7,3,41.1,0,0.05,Tidak,1,3
ACC-0195,USR-764,Surabaya Branch,Audit Staff,23,3,1,227.7,0,0.27,Tidak,1,2
ACC-0196,USR-639,Medan Branch,System Admin,21,5,3,273.2,0,0.09,Tidak,2,3
ACC-0197,USR-526,Jakarta Branch,Audit Manager,13,7,1,135.9,1,0.01,Tidak,3,1
ACC-0198,USR-688,Medan Branch,Audit Manager,14,5,2,301.9,0,0.31,Tidak,3,3
ACC-0199,USR-786,Surabaya Branch,External Guest,22,1,2,132.2,0,0.5,Tidak,2,3
ACC-0200,USR-660,Surabaya Branch,External Guest,13,5,8,175.6,0,0.34,Tidak,1,5
ACC-0201,USR-953,Operations Dept,External Guest,3,4,3,1.8,0,0.0,Tidak,1,3
ACC-0202,USR-409,Finance Dept,System Admin,17,3,10,294.2,0,0.01,Tidak,2,5
ACC-0203,USR-373,Operations Dept,External Guest,0,2,1,270.7,0,0.53,Tidak,2,4
ACC-0204,USR-638,Finance Dept,Senior Auditor,11,5,6,9.8,0,0.4,Tidak,1,4
ACC-0205,USR-939,Operations Dept,System Admin,21,2,0,114.8,0,0.02,Tidak,1,1
ACC-0206,USR-489,Finance Dept,System Admin,8,1,2,966.2,0,0.91,Ya (Anomali),5,5
ACC-0207,USR-558,Medan Branch,External Guest,9,3,0,136.5,0,0.07,Tidak,2,2
ACC-0208,USR-832,IT Dept,External Guest,20,5,2,174.3,0,0.91,Tidak,1,5
ACC-0209,USR-733,Jakarta Branch,System Admin,17,7,0,601.8,0,0.14,Tidak,3,2
ACC-0210,USR-460,Finance Dept,Audit Manager,16,2,13,315.8,0,0.14,Tidak,3,5
ACC-0211,USR-168,Bandung Branch,Audit Manager,18,7,0,218.1,0,0.14,Tidak,2,1
ACC-0212,USR-682,Finance Dept,External Guest,3,6,1,399.6,1,0.38,Tidak,5,2
ACC-0213,USR-761,Medan Branch,Audit Manager,15,7,0,499.4,0,0.0,Tidak,2,1
ACC-0214,USR-798,Jakarta Branch,Senior Auditor,6,5,1,152.6,0,0.13,Tidak,1,2
ACC-0215,USR-530,Finance Dept,Senior Auditor,8,1,4,161.1,0,0.0,Tidak,1,2
ACC-0216,USR-984,Operations Dept,Senior Auditor,7,7,0,122.0,0,0.07,Tidak,1,1
ACC-0217,USR-857,Jakarta Branch,System Admin,6,6,5,850.6,1,0.5,Ya (Anomali),5,4
ACC-0218,USR-807,Bandung Branch,System Admin,9,2,1,298.6,0,0.57,Tidak,2,3
ACC-0219,USR-131,Surabaya Branch,System Admin,7,2,0,21.7,0,0.08,Tidak,2,1
ACC-0220,USR-720,Operations Dept,System Admin,23,3,1,496.9,0,0.2,Tidak,3,2
ACC-0221,USR-964,Jakarta Branch,System Admin,16,7,1,163.8,0,0.28,Tidak,1,3
ACC-0222,USR-612,IT Dept,External Guest,11,7,1,17.8,0,0.32,Tidak,2,2
ACC-0223,USR-281,Finance Dept,Audit Manager,13,3,2,199.5,0,0.08,Tidak,1,2
ACC-0224,USR-785,Operations Dept,External Guest,11,2,1,135.0,0,0.07,Tidak,2,1
ACC-0225,USR-780,Medan Branch,Audit Manager,1,6,1,525.4,0,0.0,Tidak,3,1
ACC-0226,USR-347,IT Dept,External Guest,11,7,0,57.0,0,0.83,Tidak,1,4
ACC-0227,USR-719,IT Dept,Senior Auditor,13,3,0,437.8,0,0.2,Tidak,2,1
ACC-0228,USR-981,Medan Branch,Audit Staff,6,2,3,203.9,1,0.29,Ya (Anomali),3,3
ACC-0229,USR-396,Medan Branch,System Admin,12,6,0,14.0,0,0.1,Tidak,1,1
ACC-0230,USR-875,Medan Branch,Audit Staff,20,4,2,892.5,0,0.17,Tidak,4,2
ACC-0231,USR-129,IT Dept,Audit Staff,3,5,1,179.7,0,0.89,Ya (Anomali),2,5
ACC-0232,USR-401,Jakarta Branch,Senior Auditor,0,7,7,85.9,0,0.08,Tidak,1,5
ACC-0233,USR-575,Medan Branch,Audit Staff,16,4,1,158.4,0,0.32,Tidak,1,2
ACC-0234,USR-972,Surabaya Branch,Audit Staff,2,4,0,487.7,1,0.37,Tidak,4,2
ACC-0235,USR-451,IT Dept,Senior Auditor,16,5,4,90.9,0,0.04,Tidak,1,2
ACC-0236,USR-581,IT Dept,Audit Manager,7,2,6,53.5,0,0.07,Tidak,1,3
ACC-0237,USR-416,IT Dept,External Guest,2,2,0,34.5,0,0.1,Tidak,2,2
ACC-0238,USR-836,Bandung Branch,Audit Staff,9,3,8,88.4,0,0.3,Tidak,1,5
ACC-0239,USR-496,Jakarta Branch,System Admin,1,1,0,378.6,1,0.0,Tidak,4,1
ACC-0240,USR-188,Jakarta Branch,Senior Auditor,21,2,2,159.5,0,0.0,Tidak,2,1
ACC-0241,USR-333,Medan Branch,Audit Staff,3,5,0,64.5,1,0.3,Ya (Anomali),3,2
ACC-0242,USR-267,IT Dept,Audit Manager,13,1,1,45.4,0,0.06,Tidak,1,1
ACC-0243,USR-842,Operations Dept,Audit Manager,10,5,4,101.1,0,0.06,Tidak,2,3
ACC-0244,USR-225,IT Dept,System Admin,13,5,0,703.0,0,0.15,Tidak,3,1
ACC-0245,USR-672,Medan Branch,Audit Staff,12,5,0,105.0,0,0.23,Tidak,1,1
ACC-0246,USR-219,Jakarta Branch,System Admin,3,7,1,1108.3,0,0.18,Tidak,5,2
ACC-0247,USR-527,Medan Branch,Audit Manager,1,7,1,166.0,0,0.16,Tidak,1,2
ACC-0248,USR-289,Medan Branch,Audit Manager,1,1,3,49.4,0,0.05,Tidak,1,2
ACC-0249,USR-732,Medan Branch,External Guest,10,4,5,554.4,0,0.04,Tidak,4,3
ACC-0250,USR-527,Medan Branch,Audit Manager,21,7,8,154.2,0,0.06,Tidak,1,4
ACC-0251,USR-659,Medan Branch,Senior Auditor,4,6,3,309.2,0,0.01,Tidak,2,3
ACC-0252,USR-301,Finance Dept,External Guest,8,5,17,1029.3,1,0.14,Ya (Anomali),5,5
ACC-0253,USR-158,Finance Dept,System Admin,19,7,4,12.9,0,0.0,Tidak,2,2
ACC-0254,USR-796,IT Dept,Audit Manager,20,3,7,25.4,0,0.11,Tidak,1,5
ACC-0255,USR-322,IT Dept,Senior Auditor,16,2,2,318.6,0,0.14,Tidak,2,2
ACC-0256,USR-591,Operations Dept,External Guest,11,6,0,82.8,0,0.08,Tidak,2,2
ACC-0257,USR-110,Operations Dept,Senior Auditor,17,2,2,50.9,0,0.04,Tidak,2,2
ACC-0258,USR-892,Finance Dept,External Guest,2,2,2,10.0,0,0.02,Tidak,1,1
ACC-0259,USR-800,Jakarta Branch,External Guest,4,1,3,5.5,0,0.01,Tidak,1,3
ACC-0260,USR-611,Bandung Branch,External Guest,20,3,4,372.3,1,0.0,Ya (Anomali),4,2
ACC-0261,USR-913,Jakarta Branch,System Admin,19,3,13,36.1,0,0.27,Tidak,2,5
ACC-0262,USR-409,Operations Dept,External Guest,13,6,1,157.6,0,0.0,Tidak,2,1
ACC-0263,USR-848,IT Dept,External Guest,15,3,6,232.8,0,0.13,Tidak,2,4
ACC-0264,USR-133,Finance Dept,Senior Auditor,18,3,0,139.8,0,0.59,Tidak,2,4
ACC-0265,USR-439,Jakarta Branch,External Guest,8,3,0,6.9,0,0.3,Tidak,1,2
ACC-0266,USR-746,Bandung Branch,System Admin,16,6,0,382.5,0,0.7,Tidak,2,3
ACC-0267,USR-580,Medan Branch,Senior Auditor,21,4,9,2.6,0,0.41,Tidak,2,5
ACC-0268,USR-673,Surabaya Branch,External Guest,6,3,3,358.8,0,0.07,Tidak,3,3
ACC-0269,USR-924,Finance Dept,Senior Auditor,9,7,3,559.4,0,0.57,Tidak,3,4
ACC-0270,USR-838,Finance Dept,System Admin,3,3,1,141.8,0,0.17,Tidak,1,3
ACC-0271,USR-192,Bandung Branch,Senior Auditor,9,1,6,191.7,0,0.02,Tidak,2,3
ACC-0272,USR-727,Medan Branch,System Admin,2,1,1,162.0,0,0.01,Tidak,1,1
ACC-0273,USR-943,Medan Branch,Audit Manager,23,7,10,123.2,0,0.35,Tidak,1,5
ACC-0274,USR-232,Surabaya Branch,External Guest,8,3,2,546.0,0,0.05,Tidak,3,2
ACC-0275,USR-943,Medan Branch,System Admin,12,4,7,560.9,0,0.01,Ya (Anomali),3,3
ACC-0276,USR-518,Bandung Branch,External Guest,0,3,0,102.3,0,0.36,Tidak,1,3
ACC-0277,USR-567,IT Dept,System Admin,14,7,0,238.7,0,0.11,Tidak,2,1
ACC-0278,USR-904,Medan Branch,Audit Staff,14,3,1,654.0,0,0.05,Tidak,3,1
ACC-0279,USR-543,IT Dept,Audit Staff,10,3,1,817.9,0,0.23,Tidak,4,3
ACC-0280,USR-804,Operations Dept,Audit Staff,9,5,7,177.8,0,0.36,Tidak,1,5
ACC-0281,USR-129,Operations Dept,System Admin,6,4,11,150.7,0,0.09,Tidak,2,5
ACC-0282,USR-397,IT Dept,External Guest,0,2,2,81.7,0,0.29,Tidak,2,2
ACC-0283,USR-160,Bandung Branch,Audit Staff,6,7,1,797.8,0,0.18,Tidak,5,2
ACC-0284,USR-557,Finance Dept,External Guest,4,3,2,38.5,1,0.11,Ya (Anomali),4,2
ACC-0285,USR-403,Finance Dept,System Admin,22,7,2,216.8,0,0.09,Tidak,1,2
ACC-0286,USR-439,Finance Dept,External Guest,15,2,1,83.0,0,0.05,Tidak,1,2
ACC-0287,USR-960,Jakarta Branch,External Guest,7,4,4,81.8,0,0.0,Tidak,1,2
ACC-0288,USR-547,Finance Dept,Audit Staff,21,7,1,129.8,0,0.06,Tidak,1,1
ACC-0289,USR-935,Bandung Branch,Senior Auditor,1,3,4,1679.9,0,0.01,Ya (Anomali),5,2
ACC-0290,USR-401,Surabaya Branch,Audit Manager,7,2,2,14.1,0,0.07,Tidak,1,2
ACC-0291,USR-980,Operations Dept,System Admin,13,7,5,216.0,1,0.67,Ya (Anomali),4,5
ACC-0292,USR-639,Medan Branch,System Admin,3,6,0,21.5,0,0.0,Tidak,1,1
ACC-0293,USR-584,Finance Dept,System Admin,23,2,3,42.0,0,0.4,Tidak,1,3
ACC-0294,USR-176,Jakarta Branch,Audit Manager,14,4,13,144.8,0,0.06,Tidak,1,5
ACC-0295,USR-732,Operations Dept,Senior Auditor,6,3,1,178.6,0,0.03,Tidak,1,2
ACC-0296,USR-614,Operations Dept,External Guest,19,5,0,74.9,0,0.34,Tidak,1,2
ACC-0297,USR-648,IT Dept,System Admin,7,4,3,95.1,0,0.3,Tidak,1,3
ACC-0298,USR-758,Jakarta Branch,External Guest,10,5,2,22.7,1,0.04,Tidak,3,2
ACC-0299,USR-191,Bandung Branch,Audit Staff,1,3,0,90.3,0,0.31,Tidak,1,3
ACC-0300,USR-950,Surabaya Branch,Audit Staff,8,2,8,849.5,0,0.0,Tidak,4,5
ACC-0301,USR-884,Finance Dept,Audit Staff,5,6,8,723.8,0,0.13,Tidak,3,5
ACC-0302,USR-565,Finance Dept,System Admin,22,6,5,101.9,0,0.65,Ya (Anomali),1,5
ACC-0303,USR-565,Jakarta Branch,Audit Manager,0,7,0,211.5,0,0.36,Tidak,1,2
ACC-0304,USR-988,Bandung Branch,System Admin,2,4,0,600.9,0,0.48,Tidak,3,2
ACC-0305,USR-698,Jakarta Branch,Audit Staff,9,4,2,1.6,0,0.15,Tidak,1,2
ACC-0306,USR-139,Jakarta Branch,Audit Staff,4,4,0,416.1,0,0.03,Tidak,2,2
ACC-0307,USR-789,Surabaya Branch,System Admin,11,1,0,740.9,0,0.0,Tidak,3,1
ACC-0308,USR-428,Bandung Branch,Audit Manager,22,6,1,23.9,1,0.25,Tidak,3,3
ACC-0309,USR-384,Surabaya Branch,Audit Manager,0,6,2,44.0,0,0.06,Tidak,1,3
ACC-0310,USR-653,Bandung Branch,External Guest,8,3,0,809.4,0,0.13,Tidak,4,1
ACC-0311,USR-896,Finance Dept,Senior Auditor,20,1,1,192.8,0,0.0,Tidak,2,2
ACC-0312,USR-165,Medan Branch,Audit Staff,12,4,3,3.6,0,0.0,Tidak,1,2
ACC-0313,USR-735,IT Dept,Audit Manager,18,4,1,74.5,0,0.3,Tidak,1,2
ACC-0314,USR-756,Medan Branch,Audit Staff,6,5,0,149.4,0,0.03,Tidak,2,2
ACC-0315,USR-731,Operations Dept,Senior Auditor,15,7,0,295.2,0,0.16,Tidak,2,1
ACC-0316,USR-208,Bandung Branch,Audit Staff,7,1,0,330.3,0,0.0,Tidak,3,1
ACC-0317,USR-514,Medan Branch,Audit Manager,18,7,2,1346.6,0,0.11,Tidak,5,2
ACC-0318,USR-191,Jakarta Branch,External Guest,6,2,0,84.7,0,0.01,Tidak,1,1
ACC-0319,USR-467,Finance Dept,System Admin,22,7,0,193.2,0,0.04,Tidak,2,2
ACC-0320,USR-919,IT Dept,System Admin,3,6,8,190.5,0,0.38,Tidak,1,5
ACC-0321,USR-522,IT Dept,Audit Manager,9,3,6,130.1,0,0.3,Tidak,1,4
ACC-0322,USR-671,Operations Dept,Audit Manager,0,2,0,46.3,0,0.0,Tidak,1,1
ACC-0323,USR-961,IT Dept,Senior Auditor,16,2,1,948.1,0,0.59,Tidak,4,4
ACC-0324,USR-838,Finance Dept,Audit Staff,20,3,12,479.9,0,0.18,Tidak,2,5
ACC-0325,USR-339,Medan Branch,Senior Auditor,12,4,0,172.5,1,0.15,Tidak,3,2
ACC-0326,USR-534,IT Dept,System Admin,18,6,0,231.1,0,0.0,Tidak,2,1
ACC-0327,USR-311,IT Dept,Audit Staff,12,5,6,64.5,0,0.25,Tidak,2,4
ACC-0328,USR-499,Bandung Branch,Senior Auditor,8,4,7,196.2,0,0.05,Tidak,1,5
ACC-0329,USR-709,Jakarta Branch,System Admin,4,7,2,296.8,0,0.19,Tidak,3,2
ACC-0330,USR-625,Bandung Branch,Audit Staff,22,4,1,181.0,0,0.01,Tidak,1,1
ACC-0331,USR-829,Medan Branch,External Guest,0,1,2,1158.5,0,0.57,Tidak,5,5
ACC-0332,USR-567,Finance Dept,External Guest,1,2,9,236.3,0,0.86,Ya (Anomali),2,5
ACC-0333,USR-269,Finance Dept,Senior Auditor,10,2,1,115.9,0,0.8,Tidak,2,4
ACC-0334,USR-918,Bandung Branch,Audit Manager,3,6,2,369.8,0,0.0,Tidak,3,1
ACC-0335,USR-891,Surabaya Branch,Audit Staff,8,7,5,46.7,0,0.05,Tidak,1,4
ACC-0336,USR-974,Bandung Branch,Senior Auditor,4,2,4,121.3,0,0.02,Tidak,1,3
ACC-0337,USR-309,Surabaya Branch,Audit Manager,4,5,0,106.5,0,0.0,Tidak,2,1
ACC-0338,USR-355,Operations Dept,Audit Manager,7,5,6,141.3,0,0.0,Tidak,1,3
ACC-0339,USR-782,Bandung Branch,Audit Staff,1,7,0,380.6,0,0.03,Tidak,2,2
ACC-0340,USR-172,Surabaya Branch,Audit Staff,6,5,0,165.5,0,0.15,Tidak,1,1
ACC-0341,USR-246,Surabaya Branch,Audit Manager,16,3,4,395.0,0,0.25,Tidak,3,3
ACC-0342,USR-439,IT Dept,System Admin,10,7,0,214.8,1,0.08,Tidak,3,1
ACC-0343,USR-416,Operations Dept,Senior Auditor,14,6,2,104.7,0,0.26,Tidak,1,2
ACC-0344,USR-717,IT Dept,Audit Staff,2,5,7,415.2,0,0.13,Tidak,2,4
ACC-0345,USR-705,Surabaya Branch,Audit Manager,12,1,1,68.0,0,0.3,Tidak,1,2
ACC-0346,USR-674,Surabaya Branch,System Admin,17,1,2,63.5,0,0.18,Tidak,2,2
ACC-0347,USR-253,Jakarta Branch,External Guest,19,4,1,175.5,1,0.52,Ya (Anomali),3,3
ACC-0348,USR-354,Surabaya Branch,Audit Manager,19,4,7,75.6,0,0.0,Tidak,1,3
ACC-0349,USR-450,IT Dept,System Admin,2,6,6,2.3,0,0.01,Tidak,1,3
ACC-0350,USR-646,Surabaya Branch,External Guest,1,7,1,261.2,0,0.07,Tidak,2,1
ACC-0351,USR-934,Finance Dept,System Admin,4,4,15,178.9,0,0.39,Tidak,1,5
ACC-0352,USR-411,Jakarta Branch,Audit Staff,19,4,0,147.4,0,0.15,Tidak,1,1
ACC-0353,USR-907,Surabaya Branch,Audit Manager,4,1,1,852.6,0,0.21,Tidak,4,2
ACC-0354,USR-864,IT Dept,External Guest,12,4,1,211.7,0,0.01,Tidak,1,2
ACC-0355,USR-768,IT Dept,System Admin,7,1,0,497.7,0,0.04,Tidak,3,2
ACC-0356,USR-233,Medan Branch,External Guest,15,5,0,37.5,0,0.7,Tidak,2,4
ACC-0357,USR-228,IT Dept,Senior Auditor,17,5,4,210.5,0,0.1,Tidak,1,2
ACC-0358,USR-535,Jakarta Branch,Audit Manager,15,6,0,506.2,0,0.69,Ya (Anomali),3,3
ACC-0359,USR-379,IT Dept,Audit Staff,0,3,1,218.7,0,0.33,Tidak,2,2
ACC-0360,USR-457,Finance Dept,External Guest,7,4,6,316.5,0,0.0,Tidak,2,4
ACC-0361,USR-982,Bandung Branch,System Admin,20,5,0,116.3,0,0.26,Tidak,1,2
ACC-0362,USR-351,Finance Dept,External Guest,1,5,3,24.3,0,0.43,Tidak,2,3
ACC-0363,USR-234,Operations Dept,System Admin,23,7,4,153.1,0,0.15,Tidak,1,3
ACC-0364,USR-942,Finance Dept,External Guest,4,6,2,125.4,1,0.03,Tidak,3,1
ACC-0365,USR-622,Jakarta Branch,Audit Staff,14,2,2,504.5,0,0.04,Tidak,3,2
ACC-0366,USR-903,Jakarta Branch,Audit Staff,13,2,0,69.9,0,0.27,Tidak,1,3
ACC-0367,USR-759,Medan Branch,Audit Manager,2,6,2,850.8,0,0.32,Tidak,5,4
ACC-0368,USR-418,IT Dept,Audit Staff,6,1,0,793.3,0,0.08,Tidak,4,1
ACC-0369,USR-179,Medan Branch,External Guest,3,3,1,71.1,0,0.49,Tidak,1,4
ACC-0370,USR-290,Jakarta Branch,External Guest,10,7,2,106.9,0,0.17,Tidak,2,2
ACC-0371,USR-552,IT Dept,Audit Staff,11,7,10,564.8,0,0.18,Tidak,4,5
ACC-0372,USR-443,Jakarta Branch,Senior Auditor,14,6,4,850.0,0,0.12,Ya (Anomali),4,3
ACC-0373,USR-129,Jakarta Branch,External Guest,5,2,2,146.5,0,0.17,Tidak,1,2
ACC-0374,USR-513,Bandung Branch,Audit Manager,23,3,2,96.8,1,0.14,Tidak,3,2
ACC-0375,USR-970,Finance Dept,Senior Auditor,0,5,0,186.7,0,0.19,Tidak,2,1
ACC-0376,USR-467,Medan Branch,Audit Staff,17,6,2,291.0,0,0.39,Tidak,2,4
ACC-0377,USR-840,Medan Branch,System Admin,13,1,2,79.9,0,0.34,Tidak,1,4
ACC-0378,USR-695,Surabaya Branch,External Guest,23,3,5,333.4,0,0.49,Tidak,2,4
ACC-0379,USR-601,Operations Dept,System Admin,6,2,0,13.3,0,0.0,Tidak,1,1
ACC-0380,USR-761,Bandung Branch,Audit Manager,9,5,1,12.6,0,0.34,Tidak,1,2
ACC-0381,USR-972,Jakarta Branch,Senior Auditor,8,6,1,122.1,0,0.06,Tidak,1,2
ACC-0382,USR-800,Jakarta Branch,System Admin,1,7,0,109.0,0,0.03,Tidak,1,1
ACC-0383,USR-120,Bandung Branch,Audit Manager,7,4,0,94.8,0,0.47,Tidak,1,2
ACC-0384,USR-648,IT Dept,System Admin,21,7,0,168.8,0,0.04,Tidak,1,1
ACC-0385,USR-345,Medan Branch,System Admin,0,7,5,96.7,0,0.0,Tidak,1,2
ACC-0386,USR-382,Jakarta Branch,Audit Manager,19,5,3,53.4,0,0.29,Tidak,2,4
ACC-0387,USR-713,Operations Dept,External Guest,1,2,1,92.6,0,0.0,Tidak,2,1
ACC-0388,USR-905,Surabaya Branch,System Admin,6,6,2,921.3,0,0.23,Tidak,4,2
ACC-0389,USR-331,Medan Branch,Audit Manager,15,2,0,132.4,0,0.05,Tidak,1,2
ACC-0390,USR-415,Finance Dept,System Admin,21,4,0,147.1,0,0.32,Tidak,1,2
ACC-0391,USR-937,Operations Dept,External Guest,3,7,5,214.8,0,0.21,Tidak,1,3
ACC-0392,USR-899,Bandung Branch,Audit Manager,20,5,2,1023.7,0,0.15,Tidak,5,2
ACC-0393,USR-435,Medan Branch,System Admin,16,3,4,69.1,0,0.01,Tidak,1,2
ACC-0394,USR-510,Finance Dept,Audit Staff,3,3,3,285.9,0,0.19,Tidak,3,2
ACC-0395,USR-344,Surabaya Branch,External Guest,2,5,0,314.7,0,0.52,Tidak,2,4
ACC-0396,USR-486,IT Dept,System Admin,8,3,1,233.7,0,0.3,Tidak,1,3
ACC-0397,USR-788,Bandung Branch,Senior Auditor,21,7,0,23.2,0,0.02,Tidak,1,2
ACC-0398,USR-824,IT Dept,Audit Manager,14,6,3,282.4,0,0.13,Tidak,3,3
ACC-0399,USR-457,Operations Dept,System Admin,19,5,15,16.6,0,0.81,Ya (Anomali),1,5
ACC-0400,USR-713,Jakarta Branch,External Guest,2,5,8,226.7,0,0.0,Tidak,2,4
ACC-0401,USR-897,IT Dept,External Guest,11,2,0,336.4,0,0.14,Tidak,2,1
ACC-0402,USR-121,Jakarta Branch,Senior Auditor,14,1,4,59.2,0,0.49,Tidak,2,5
ACC-0403,USR-118,Operations Dept,Senior Auditor,19,2,6,460.7,0,0.07,Tidak,3,3
ACC-0404,USR-386,Finance Dept,System Admin,7,3,0,7.7,0,0.04,Tidak,2,1
ACC-0405,USR-375,Medan Branch,Audit Staff,11,1,0,464.2,0,0.01,Tidak,2,1
ACC-0406,USR-758,Surabaya Branch,External Guest,20,5,1,154.2,0,0.23,Tidak,1,2
ACC-0407,USR-997,Finance Dept,Audit Staff,12,3,7,61.3,0,0.0,Tidak,1,3
ACC-0408,USR-651,Surabaya Branch,Audit Staff,14,4,1,35.9,0,0.38,Tidak,2,3
ACC-0409,USR-778,IT Dept,System Admin,10,3,1,766.0,0,0.37,Tidak,4,2
ACC-0410,USR-702,Surabaya Branch,Audit Manager,16,1,8,18.9,0,0.44,Tidak,1,5
ACC-0411,USR-171,IT Dept,Audit Manager,20,1,0,55.5,0,0.56,Tidak,1,3
ACC-0412,USR-464,Surabaya Branch,Audit Manager,23,5,0,106.9,0,0.51,Tidak,1,4
ACC-0413,USR-894,Bandung Branch,Senior Auditor,11,6,3,242.1,0,0.02,Tidak,1,3
ACC-0414,USR-434,Finance Dept,External Guest,19,4,2,196.8,0,0.03,Tidak,1,2
ACC-0415,USR-751,Bandung Branch,Senior Auditor,17,5,7,33.6,0,0.03,Tidak,1,3
ACC-0416,USR-850,Medan Branch,External Guest,15,4,1,85.5,0,0.08,Tidak,1,1
ACC-0417,USR-689,Medan Branch,External Guest,2,4,1,68.2,0,0.16,Tidak,2,2
ACC-0418,USR-298,Jakarta Branch,External Guest,8,5,1,60.1,0,0.48,Tidak,2,3
ACC-0419,USR-116,Jakarta Branch,System Admin,6,7,3,132.4,0,0.2,Tidak,2,2
ACC-0420,USR-317,Jakarta Branch,Audit Manager,18,3,0,304.4,0,0.15,Tidak,2,2
ACC-0421,USR-840,Operations Dept,Senior Auditor,4,2,1,61.3,0,0.12,Tidak,2,1
ACC-0422,USR-951,Medan Branch,Senior Auditor,18,4,0,114.2,0,0.0,Tidak,1,1
ACC-0423,USR-749,Surabaya Branch,System Admin,9,7,1,124.0,0,0.02,Tidak,1,1
ACC-0424,USR-246,IT Dept,External Guest,19,1,1,937.2,0,0.35,Tidak,4,3
ACC-0425,USR-309,Operations Dept,Audit Manager,11,5,6,773.4,0,0.52,Tidak,4,5
ACC-0426,USR-769,Surabaya Branch,Audit Staff,7,6,3,402.5,0,0.27,Tidak,2,3
ACC-0427,USR-513,Finance Dept,Audit Staff,2,7,3,69.2,0,0.1,Tidak,2,2
ACC-0428,USR-764,Medan Branch,System Admin,18,3,0,17.6,0,0.69,Tidak,1,4
ACC-0429,USR-955,IT Dept,Audit Manager,10,7,2,95.3,0,0.03,Tidak,1,1
ACC-0430,USR-429,IT Dept,Audit Staff,7,4,0,77.6,0,0.94,Tidak,1,4
ACC-0431,USR-994,IT Dept,Audit Staff,12,6,0,176.3,0,0.26,Tidak,1,3
ACC-0432,USR-969,Jakarta Branch,Senior Auditor,22,7,0,376.0,0,0.0,Tidak,2,1
ACC-0433,USR-451,IT Dept,Audit Manager,22,3,2,488.6,0,0.0,Tidak,2,1
ACC-0434,USR-262,IT Dept,Audit Staff,9,7,2,465.9,0,0.09,Tidak,3,2
ACC-0435,USR-918,Medan Branch,Senior Auditor,17,5,0,111.4,0,0.35,Tidak,1,2
ACC-0436,USR-200,Surabaya Branch,Audit Manager,11,6,1,290.6,0,0.3,Tidak,2,2
ACC-0437,USR-426,Operations Dept,External Guest,6,1,1,93.8,0,0.0,Tidak,2,1
ACC-0438,USR-426,Operations Dept,Audit Manager,10,4,3,15.7,0,0.88,Tidak,2,5
ACC-0439,USR-254,Surabaya Branch,System Admin,9,4,3,302.3,0,0.15,Tidak,3,2
ACC-0440,USR-109,Bandung Branch,Senior Auditor,2,6,11,2.5,0,0.06,Tidak,1,5
ACC-0441,USR-452,Bandung Branch,External Guest,6,3,1,131.6,0,0.05,Tidak,1,1
ACC-0442,USR-282,Finance Dept,Senior Auditor,3,5,2,99.9,0,0.5,Tidak,1,3
ACC-0443,USR-554,Medan Branch,Senior Auditor,7,7,1,295.5,0,0.31,Tidak,3,2
ACC-0444,USR-745,Bandung Branch,Audit Staff,7,7,4,363.4,0,0.75,Ya (Anomali),3,5
ACC-0445,USR-105,Bandung Branch,Audit Manager,5,2,5,90.6,0,0.13,Tidak,1,3
ACC-0446,USR-432,Medan Branch,Senior Auditor,12,4,2,417.3,0,0.37,Tidak,2,3
ACC-0447,USR-432,Surabaya Branch,Senior Auditor,11,7,0,87.0,0,0.26,Tidak,2,3
ACC-0448,USR-357,Finance Dept,System Admin,2,1,5,147.8,0,0.53,Tidak,1,5
ACC-0449,USR-310,Finance Dept,System Admin,5,4,2,324.6,0,0.63,Tidak,2,5
ACC-0450,USR-150,Finance Dept,System Admin,21,4,4,295.2,0,0.07,Tidak,2,2
ACC-0451,USR-544,Bandung Branch,Senior Auditor,18,2,0,1092.9,0,0.03,Tidak,5,1
ACC-0452,USR-758,Surabaya Branch,External Guest,10,2,2,63.8,0,0.0,Tidak,2,1
ACC-0453,USR-476,Finance Dept,Audit Manager,3,5,4,271.4,0,0.36,Tidak,2,4
ACC-0454,USR-739,Medan Branch,Senior Auditor,14,7,2,235.2,0,0.51,Tidak,1,4
ACC-0455,USR-585,Finance Dept,Audit Staff,1,7,0,616.6,0,0.08,Tidak,3,2
ACC-0456,USR-869,Operations Dept,External Guest,14,4,3,42.5,0,0.15,Tidak,1,3
ACC-0457,USR-150,Jakarta Branch,External Guest,16,4,0,348.4,0,0.74,Tidak,2,3
ACC-0458,USR-253,Surabaya Branch,Audit Manager,1,3,8,210.0,0,0.05,Tidak,1,4
ACC-0459,USR-681,Jakarta Branch,External Guest,6,3,0,80.3,0,0.27,Tidak,1,2
ACC-0460,USR-887,Surabaya Branch,Audit Manager,15,7,1,160.8,0,0.38,Tidak,1,2
ACC-0461,USR-890,IT Dept,External Guest,4,6,2,101.5,0,0.27,Tidak,2,2
ACC-0462,USR-409,Medan Branch,Audit Manager,15,6,3,216.5,0,0.45,Tidak,1,4
ACC-0463,USR-498,IT Dept,System Admin,18,1,3,549.6,0,0.63,Ya (Anomali),3,5
ACC-0464,USR-233,Bandung Branch,System Admin,1,7,0,210.6,0,0.11,Tidak,2,1
ACC-0465,USR-319,Bandung Branch,External Guest,14,7,4,249.7,0,0.42,Tidak,1,4
ACC-0466,USR-262,IT Dept,External Guest,3,7,1,182.8,0,0.19,Tidak,2,2
ACC-0467,USR-747,Surabaya Branch,Audit Manager,1,1,1,13.1,0,0.0,Tidak,1,1
ACC-0468,USR-668,Finance Dept,Audit Manager,22,3,22,66.3,0,0.0,Tidak,2,5
ACC-0469,USR-601,Jakarta Branch,Senior Auditor,9,6,2,169.3,0,0.15,Tidak,2,3
ACC-0470,USR-788,Medan Branch,System Admin,21,7,2,92.9,0,0.11,Tidak,1,2
ACC-0471,USR-214,Finance Dept,Senior Auditor,23,1,1,50.2,0,0.56,Tidak,2,3
ACC-0472,USR-598,Bandung Branch,Senior Auditor,4,4,0,175.4,1,0.0,Tidak,4,1
ACC-0473,USR-571,Finance Dept,Audit Staff,17,6,0,97.5,0,0.11,Tidak,1,1
ACC-0474,USR-248,IT Dept,Audit Manager,3,2,1,74.6,0,0.03,Tidak,1,2
ACC-0475,USR-340,IT Dept,Audit Staff,0,6,8,155.9,0,0.77,Ya (Anomali),1,5
ACC-0476,USR-222,Operations Dept,Audit Staff,17,4,0,35.8,0,0.53,Tidak,2,4
ACC-0477,USR-903,Operations Dept,Senior Auditor,19,3,3,656.9,0,0.21,Tidak,3,3
ACC-0478,USR-938,Jakarta Branch,Audit Staff,5,5,1,505.7,0,0.0,Tidak,3,2
ACC-0479,USR-168,Bandung Branch,Audit Manager,19,5,1,307.4,0,0.0,Tidak,2,1
ACC-0480,USR-925,Surabaya Branch,Senior Auditor,19,3,0,28.1,0,0.02,Tidak,1,1
ACC-0481,USR-162,Medan Branch,Audit Manager,13,4,0,373.9,0,0.03,Tidak,2,2
ACC-0482,USR-832,IT Dept,External Guest,9,1,5,412.5,0,0.18,Tidak,2,4
ACC-0483,USR-115,Medan Branch,Audit Staff,17,6,0,365.0,0,0.01,Tidak,3,2
ACC-0484,USR-489,Bandung Branch,Senior Auditor,8,6,1,30.2,0,0.08,Tidak,1,1
ACC-0485,USR-689,Surabaya Branch,System Admin,11,1,1,258.1,0,0.13,Tidak,2,2
ACC-0486,USR-733,Operations Dept,Audit Manager,9,5,5,449.4,0,0.04,Tidak,2,4
ACC-0487,USR-357,IT Dept,Audit Staff,23,7,0,215.3,0,0.0,Tidak,1,1
ACC-0488,USR-316,Jakarta Branch,Audit Manager,23,7,3,259.9,0,0.08,Tidak,2,3
ACC-0489,USR-578,Medan Branch,Audit Manager,20,3,3,153.3,0,0.07,Tidak,1,2
ACC-0490,USR-213,Bandung Branch,External Guest,18,7,0,188.1,0,0.03,Tidak,1,1
ACC-0491,USR-981,Medan Branch,Audit Manager,5,3,0,8.7,0,0.02,Tidak,1,1
ACC-0492,USR-479,Operations Dept,External Guest,13,7,5,254.7,0,0.2,Tidak,2,4
ACC-0493,USR-757,Operations Dept,External Guest,7,2,1,21.2,0,0.02,Tidak,1,1
ACC-0494,USR-336,Surabaya Branch,External Guest,22,5,1,142.7,1,0.23,Tidak,4,2
ACC-0495,USR-575,Jakarta Branch,Audit Staff,13,3,8,86.6,0,0.01,Tidak,1,4
ACC-0496,USR-697,Operations Dept,Audit Manager,10,2,0,197.1,0,0.12,Tidak,2,1
ACC-0497,USR-778,Surabaya Branch,Audit Manager,23,1,2,35.8,0,0.0,Tidak,2,1
ACC-0498,USR-228,Operations Dept,External Guest,15,5,2,294.1,1,0.02,Ya (Anomali),4,1
ACC-0499,USR-609,IT Dept,Audit Manager,19,5,6,396.2,0,0.67,Ya (Anomali),3,5
ACC-0500,USR-264,Finance Dept,Audit Manager,5,3,0,44.6,0,0.14,Tidak,1,2
ACC-0501,USR-376,Surabaya Branch,External Guest,14,3,8,27.5,0,0.15,Tidak,1,5
ACC-0502,USR-356,Surabaya Branch,System Admin,14,4,2,39.3,1,0.84,Ya (Anomali),3,5
ACC-0503,USR-231,Medan Branch,System Admin,13,7,4,524.2,0,0.04,Tidak,4,2
ACC-0504,USR-669,Operations Dept,External Guest,20,1,4,187.8,0,0.12,Tidak,1,3
ACC-0505,USR-356,Surabaya Branch,Audit Staff,11,1,8,157.4,1,0.02,Ya (Anomali),4,4
ACC-0506,USR-240,Bandung Branch,Audit Manager,1,6,9,28.2,0,0.18,Tidak,1,5
ACC-0507,USR-785,IT Dept,Audit Manager,7,2,0,262.1,0,0.31,Tidak,3,3
ACC-0508,USR-786,Medan Branch,System Admin,18,2,3,506.2,0,0.01,Tidak,3,2
ACC-0509,USR-308,Medan Branch,External Guest,13,4,5,440.3,0,0.13,Tidak,2,4
ACC-0510,USR-815,Finance Dept,Audit Staff,4,6,2,245.9,0,0.0,Tidak,1,1
ACC-0511,USR-618,IT Dept,External Guest,23,1,2,19.6,1,0.22,Tidak,3,3
ACC-0512,USR-150,Bandung Branch,System Admin,8,7,2,29.8,0,0.58,Tidak,1,4
ACC-0513,USR-602,IT Dept,System Admin,12,7,0,12.6,0,0.07,Tidak,2,1
ACC-0514,USR-358,Surabaya Branch,Audit Manager,8,7,3,74.4,1,0.12,Tidak,3,3
ACC-0515,USR-277,Finance Dept,Senior Auditor,13,7,5,36.4,0,0.59,Tidak,2,5
ACC-0516,USR-642,Bandung Branch,Audit Staff,4,2,1,75.3,0,0.51,Tidak,1,4
ACC-0517,USR-455,Finance Dept,Audit Staff,1,1,6,121.6,0,0.08,Tidak,2,3
ACC-0518,USR-417,IT Dept,Senior Auditor,6,7,0,716.1,0,0.27,Tidak,3,2
ACC-0519,USR-765,Jakarta Branch,System Admin,15,1,3,235.6,0,0.03,Tidak,1,3
ACC-0520,USR-463,IT Dept,External Guest,10,6,5,450.4,0,0.14,Tidak,3,3
ACC-0521,USR-154,Surabaya Branch,Audit Staff,10,2,2,309.8,0,0.26,Tidak,2,3
ACC-0522,USR-255,Finance Dept,Senior Auditor,22,3,1,29.8,0,0.19,Tidak,1,2
ACC-0523,USR-143,Jakarta Branch,Audit Manager,11,3,0,332.9,0,0.38,Tidak,2,2
ACC-0524,USR-692,Surabaya Branch,Audit Manager,12,6,6,80.4,1,0.03,Ya (Anomali),3,3
ACC-0525,USR-777,Finance Dept,System Admin,7,2,1,254.8,0,0.8,Tidak,2,4
ACC-0526,USR-641,Finance Dept,Audit Staff,23,4,1,104.2,0,0.31,Tidak,2,2
ACC-0527,USR-421,IT Dept,External Guest,15,5,3,1515.7,0,0.03,Tidak,5,2
ACC-0528,USR-747,Operations Dept,Audit Staff,20,6,0,76.5,0,0.15,Tidak,1,1
ACC-0529,USR-113,Finance Dept,Audit Manager,0,1,1,81.8,0,0.36,Tidak,1,2
ACC-0530,USR-456,Finance Dept,Audit Staff,12,6,0,667.2,0,0.63,Ya (Anomali),3,3
ACC-0531,USR-582,Medan Branch,Audit Manager,10,5,2,6.2,0,0.14,Tidak,1,2
ACC-0532,USR-717,Operations Dept,Senior Auditor,3,6,3,298.2,1,0.22,Tidak,5,3
ACC-0533,USR-458,Finance Dept,Senior Auditor,3,2,1,323.0,0,0.29,Tidak,3,2
ACC-0534,USR-417,IT Dept,Audit Manager,14,1,3,452.5,0,0.06,Tidak,2,2
ACC-0535,USR-174,Medan Branch,External Guest,2,5,2,916.7,0,0.1,Tidak,5,2
ACC-0536,USR-690,Medan Branch,External Guest,23,7,10,928.3,0,0.05,Tidak,4,5
ACC-0537,USR-293,Jakarta Branch,Audit Staff,18,3,2,16.9,0,0.1,Tidak,2,3
ACC-0538,USR-462,Surabaya Branch,Audit Manager,20,4,2,431.3,0,0.0,Tidak,2,2
ACC-0539,USR-195,Medan Branch,System Admin,1,6,1,259.8,0,0.09,Tidak,2,1
ACC-0540,USR-139,Bandung Branch,External Guest,5,6,7,260.6,0,0.32,Tidak,2,5
ACC-0541,USR-867,Medan Branch,External Guest,21,5,0,34.3,0,0.2,Tidak,1,2
ACC-0542,USR-496,Bandung Branch,Senior Auditor,23,4,1,262.6,0,0.23,Tidak,2,2
ACC-0543,USR-206,Operations Dept,External Guest,7,6,0,1011.1,0,0.51,Tidak,5,4
ACC-0544,USR-116,Jakarta Branch,External Guest,16,3,1,607.1,1,0.04,Ya (Anomali),5,2
ACC-0545,USR-626,Bandung Branch,External Guest,4,5,0,144.6,0,0.02,Tidak,1,1
ACC-0546,USR-883,Jakarta Branch,Audit Manager,1,2,0,10.2,0,0.56,Tidak,1,3
ACC-0547,USR-598,Jakarta Branch,Audit Manager,11,1,0,112.5,0,0.26,Tidak,1,3
ACC-0548,USR-624,Jakarta Branch,Senior Auditor,4,3,2,437.7,0,0.01,Tidak,2,2
ACC-0549,USR-858,Bandung Branch,Audit Staff,9,4,1,302.2,0,0.07,Tidak,2,1
ACC-0550,USR-825,Bandung Branch,External Guest,8,4,0,153.7,0,0.5,Tidak,1,2
ACC-0551,USR-762,Jakarta Branch,Audit Staff,19,3,0,14.2,0,0.03,Tidak,2,1
ACC-0552,USR-903,Operations Dept,Audit Manager,7,7,4,139.2,1,0.23,Ya (Anomali),4,3
ACC-0553,USR-142,Jakarta Branch,External Guest,0,2,0,158.3,0,0.01,Tidak,1,2
ACC-0554,USR-725,Operations Dept,Audit Staff,23,6,2,659.7,0,0.24,Tidak,3,3
ACC-0555,USR-941,Surabaya Branch,Audit Staff,5,2,4,256.2,0,0.36,Tidak,2,4
ACC-0556,USR-692,Operations Dept,System Admin,23,6,0,93.4,0,0.14,Tidak,2,2
ACC-0557,USR-449,Operations Dept,Audit Manager,21,6,0,186.3,0,0.0,Tidak,1,1
ACC-0558,USR-752,Operations Dept,Senior Auditor,10,4,1,17.1,0,0.0,Tidak,1,1
ACC-0559,USR-129,Jakarta Branch,Senior Auditor,2,6,1,899.0,0,0.86,Ya (Anomali),4,4
ACC-0560,USR-540,Finance Dept,System Admin,14,3,0,111.6,0,0.63,Tidak,1,3
ACC-0561,USR-641,Surabaya Branch,Audit Staff,10,7,1,162.5,0,0.0,Tidak,1,1
ACC-0562,USR-554,Surabaya Branch,System Admin,23,6,3,109.7,1,0.07,Tidak,3,2
ACC-0563,USR-877,Surabaya Branch,System Admin,4,3,0,286.8,0,0.47,Tidak,2,3
ACC-0564,USR-710,Finance Dept,Audit Manager,15,1,4,271.3,0,0.06,Tidak,2,3
ACC-0565,USR-193,Surabaya Branch,External Guest,20,4,3,314.1,0,0.17,Tidak,2,2
ACC-0566,USR-822,Surabaya Branch,Audit Staff,6,2,1,78.0,0,0.16,Tidak,1,2
ACC-0567,USR-394,Bandung Branch,Senior Auditor,5,5,0,94.8,0,0.51,Tidak,1,3
ACC-0568,USR-648,IT Dept,Senior Auditor,8,2,0,33.5,0,0.0,Tidak,2,1
ACC-0569,USR-998,Bandung Branch,System Admin,6,2,3,266.4,0,0.33,Tidak,2,3
ACC-0570,USR-188,Jakarta Branch,System Admin,2,7,1,10.2,0,0.44,Tidak,1,3
ACC-0571,USR-602,Jakarta Branch,System Admin,10,5,1,227.6,0,0.37,Tidak,1,2
ACC-0572,USR-866,Operations Dept,Audit Staff,11,7,6,509.5,0,0.01,Tidak,3,3
ACC-0573,USR-313,Medan Branch,System Admin,20,4,3,553.7,0,0.41,Tidak,3,3
ACC-0574,USR-521,IT Dept,System Admin,10,6,0,149.0,0,0.0,Tidak,1,1
ACC-0575,USR-625,Finance Dept,External Guest,1,1,2,153.7,0,0.15,Tidak,1,3
ACC-0576,USR-291,Bandung Branch,Audit Staff,0,2,2,20.0,0,0.58,Tidak,1,4
ACC-0577,USR-906,Jakarta Branch,Audit Manager,23,7,1,277.7,0,0.31,Tidak,2,2
ACC-0578,USR-793,Finance Dept,Audit Manager,23,6,1,430.5,0,0.22,Tidak,2,2
ACC-0579,USR-741,Surabaya Branch,External Guest,1,2,10,70.1,0,0.33,Tidak,1,5
ACC-0580,USR-323,Finance Dept,Senior Auditor,13,4,0,136.7,0,0.11,Tidak,1,1
ACC-0581,USR-654,Bandung Branch,Audit Manager,12,4,0,456.3,0,0.0,Tidak,2,1
ACC-0582,USR-792,IT Dept,Audit Staff,23,3,3,524.1,0,0.22,Tidak,3,3
ACC-0583,USR-486,Medan Branch,Senior Auditor,4,4,0,69.7,1,0.27,Ya (Anomali),3,2
ACC-0584,USR-780,Operations Dept,System Admin,1,4,3,199.9,0,0.04,Tidak,1,2
ACC-0585,USR-875,Bandung Branch,Audit Staff,22,2,11,53.5,0,0.63,Ya (Anomali),1,5
ACC-0586,USR-573,Operations Dept,Senior Auditor,22,1,3,26.9,0,0.25,Tidak,2,3
ACC-0587,USR-707,IT Dept,Audit Manager,18,7,0,605.1,0,0.25,Tidak,4,1
ACC-0588,USR-302,Jakarta Branch,System Admin,16,2,0,429.4,1,0.2,Ya (Anomali),4,1
ACC-0589,USR-546,Operations Dept,System Admin,10,7,0,356.8,1,0.4,Ya (Anomali),4,2
ACC-0590,USR-932,Jakarta Branch,Audit Staff,15,6,11,12.5,0,0.03,Tidak,1,5
ACC-0591,USR-946,Finance Dept,System Admin,19,7,1,464.0,0,0.0,Tidak,2,1
ACC-0592,USR-167,Bandung Branch,Senior Auditor,17,4,0,144.1,0,0.28,Tidak,2,2
ACC-0593,USR-191,Jakarta Branch,External Guest,19,3,3,104.8,0,0.13,Tidak,2,3
ACC-0594,USR-877,Surabaya Branch,Audit Manager,7,1,1,197.7,0,0.0,Tidak,2,1
ACC-0595,USR-942,Surabaya Branch,Audit Staff,1,3,3,23.9,0,0.29,Tidak,1,3
ACC-0596,USR-277,Medan Branch,External Guest,16,5,8,353.3,1,0.55,Ya (Anomali),4,5
ACC-0597,USR-762,Finance Dept,External Guest,10,3,6,218.3,0,0.19,Tidak,2,4
ACC-0598,USR-928,Jakarta Branch,Audit Staff,13,3,4,51.6,0,0.47,Tidak,1,4
ACC-0599,USR-658,Medan Branch,Senior Auditor,15,6,5,52.1,0,0.01,Tidak,2,4
ACC-0600,USR-102,Surabaya Branch,Audit Manager,14,4,2,50.9,0,0.6,Tidak,1,4
ACC-0601,USR-202,Medan Branch,Audit Staff,14,6,3,14.7,0,0.12,Tidak,1,2
ACC-0602,USR-372,Medan Branch,External Guest,2,4,0,221.6,0,0.11,Tidak,1,2
ACC-0603,USR-633,Jakarta Branch,External Guest,6,6,3,458.7,0,0.11,Tidak,2,3
ACC-0604,USR-215,Jakarta Branch,Audit Staff,11,4,16,4.4,0,0.06,Tidak,1,5
ACC-0605,USR-958,Jakarta Branch,External Guest,21,7,0,12.6,1,0.05,Ya (Anomali),3,2
ACC-0606,USR-563,Finance Dept,Audit Staff,21,4,5,212.6,0,0.04,Tidak,1,4
ACC-0607,USR-203,Operations Dept,Audit Staff,22,4,3,428.0,0,0.13,Tidak,2,2
ACC-0608,USR-358,Medan Branch,Audit Manager,23,3,0,98.9,0,0.19,Tidak,1,1
ACC-0609,USR-407,Medan Branch,Audit Staff,2,5,0,107.5,0,0.45,Tidak,1,2
ACC-0610,USR-466,Finance Dept,External Guest,18,4,0,226.8,0,0.02,Tidak,2,2
ACC-0611,USR-909,Surabaya Branch,System Admin,9,5,4,80.1,0,0.04,Tidak,1,3
ACC-0612,USR-741,Bandung Branch,Audit Manager,7,5,0,6.7,0,0.44,Tidak,1,2
ACC-0613,USR-906,Operations Dept,External Guest,15,2,2,332.2,0,0.33,Tidak,3,3
ACC-0614,USR-401,Surabaya Branch,External Guest,15,2,0,245.6,0,0.59,Tidak,2,4
ACC-0615,USR-659,Finance Dept,Audit Manager,11,1,0,217.3,0,0.05,Tidak,1,2
ACC-0616,USR-126,Operations Dept,Audit Manager,22,7,5,338.4,0,0.0,Tidak,3,2
ACC-0617,USR-607,Operations Dept,External Guest,4,6,4,281.2,1,0.33,Ya (Anomali),4,4
ACC-0618,USR-626,Medan Branch,System Admin,19,2,4,57.6,0,0.82,Ya (Anomali),1,5
ACC-0619,USR-874,Medan Branch,Senior Auditor,5,4,4,108.7,0,0.1,Tidak,1,2
ACC-0620,USR-464,Jakarta Branch,External Guest,5,5,0,33.7,0,0.21,Tidak,1,1
ACC-0621,USR-397,Jakarta Branch,Audit Manager,7,6,3,34.8,0,0.04,Tidak,2,2
ACC-0622,USR-876,Medan Branch,Audit Staff,16,1,0,281.9,0,0.19,Tidak,3,1
ACC-0623,USR-460,Medan Branch,Audit Staff,11,2,1,489.0,0,0.0,Tidak,3,2
ACC-0624,USR-745,IT Dept,Audit Manager,21,3,0,822.4,0,0.21,Tidak,5,2
ACC-0625,USR-603,Operations Dept,Audit Manager,13,7,1,247.4,0,0.53,Tidak,1,4
ACC-0626,USR-687,Jakarta Branch,Senior Auditor,1,6,0,50.9,0,0.73,Tidak,1,3
ACC-0627,USR-129,Jakarta Branch,Audit Manager,18,1,1,27.9,0,0.84,Tidak,2,4
ACC-0628,USR-538,Surabaya Branch,Audit Staff,5,4,0,419.0,1,0.84,Ya (Anomali),5,4
ACC-0629,USR-439,Medan Branch,System Admin,17,6,1,216.1,0,0.01,Tidak,2,1
ACC-0630,USR-225,Operations Dept,Audit Manager,3,5,5,240.8,0,0.11,Tidak,2,3
ACC-0631,USR-695,Medan Branch,Senior Auditor,21,4,4,380.2,0,0.78,Ya (Anomali),2,5
ACC-0632,USR-665,Finance Dept,System Admin,4,4,1,303.7,0,0.55,Tidak,3,3
ACC-0633,USR-465,Surabaya Branch,Senior Auditor,5,6,8,449.6,0,0.24,Tidak,3,5
ACC-0634,USR-894,Bandung Branch,System Admin,14,3,6,14.5,0,0.29,Tidak,2,4
ACC-0635,USR-951,Bandung Branch,Audit Manager,5,3,5,344.1,1,0.02,Ya (Anomali),4,4
ACC-0636,USR-542,Bandung Branch,Audit Staff,7,6,4,475.7,0,0.08,Tidak,2,2
ACC-0637,USR-362,Operations Dept,System Admin,8,6,3,84.3,0,0.02,Tidak,1,3
ACC-0638,USR-971,IT Dept,External Guest,20,6,2,255.7,0,0.0,Tidak,2,1
ACC-0639,USR-321,Jakarta Branch,Senior Auditor,21,7,0,94.3,0,0.77,Tidak,1,4
ACC-0640,USR-939,Operations Dept,System Admin,5,7,0,792.3,0,0.02,Tidak,4,1
ACC-0641,USR-101,Bandung Branch,Senior Auditor,21,5,1,8.5,0,0.35,Tidak,1,3
ACC-0642,USR-493,Finance Dept,Audit Staff,1,2,1,216.8,0,0.22,Tidak,1,2
ACC-0643,USR-405,Operations Dept,Senior Auditor,15,4,0,45.5,0,0.29,Tidak,1,2
ACC-0644,USR-245,Operations Dept,Senior Auditor,19,6,2,311.4,0,0.11,Tidak,2,3
ACC-0645,USR-629,Jakarta Branch,External Guest,0,7,0,48.4,0,0.24,Tidak,1,1
ACC-0646,USR-627,Jakarta Branch,Senior Auditor,15,2,8,67.1,0,0.49,Tidak,1,5
ACC-0647,USR-407,Bandung Branch,System Admin,0,5,2,170.5,0,0.02,Tidak,1,1
ACC-0648,USR-770,Jakarta Branch,Senior Auditor,0,4,0,615.8,0,0.55,Tidak,3,3
ACC-0649,USR-439,Surabaya Branch,Audit Manager,6,2,3,59.5,0,0.35,Tidak,1,3
ACC-0650,USR-451,Surabaya Branch,Senior Auditor,15,4,3,38.9,1,0.4,Ya (Anomali),3,3
ACC-0651,USR-909,Bandung Branch,Audit Manager,16,3,5,355.7,1,0.0,Ya (Anomali),5,2
ACC-0652,USR-308,Operations Dept,Senior Auditor,15,6,0,173.6,0,0.48,Tidak,1,2
ACC-0653,USR-304,Finance Dept,Senior Auditor,15,3,2,607.0,0,0.02,Tidak,3,2
ACC-0654,USR-724,Jakarta Branch,System Admin,5,1,8,39.6,0,0.0,Tidak,2,4
ACC-0655,USR-789,Medan Branch,Audit Manager,17,5,0,259.6,0,0.17,Tidak,2,1
ACC-0656,USR-820,Operations Dept,Audit Manager,21,6,4,66.3,0,0.03,Tidak,2,2
ACC-0657,USR-735,Bandung Branch,External Guest,21,2,3,42.6,0,0.05,Tidak,2,2
ACC-0658,USR-114,IT Dept,Senior Auditor,2,4,2,287.6,1,0.05,Tidak,4,1
ACC-0659,USR-957,Jakarta Branch,Senior Auditor,7,7,0,225.2,0,0.1,Tidak,1,1
ACC-0660,USR-527,Bandung Branch,System Admin,3,1,1,351.4,0,0.36,Tidak,2,2
ACC-0661,USR-575,Bandung Branch,External Guest,22,5,7,92.6,0,0.66,Ya (Anomali),1,5
ACC-0662,USR-397,Finance Dept,External Guest,3,5,1,148.5,0,0.06,Tidak,1,1
ACC-0663,USR-656,Medan Branch,System Admin,16,5,0,130.0,0,0.66,Tidak,1,3
ACC-0664,USR-193,Jakarta Branch,Audit Manager,21,2,0,1035.2,0,0.31,Tidak,5,2
ACC-0665,USR-206,Bandung Branch,Audit Staff,4,6,10,86.4,0,0.1,Tidak,1,5
ACC-0666,USR-518,Bandung Branch,System Admin,13,3,0,87.3,0,0.84,Tidak,1,5
ACC-0667,USR-377,Operations Dept,Audit Manager,14,1,0,109.5,0,0.0,Tidak,1,1
ACC-0668,USR-227,Jakarta Branch,External Guest,11,2,6,207.9,0,0.31,Tidak,1,4
ACC-0669,USR-558,Bandung Branch,System Admin,12,4,11,72.7,0,0.8,Ya (Anomali),1,5
ACC-0670,USR-137,Bandung Branch,Audit Staff,23,2,0,617.1,0,0.36,Tidak,3,2
ACC-0671,USR-708,Bandung Branch,Senior Auditor,22,4,6,77.2,0,0.2,Tidak,1,4
ACC-0672,USR-297,Surabaya Branch,System Admin,17,4,0,565.4,0,0.23,Tidak,4,1
ACC-0673,USR-803,Surabaya Branch,Audit Staff,13,5,1,27.3,0,0.02,Tidak,1,1
ACC-0674,USR-456,Medan Branch,Audit Staff,23,2,0,267.2,0,0.08,Tidak,2,1
ACC-0675,USR-106,Finance Dept,System Admin,18,3,8,593.8,0,0.0,Tidak,3,4
ACC-0676,USR-655,Operations Dept,Audit Manager,21,4,1,46.2,0,0.21,Tidak,1,2
ACC-0677,USR-431,Operations Dept,System Admin,6,7,2,863.1,1,0.82,Ya (Anomali),5,5
ACC-0678,USR-618,Jakarta Branch,External Guest,5,5,1,150.8,0,0.05,Tidak,2,1
ACC-0679,USR-293,Finance Dept,Audit Staff,4,3,1,728.4,0,0.32,Tidak,4,3
ACC-0680,USR-415,Finance Dept,Audit Staff,3,2,0,282.4,0,0.17,Tidak,2,1
ACC-0681,USR-100,Operations Dept,Senior Auditor,17,3,7,89.7,0,0.07,Tidak,1,5
ACC-0682,USR-161,Surabaya Branch,Audit Staff,13,2,3,52.2,0,0.0,Tidak,1,2
ACC-0683,USR-442,Medan Branch,Senior Auditor,15,4,3,90.5,0,0.24,Tidak,1,4
ACC-0684,USR-700,Finance Dept,Audit Staff,22,1,0,24.4,0,0.16,Tidak,1,1
ACC-0685,USR-117,Operations Dept,Audit Staff,22,1,2,38.8,0,0.6,Tidak,1,4
ACC-0686,USR-719,Finance Dept,System Admin,19,6,10,27.6,1,0.01,Ya (Anomali),3,5
ACC-0687,USR-746,Bandung Branch,System Admin,13,6,0,137.5,0,0.76,Ya (Anomali),1,5
ACC-0688,USR-470,Jakarta Branch,External Guest,4,4,0,396.9,0,0.31,Tidak,3,2
ACC-0689,USR-921,Medan Branch,Audit Manager,21,3,0,38.1,0,0.48,Tidak,2,2
ACC-0690,USR-678,Operations Dept,External Guest,10,2,1,34.9,0,0.3,Tidak,1,2
ACC-0691,USR-704,Jakarta Branch,Audit Staff,11,1,4,257.8,0,0.75,Tidak,2,5
ACC-0692,USR-749,Surabaya Branch,External Guest,17,2,5,54.9,0,0.39,Tidak,2,4
ACC-0693,USR-800,Finance Dept,System Admin,3,4,0,25.7,0,0.12,Tidak,1,1
ACC-0694,USR-670,Finance Dept,Audit Staff,12,3,3,45.6,0,0.43,Tidak,2,4
ACC-0695,USR-798,IT Dept,Audit Staff,19,7,5,643.4,0,0.13,Ya (Anomali),3,4
ACC-0696,USR-334,Jakarta Branch,External Guest,12,2,1,430.8,0,0.4,Tidak,2,2
ACC-0697,USR-168,Surabaya Branch,Senior Auditor,3,3,2,109.3,0,0.02,Tidak,1,1
ACC-0698,USR-546,Operations Dept,Audit Manager,22,7,1,266.6,0,0.42,Tidak,3,4
ACC-0699,USR-709,IT Dept,External Guest,22,1,2,192.7,0,0.55,Tidak,1,3
ACC-0700,USR-107,IT Dept,External Guest,6,2,4,282.6,1,0.56,Ya (Anomali),4,5
ACC-0701,USR-561,Bandung Branch,Audit Manager,22,5,4,287.0,0,0.87,Tidak,2,5
ACC-0702,USR-410,IT Dept,Audit Staff,1,1,4,247.7,0,0.01,Tidak,2,2
ACC-0703,USR-233,IT Dept,Audit Staff,20,3,5,77.3,0,0.89,Ya (Anomali),2,5
ACC-0704,USR-484,Bandung Branch,Senior Auditor,17,4,2,9.9,0,0.03,Tidak,2,1
ACC-0705,USR-155,Finance Dept,External Guest,20,5,0,152.0,0,0.01,Tidak,2,2
ACC-0706,USR-459,Finance Dept,Audit Manager,5,6,4,554.0,0,0.51,Tidak,3,4
ACC-0707,USR-213,Medan Branch,External Guest,15,2,1,210.7,0,0.1,Tidak,1,1
ACC-0708,USR-187,IT Dept,System Admin,2,6,2,446.5,0,0.0,Tidak,2,1
ACC-0709,USR-237,Jakarta Branch,External Guest,21,1,4,1195.6,0,0.38,Tidak,5,4
ACC-0710,USR-207,Finance Dept,External Guest,14,2,0,44.7,0,0.95,Tidak,2,4
ACC-0711,USR-599,Surabaya Branch,System Admin,20,2,7,294.2,0,0.24,Tidak,3,4
ACC-0712,USR-634,Operations Dept,System Admin,19,5,0,280.4,0,0.06,Tidak,2,1
ACC-0713,USR-243,Jakarta Branch,Audit Manager,9,5,1,977.4,0,0.0,Tidak,4,2
ACC-0714,USR-968,Medan Branch,Audit Staff,8,5,1,1060.1,0,0.22,Tidak,5,3
ACC-0715,USR-755,IT Dept,Senior Auditor,10,5,1,290.1,0,0.2,Tidak,2,2
ACC-0716,USR-155,Bandung Branch,System Admin,13,4,4,69.8,0,0.03,Tidak,1,2
ACC-0717,USR-719,Medan Branch,Audit Staff,23,3,3,400.6,0,0.67,Tidak,2,4
ACC-0718,USR-962,Jakarta Branch,Audit Manager,11,5,0,28.3,0,0.28,Tidak,1,2
ACC-0719,USR-105,Bandung Branch,External Guest,6,1,1,379.3,0,0.02,Tidak,2,2
ACC-0720,USR-641,Surabaya Branch,Audit Manager,10,2,0,602.5,0,0.06,Tidak,3,1
ACC-0721,USR-546,Bandung Branch,Audit Manager,16,6,8,120.7,0,0.12,Tidak,1,4
ACC-0722,USR-484,Bandung Branch,System Admin,8,5,1,249.0,0,0.21,Tidak,2,2
ACC-0723,USR-406,Surabaya Branch,Senior Auditor,21,1,0,140.6,0,0.3,Tidak,1,2
ACC-0724,USR-973,Finance Dept,System Admin,22,4,0,144.0,0,0.24,Tidak,1,1
ACC-0725,USR-956,Finance Dept,External Guest,12,1,2,92.9,1,0.08,Ya (Anomali),4,2
ACC-0726,USR-738,Bandung Branch,System Admin,15,6,1,359.0,0,0.13,Tidak,2,1
ACC-0727,USR-401,Operations Dept,External Guest,2,6,0,687.9,0,0.05,Tidak,3,2
ACC-0728,USR-732,Bandung Branch,System Admin,4,1,2,706.5,1,0.16,Ya (Anomali),5,3
ACC-0729,USR-504,Medan Branch,Senior Auditor,22,4,9,48.0,0,0.46,Tidak,1,5
ACC-0730,USR-710,Operations Dept,Audit Staff,16,6,2,519.3,0,0.19,Tidak,4,3
ACC-0731,USR-777,Finance Dept,Senior Auditor,0,4,0,334.3,0,0.35,Tidak,2,2
ACC-0732,USR-936,Surabaya Branch,System Admin,20,2,2,72.9,0,0.0,Tidak,1,2
ACC-0733,USR-930,IT Dept,Audit Manager,8,5,1,17.4,0,0.01,Tidak,1,1
ACC-0734,USR-852,IT Dept,Audit Staff,22,6,6,78.0,0,0.04,Tidak,1,3
ACC-0735,USR-661,Bandung Branch,Audit Manager,16,1,0,608.2,0,0.36,Tidak,4,3
ACC-0736,USR-879,Bandung Branch,Senior Auditor,12,3,4,250.7,0,0.08,Tidak,2,2
ACC-0737,USR-936,IT Dept,Audit Staff,14,3,0,319.2,0,0.01,Tidak,3,2
ACC-0738,USR-609,Medan Branch,System Admin,20,7,3,74.3,0,0.27,Tidak,2,3
ACC-0739,USR-172,Medan Branch,Audit Manager,7,2,2,317.7,0,0.0,Tidak,2,2
ACC-0740,USR-911,Medan Branch,System Admin,7,3,0,7.1,0,0.51,Tidak,2,3
ACC-0741,USR-663,Jakarta Branch,External Guest,1,2,0,117.6,0,0.03,Tidak,1,1
ACC-0742,USR-364,Surabaya Branch,Audit Staff,22,5,0,246.4,0,0.12,Tidak,1,1
ACC-0743,USR-326,Jakarta Branch,Audit Manager,9,7,2,39.5,0,0.65,Tidak,2,5
ACC-0744,USR-292,Bandung Branch,Senior Auditor,4,2,10,432.9,0,0.43,Tidak,2,5
ACC-0745,USR-473,Medan Branch,Senior Auditor,15,4,2,67.0,0,0.23,Tidak,1,2
ACC-0746,USR-850,Medan Branch,Senior Auditor,18,4,0,264.1,0,0.34,Tidak,2,2
ACC-0747,USR-109,IT Dept,Senior Auditor,0,7,7,129.9,0,0.08,Tidak,1,4
ACC-0748,USR-401,IT Dept,Audit Manager,12,4,1,226.6,1,0.0,Ya (Anomali),3,1
ACC-0749,USR-458,Operations Dept,External Guest,3,6,2,28.4,0,0.18,Tidak,1,2
ACC-0750,USR-839,Medan Branch,Senior Auditor,6,4,1,4.3,0,0.25,Tidak,1,3
ACC-0751,USR-904,Finance Dept,Senior Auditor,0,4,1,600.8,0,0.3,Tidak,3,2
ACC-0752,USR-151,IT Dept,Senior Auditor,1,4,3,78.6,0,0.47,Tidak,1,4
ACC-0753,USR-851,Surabaya Branch,External Guest,15,4,0,428.3,0,0.43,Tidak,2,2
ACC-0754,USR-198,Jakarta Branch,Audit Staff,13,6,1,1834.8,0,0.31,Tidak,5,2
ACC-0755,USR-692,Surabaya Branch,Senior Auditor,4,4,3,59.4,0,0.14,Tidak,2,2
ACC-0756,USR-112,IT Dept,Senior Auditor,13,4,1,77.0,1,0.01,Ya (Anomali),3,2
ACC-0757,USR-489,Medan Branch,Senior Auditor,16,5,0,271.8,0,0.42,Tidak,2,2
ACC-0758,USR-456,Bandung Branch,Audit Staff,11,6,6,841.3,0,0.2,Tidak,4,4
ACC-0759,USR-739,Finance Dept,Senior Auditor,19,4,7,618.7,0,0.11,Ya (Anomali),3,4
ACC-0760,USR-915,IT Dept,Audit Staff,11,2,6,174.7,1,0.08,Ya (Anomali),3,3
ACC-0761,USR-110,Surabaya Branch,Audit Staff,2,7,1,396.3,0,0.02,Tidak,3,1
ACC-0762,USR-180,Bandung Branch,System Admin,20,5,0,36.5,0,0.01,Tidak,2,1
ACC-0763,USR-360,IT Dept,System Admin,20,6,3,947.9,0,0.02,Tidak,5,3
ACC-0764,USR-105,Medan Branch,Senior Auditor,1,3,0,833.5,0,0.15,Tidak,5,1
ACC-0765,USR-557,Operations Dept,Audit Manager,20,1,3,44.7,0,0.23,Tidak,1,3
ACC-0766,USR-472,Medan Branch,System Admin,20,6,1,89.0,0,0.34,Tidak,1,2
ACC-0767,USR-580,Medan Branch,System Admin,14,7,0,26.4,0,0.07,Tidak,2,1
ACC-0768,USR-321,Medan Branch,Audit Manager,10,5,0,79.3,0,0.51,Tidak,1,4
ACC-0769,USR-909,IT Dept,External Guest,9,4,10,423.1,0,0.25,Tidak,3,5
ACC-0770,USR-180,Operations Dept,Senior Auditor,17,5,1,118.8,0,0.15,Tidak,2,2
ACC-0771,USR-614,Finance Dept,External Guest,22,1,1,23.1,0,0.0,Tidak,2,1
ACC-0772,USR-159,Finance Dept,External Guest,21,1,0,104.7,0,0.03,Tidak,1,1
ACC-0773,USR-320,Surabaya Branch,Audit Staff,22,6,0,995.9,0,0.71,Tidak,5,3
ACC-0774,USR-448,IT Dept,Audit Staff,23,4,3,248.3,0,0.34,Tidak,1,3
ACC-0775,USR-660,Operations Dept,Senior Auditor,20,4,2,134.5,0,0.33,Tidak,1,3
ACC-0776,USR-327,Operations Dept,Audit Manager,1,2,2,45.5,0,0.07,Tidak,1,2
ACC-0777,USR-389,Medan Branch,Audit Staff,6,1,6,1070.4,0,0.01,Ya (Anomali),5,3
ACC-0778,USR-392,Finance Dept,System Admin,6,4,0,429.9,0,0.05,Tidak,3,1
ACC-0779,USR-909,IT Dept,Senior Auditor,23,1,4,82.6,0,0.15,Tidak,1,3
ACC-0780,USR-292,Bandung Branch,External Guest,6,2,4,18.2,0,0.12,Tidak,1,3
ACC-0781,USR-573,Finance Dept,Senior Auditor,22,3,7,14.6,0,0.45,Tidak,1,5
ACC-0782,USR-356,Finance Dept,Audit Staff,13,1,0,32.1,0,0.0,Tidak,2,1
ACC-0783,USR-605,Operations Dept,Audit Manager,23,2,1,217.3,0,0.13,Tidak,1,2
ACC-0784,USR-487,Surabaya Branch,External Guest,1,2,1,660.4,0,0.39,Tidak,3,2
ACC-0785,USR-714,Finance Dept,Audit Manager,1,7,1,171.7,0,0.13,Tidak,1,1
ACC-0786,USR-497,Bandung Branch,Senior Auditor,22,2,1,462.8,0,0.05,Tidak,2,1
ACC-0787,USR-465,Medan Branch,Audit Manager,14,5,0,147.6,0,0.55,Tidak,1,3
ACC-0788,USR-757,Jakarta Branch,Audit Manager,10,6,2,308.3,1,0.08,Tidak,4,2
ACC-0789,USR-389,Surabaya Branch,Senior Auditor,9,4,4,329.1,0,0.03,Tidak,3,2
ACC-0790,USR-868,Bandung Branch,External Guest,2,1,3,47.8,0,0.06,Tidak,2,2
ACC-0791,USR-408,Surabaya Branch,Audit Manager,16,6,9,112.0,0,0.0,Tidak,1,4
ACC-0792,USR-377,IT Dept,Audit Manager,8,5,2,253.5,0,0.07,Tidak,3,3
ACC-0793,USR-563,Medan Branch,Senior Auditor,14,1,0,18.3,1,0.13,Ya (Anomali),3,1
ACC-0794,USR-288,Finance Dept,System Admin,13,6,2,112.2,0,0.26,Tidak,1,2
ACC-0795,USR-277,IT Dept,Audit Manager,18,5,0,191.3,0,0.06,Tidak,1,1
ACC-0796,USR-627,Finance Dept,Audit Staff,16,4,3,1394.8,0,0.06,Tidak,5,3
ACC-0797,USR-474,Operations Dept,External Guest,21,2,3,160.9,0,0.33,Tidak,2,3
ACC-0798,USR-697,Bandung Branch,Audit Manager,19,6,0,423.3,0,0.25,Tidak,2,1
ACC-0799,USR-859,Medan Branch,Senior Auditor,16,6,2,141.4,0,0.31,Tidak,1,4
ACC-0800,USR-553,Jakarta Branch,Audit Staff,15,1,4,397.9,0,0.02,Tidak,3,3
ACC-0801,USR-316,Jakarta Branch,Senior Auditor,19,2,2,226.2,0,0.01,Tidak,1,1
ACC-0802,USR-141,Finance Dept,Audit Manager,7,7,0,544.2,0,0.02,Tidak,4,1
ACC-0803,USR-293,IT Dept,Audit Staff,6,4,2,132.3,0,0.38,Tidak,2,4
ACC-0804,USR-426,Operations Dept,External Guest,11,1,4,231.8,0,0.27,Tidak,1,4
ACC-0805,USR-472,Medan Branch,External Guest,0,3,10,248.6,0,0.77,Ya (Anomali),2,5
ACC-0806,USR-564,Medan Branch,External Guest,11,3,0,135.1,0,0.26,Tidak,1,2
ACC-0807,USR-262,Bandung Branch,System Admin,5,3,14,39.0,0,0.51,Tidak,1,5
ACC-0808,USR-375,IT Dept,Senior Auditor,15,4,3,24.6,0,0.08,Tidak,1,2
ACC-0809,USR-463,Jakarta Branch,Audit Manager,17,3,0,4.2,0,0.89,Tidak,1,4
ACC-0810,USR-741,Bandung Branch,Audit Staff,18,6,0,516.9,1,0.15,Ya (Anomali),5,1
ACC-0811,USR-874,Surabaya Branch,Senior Auditor,22,7,3,67.5,0,0.0,Tidak,1,3
ACC-0812,USR-579,Medan Branch,Audit Manager,2,1,0,59.4,0,0.07,Tidak,1,2
ACC-0813,USR-788,Jakarta Branch,System Admin,2,7,1,333.0,0,0.04,Tidak,3,1
ACC-0814,USR-559,Bandung Branch,Audit Manager,4,7,10,96.4,0,0.01,Tidak,1,5
ACC-0815,USR-364,Finance Dept,Senior Auditor,2,7,2,176.3,0,0.23,Tidak,1,2
ACC-0816,USR-638,Surabaya Branch,Audit Manager,18,6,1,44.3,0,0.39,Tidak,1,2
ACC-0817,USR-485,Bandung Branch,Audit Staff,4,3,16,803.1,0,0.18,Tidak,5,5
ACC-0818,USR-184,Finance Dept,System Admin,13,7,0,476.9,1,0.09,Tidak,4,1
ACC-0819,USR-807,Jakarta Branch,Audit Staff,20,7,2,498.4,0,0.27,Tidak,2,2
ACC-0820,USR-415,Jakarta Branch,System Admin,15,1,6,130.5,0,0.11,Tidak,1,3
ACC-0821,USR-342,Surabaya Branch,System Admin,0,6,2,359.3,0,0.0,Tidak,2,2
ACC-0822,USR-568,Finance Dept,Audit Manager,16,4,2,38.8,0,0.0,Tidak,2,1
ACC-0823,USR-979,Medan Branch,Audit Staff,10,2,0,2.2,0,0.58,Tidak,1,3
ACC-0824,USR-441,Operations Dept,System Admin,8,6,6,5.0,0,0.0,Tidak,1,4
ACC-0825,USR-276,Operations Dept,System Admin,20,5,0,220.8,0,0.11,Tidak,1,1
ACC-0826,USR-229,Jakarta Branch,Audit Manager,3,3,2,151.9,1,0.01,Ya (Anomali),4,1
ACC-0827,USR-756,IT Dept,Senior Auditor,1,5,0,182.5,0,0.05,Tidak,2,1
ACC-0828,USR-182,Medan Branch,Senior Auditor,8,2,0,1.9,0,0.23,Tidak,1,2
ACC-0829,USR-459,Medan Branch,External Guest,21,4,0,137.3,0,0.3,Tidak,1,2
ACC-0830,USR-187,Operations Dept,External Guest,4,6,7,316.5,0,0.0,Tidak,2,3
ACC-0831,USR-631,Bandung Branch,System Admin,3,4,3,146.2,0,0.34,Tidak,1,3
ACC-0832,USR-841,Bandung Branch,Senior Auditor,22,2,9,329.4,0,0.34,Tidak,2,5
ACC-0833,USR-737,Jakarta Branch,System Admin,4,5,0,66.3,0,0.1,Tidak,1,1
ACC-0834,USR-570,Medan Branch,Audit Staff,23,6,0,419.4,0,0.17,Tidak,2,1
ACC-0835,USR-597,Bandung Branch,Senior Auditor,23,3,1,221.9,0,0.2,Tidak,2,3
ACC-0836,USR-606,Finance Dept,Senior Auditor,17,1,0,59.2,0,0.02,Tidak,1,2
ACC-0837,USR-453,Finance Dept,Senior Auditor,12,7,8,67.5,0,0.66,Ya (Anomali),2,5
ACC-0838,USR-515,Finance Dept,External Guest,4,4,0,247.2,0,0.03,Tidak,1,1
ACC-0839,USR-150,Finance Dept,Audit Manager,23,2,0,442.9,0,0.62,Tidak,3,3
ACC-0840,USR-699,Medan Branch,Audit Manager,18,6,1,134.3,0,0.41,Tidak,1,4
ACC-0841,USR-781,Finance Dept,External Guest,22,5,1,74.7,0,0.37,Tidak,1,2
ACC-0842,USR-162,Medan Branch,External Guest,2,3,0,504.4,0,0.05,Tidak,4,1
ACC-0843,USR-188,Operations Dept,External Guest,21,5,2,276.6,0,0.08,Tidak,2,3
ACC-0844,USR-800,Jakarta Branch,Audit Manager,17,3,1,148.6,0,0.45,Tidak,1,4
ACC-0845,USR-289,Jakarta Branch,System Admin,5,6,2,167.3,0,0.01,Tidak,1,1
ACC-0846,USR-998,Finance Dept,External Guest,5,1,2,57.1,0,0.59,Tidak,2,5
ACC-0847,USR-700,Finance Dept,System Admin,23,1,2,246.4,0,0.06,Tidak,1,3
ACC-0848,USR-447,Finance Dept,System Admin,4,7,7,111.1,0,0.64,Tidak,2,5
ACC-0849,USR-943,Jakarta Branch,Audit Staff,0,2,0,1359.1,0,0.29,Tidak,5,2
ACC-0850,USR-637,Bandung Branch,Audit Manager,7,2,5,163.6,0,0.27,Tidak,1,5
ACC-0851,USR-275,Jakarta Branch,System Admin,0,3,1,166.3,0,0.02,Tidak,1,1
ACC-0852,USR-463,Finance Dept,Audit Manager,20,3,0,208.6,0,0.01,Tidak,1,1
ACC-0853,USR-875,Bandung Branch,Audit Manager,5,3,8,621.5,0,0.54,Ya (Anomali),3,5
ACC-0854,USR-653,Bandung Branch,Audit Staff,19,3,0,403.4,0,0.03,Tidak,2,2
ACC-0855,USR-582,Surabaya Branch,Audit Manager,13,7,0,150.0,0,0.25,Tidak,1,2
ACC-0856,USR-218,Operations Dept,System Admin,10,6,0,317.1,0,0.83,Tidak,2,4
ACC-0857,USR-268,Medan Branch,Senior Auditor,1,6,5,220.6,1,0.02,Ya (Anomali),3,4
ACC-0858,USR-719,Operations Dept,System Admin,20,1,2,169.5,0,0.04,Tidak,2,2
ACC-0859,USR-246,Finance Dept,System Admin,3,2,4,53.4,0,0.12,Tidak,2,4
ACC-0860,USR-787,Medan Branch,Audit Manager,12,7,2,155.9,0,0.18,Tidak,2,2
ACC-0861,USR-536,Surabaya Branch,System Admin,6,2,6,70.5,0,0.02,Tidak,1,3
ACC-0862,USR-538,Medan Branch,Senior Auditor,5,4,1,615.8,0,0.02,Tidak,4,1
ACC-0863,USR-987,Finance Dept,Audit Manager,2,2,0,102.1,0,0.01,Tidak,1,1
ACC-0864,USR-288,Surabaya Branch,External Guest,8,2,1,760.5,0,0.28,Tidak,4,2
ACC-0865,USR-259,Medan Branch,System Admin,13,5,1,190.4,0,0.12,Tidak,2,2
ACC-0866,USR-913,Jakarta Branch,System Admin,19,5,3,249.6,0,0.03,Tidak,2,2
ACC-0867,USR-959,Bandung Branch,Audit Staff,10,7,1,195.7,0,0.02,Tidak,1,2
ACC-0868,USR-501,Operations Dept,External Guest,4,4,0,34.6,1,0.32,Tidak,3,2
ACC-0869,USR-685,Surabaya Branch,External Guest,13,3,1,117.8,0,0.02,Tidak,1,1
ACC-0870,USR-963,Jakarta Branch,Senior Auditor,18,4,3,26.1,0,0.02,Tidak,1,2
ACC-0871,USR-117,Finance Dept,External Guest,7,4,2,243.8,0,0.4,Tidak,2,3
ACC-0872,USR-239,Bandung Branch,Audit Staff,6,1,0,148.0,0,0.22,Tidak,1,1
ACC-0873,USR-214,Operations Dept,Senior Auditor,6,6,0,376.3,0,0.1,Tidak,3,2
ACC-0874,USR-427,Surabaya Branch,External Guest,23,2,2,62.3,0,0.01,Tidak,1,1
ACC-0875,USR-324,Bandung Branch,Senior Auditor,22,1,0,45.0,0,0.26,Tidak,2,2
ACC-0876,USR-657,IT Dept,External Guest,2,7,4,130.4,0,0.1,Tidak,2,2
ACC-0877,USR-538,IT Dept,External Guest,2,6,3,652.9,0,0.0,Tidak,3,2
ACC-0878,USR-649,Surabaya Branch,External Guest,17,7,0,309.8,0,0.35,Tidak,2,2
ACC-0879,USR-817,Surabaya Branch,System Admin,12,2,2,135.7,0,0.02,Tidak,2,1
ACC-0880,USR-485,Medan Branch,External Guest,0,7,1,182.1,0,0.01,Tidak,1,1
ACC-0881,USR-620,Bandung Branch,System Admin,4,4,9,22.0,0,0.09,Tidak,1,5
ACC-0882,USR-352,IT Dept,Audit Manager,3,2,6,1043.0,0,0.14,Tidak,5,3
ACC-0883,USR-719,Operations Dept,Audit Staff,15,3,0,274.5,0,0.69,Tidak,2,4
ACC-0884,USR-197,IT Dept,Senior Auditor,14,3,0,84.0,0,0.1,Tidak,2,1
ACC-0885,USR-886,Bandung Branch,Senior Auditor,17,4,4,220.4,0,0.49,Tidak,1,5
ACC-0886,USR-170,IT Dept,Audit Manager,16,7,0,29.0,0,0.09,Tidak,2,1
ACC-0887,USR-650,Operations Dept,External Guest,13,5,2,844.2,0,0.41,Tidak,4,3
ACC-0888,USR-909,Jakarta Branch,Audit Staff,13,3,1,48.0,0,0.02,Tidak,2,1
ACC-0889,USR-546,IT Dept,Audit Manager,18,4,6,261.1,0,0.2,Tidak,2,5
ACC-0890,USR-189,IT Dept,Audit Manager,5,1,0,70.4,0,0.27,Tidak,1,2
ACC-0891,USR-529,Finance Dept,Senior Auditor,12,5,5,316.1,0,0.23,Tidak,2,3
ACC-0892,USR-318,Jakarta Branch,System Admin,17,3,1,374.9,0,0.14,Tidak,3,1
ACC-0893,USR-206,Medan Branch,System Admin,14,4,0,279.8,0,0.05,Tidak,2,1
ACC-0894,USR-575,Surabaya Branch,External Guest,22,4,1,238.3,0,0.1,Tidak,2,1
ACC-0895,USR-553,Operations Dept,External Guest,6,1,3,557.5,1,0.07,Ya (Anomali),5,2
ACC-0896,USR-707,IT Dept,Audit Manager,18,1,1,20.5,0,0.1,Tidak,1,1
ACC-0897,USR-643,Operations Dept,External Guest,16,5,0,100.5,0,0.02,Tidak,2,1
ACC-0898,USR-225,Medan Branch,System Admin,8,6,10,71.4,0,0.45,Tidak,1,5
ACC-0899,USR-246,Medan Branch,Audit Staff,10,3,4,1106.0,0,0.15,Tidak,5,3
ACC-0900,USR-379,Jakarta Branch,Senior Auditor,4,4,6,123.3,0,0.05,Tidak,1,3
ACC-0901,USR-123,Operations Dept,System Admin,1,5,0,329.8,0,0.28,Tidak,2,3
ACC-0902,USR-820,Surabaya Branch,External Guest,14,7,4,288.6,0,0.31,Tidak,2,3
ACC-0903,USR-219,Finance Dept,Senior Auditor,23,5,4,59.6,0,0.14,Tidak,1,4
ACC-0904,USR-885,Medan Branch,Senior Auditor,11,7,0,68.3,0,0.37,Tidak,1,2
ACC-0905,USR-751,Finance Dept,Audit Manager,9,1,2,82.6,0,0.1,Tidak,2,3
ACC-0906,USR-396,Surabaya Branch,External Guest,9,4,5,132.4,1,0.87,Ya (Anomali),4,5
ACC-0907,USR-954,Surabaya Branch,Audit Manager,19,2,0,66.7,0,0.16,Tidak,1,1
ACC-0908,USR-181,Jakarta Branch,Senior Auditor,10,6,2,5.0,0,0.22,Tidak,1,2
ACC-0909,USR-547,Operations Dept,Audit Manager,9,6,2,528.8,0,0.32,Tidak,3,4
ACC-0910,USR-819,Bandung Branch,External Guest,6,1,2,842.5,1,0.44,Ya (Anomali),5,3
ACC-0911,USR-569,Operations Dept,System Admin,13,7,5,104.5,0,0.48,Tidak,1,4
ACC-0912,USR-522,IT Dept,Audit Staff,12,4,3,103.3,0,0.35,Tidak,1,3
ACC-0913,USR-644,Jakarta Branch,System Admin,4,5,0,1.8,0,0.55,Tidak,2,3
ACC-0914,USR-123,Operations Dept,Senior Auditor,18,6,2,285.1,0,0.49,Tidak,2,3
ACC-0915,USR-160,Finance Dept,System Admin,9,5,1,436.4,0,0.27,Tidak,3,2
ACC-0916,USR-922,Operations Dept,Audit Manager,7,3,4,39.6,0,0.02,Tidak,1,2
ACC-0917,USR-800,Jakarta Branch,External Guest,17,2,1,43.5,0,0.41,Tidak,1,3
ACC-0918,USR-183,Surabaya Branch,System Admin,0,1,0,390.3,1,0.11,Tidak,5,2
ACC-0919,USR-324,Medan Branch,System Admin,4,7,0,239.5,0,0.48,Tidak,1,2
ACC-0920,USR-779,IT Dept,External Guest,10,6,1,11.5,0,0.0,Tidak,2,1
ACC-0921,USR-285,IT Dept,Audit Manager,19,3,0,243.6,0,0.06,Tidak,1,2
ACC-0922,USR-474,Bandung Branch,Audit Staff,10,3,9,92.4,0,0.08,Tidak,2,4
ACC-0923,USR-171,Surabaya Branch,System Admin,15,2,4,115.0,0,0.02,Tidak,1,2
ACC-0924,USR-173,IT Dept,Senior Auditor,9,1,4,367.1,0,0.6,Tidak,2,5
ACC-0925,USR-996,IT Dept,Audit Manager,14,1,2,416.4,0,0.26,Tidak,2,2
ACC-0926,USR-440,Medan Branch,Audit Manager,6,5,5,127.9,0,0.15,Tidak,1,3
ACC-0927,USR-252,Finance Dept,System Admin,14,1,0,735.1,0,0.02,Tidak,3,2
ACC-0928,USR-195,Finance Dept,External Guest,15,3,11,130.4,0,0.53,Tidak,1,5
ACC-0929,USR-664,Finance Dept,System Admin,5,5,2,369.4,0,0.46,Tidak,2,3
ACC-0930,USR-544,Jakarta Branch,System Admin,10,1,6,165.4,0,0.03,Tidak,1,3
ACC-0931,USR-785,Finance Dept,External Guest,16,7,0,569.6,0,0.11,Tidak,3,1
ACC-0932,USR-209,Finance Dept,Senior Auditor,14,7,2,595.8,0,0.0,Tidak,3,1
ACC-0933,USR-557,Jakarta Branch,External Guest,15,2,0,22.9,0,0.0,Tidak,1,1
ACC-0934,USR-927,Medan Branch,System Admin,23,3,2,689.2,0,0.28,Tidak,4,2
ACC-0935,USR-150,Surabaya Branch,Audit Staff,1,4,0,436.5,0,0.18,Tidak,2,2
ACC-0936,USR-476,IT Dept,External Guest,3,2,6,391.7,0,0.57,Tidak,2,5
ACC-0937,USR-864,Bandung Branch,Senior Auditor,18,2,1,56.1,0,0.2,Tidak,1,2
ACC-0938,USR-172,IT Dept,External Guest,5,1,0,408.8,0,0.14,Tidak,3,1
ACC-0939,USR-311,Finance Dept,External Guest,17,5,1,474.5,0,0.01,Tidak,2,1
ACC-0940,USR-531,Finance Dept,Audit Manager,20,5,3,85.3,0,0.15,Tidak,1,2
ACC-0941,USR-823,Operations Dept,Audit Manager,10,7,3,760.5,0,0.04,Tidak,4,2
ACC-0942,USR-862,IT Dept,System Admin,8,3,0,12.8,1,0.39,Tidak,3,3
ACC-0943,USR-267,IT Dept,System Admin,2,1,5,40.6,0,0.16,Tidak,2,3
ACC-0944,USR-874,Operations Dept,External Guest,1,5,2,192.8,0,0.14,Tidak,1,3
ACC-0945,USR-430,Finance Dept,Audit Staff,17,7,1,214.4,0,0.21,Tidak,1,2
ACC-0946,USR-841,Jakarta Branch,System Admin,14,6,1,259.0,0,0.07,Tidak,3,1
ACC-0947,USR-850,Jakarta Branch,External Guest,21,4,1,4.3,0,0.12,Tidak,1,1
ACC-0948,USR-886,Jakarta Branch,External Guest,17,6,2,807.0,0,0.1,Tidak,5,2
ACC-0949,USR-593,Bandung Branch,External Guest,18,1,0,11.4,0,0.5,Tidak,1,3
ACC-0950,USR-242,Surabaya Branch,External Guest,14,1,1,38.6,0,0.04,Tidak,2,2
ACC-0951,USR-681,Finance Dept,External Guest,16,5,0,3.5,1,0.15,Tidak,4,1
ACC-0952,USR-544,Medan Branch,Audit Manager,17,2,1,209.2,0,0.24,Tidak,1,2
ACC-0953,USR-923,IT Dept,Senior Auditor,17,1,3,673.0,0,0.01,Tidak,4,2
ACC-0954,USR-493,IT Dept,Senior Auditor,10,2,0,274.1,0,0.09,Tidak,2,2
ACC-0955,USR-611,Finance Dept,External Guest,17,3,2,432.4,0,0.17,Tidak,2,3
ACC-0956,USR-785,Finance Dept,System Admin,22,7,3,3.3,0,0.09,Tidak,1,2
ACC-0957,USR-947,Finance Dept,Audit Staff,2,3,1,195.2,0,0.08,Tidak,1,1
ACC-0958,USR-720,IT Dept,External Guest,12,5,13,153.8,0,0.07,Tidak,2,5
ACC-0959,USR-814,Operations Dept,Audit Staff,13,3,5,172.8,0,0.0,Tidak,1,2
ACC-0960,USR-796,Finance Dept,Audit Manager,3,6,3,18.7,0,0.0,Tidak,2,2
ACC-0961,USR-902,IT Dept,Senior Auditor,17,6,2,288.3,0,0.22,Tidak,2,2
ACC-0962,USR-427,Surabaya Branch,Audit Manager,4,6,3,174.9,0,0.16,Tidak,1,3
ACC-0963,USR-703,Medan Branch,System Admin,13,5,1,362.2,0,0.05,Tidak,2,1
ACC-0964,USR-358,Jakarta Branch,System Admin,11,5,3,166.0,1,0.0,Tidak,3,2
ACC-0965,USR-933,Operations Dept,External Guest,6,6,7,40.4,1,0.12,Ya (Anomali),4,5
ACC-0966,USR-536,Medan Branch,System Admin,11,2,3,261.2,0,0.26,Tidak,3,3
ACC-0967,USR-817,Finance Dept,System Admin,7,6,1,47.3,0,0.02,Tidak,2,1
ACC-0968,USR-663,Medan Branch,Audit Manager,20,2,0,514.7,0,0.29,Tidak,4,2
ACC-0969,USR-448,Finance Dept,Audit Staff,20,3,2,237.4,0,0.57,Tidak,1,4
ACC-0970,USR-792,Medan Branch,Senior Auditor,2,2,2,42.8,1,0.0,Ya (Anomali),3,1
ACC-0971,USR-914,Bandung Branch,System Admin,21,1,0,819.8,0,0.07,Tidak,4,1
ACC-0972,USR-614,Medan Branch,System Admin,0,4,0,182.6,0,0.3,Tidak,1,3
ACC-0973,USR-548,Jakarta Branch,Audit Manager,2,1,2,18.9,0,0.27,Tidak,1,2
ACC-0974,USR-498,Jakarta Branch,Senior Auditor,10,1,2,246.4,0,0.0,Tidak,1,2
ACC-0975,USR-695,Operations Dept,Audit Manager,17,5,4,73.0,0,0.22,Tidak,1,3
ACC-0976,USR-313,Medan Branch,Audit Staff,6,4,3,407.0,0,0.02,Tidak,2,3
ACC-0977,USR-645,IT Dept,Audit Manager,8,5,5,425.7,0,0.0,Tidak,3,2
ACC-0978,USR-661,IT Dept,Senior Auditor,3,2,2,965.2,0,0.0,Tidak,4,1
ACC-0979,USR-388,IT Dept,Senior Auditor,22,6,0,174.2,0,0.47,Tidak,1,2
ACC-0980,USR-940,Medan Branch,System Admin,23,7,2,151.7,0,0.0,Tidak,1,1
ACC-0981,USR-358,IT Dept,Audit Staff,9,7,3,350.1,0,0.45,Tidak,3,3
ACC-0982,USR-357,Surabaya Branch,External Guest,17,7,0,35.5,0,0.47,Tidak,2,3
ACC-0983,USR-487,Medan Branch,System Admin,22,2,5,197.9,0,0.06,Tidak,1,3
ACC-0984,USR-883,Jakarta Branch,Audit Manager,15,4,0,197.6,1,0.0,Ya (Anomali),3,1
ACC-0985,USR-793,Operations Dept,Audit Manager,11,3,2,23.4,0,0.01,Tidak,2,1
ACC-0986,USR-644,IT Dept,Senior Auditor,18,2,4,135.3,1,0.04,Ya (Anomali),3,3
ACC-0987,USR-364,Bandung Branch,Senior Auditor,23,1,2,479.8,0,0.01,Tidak,3,1
ACC-0988,USR-412,IT Dept,Senior Auditor,21,4,0,484.8,0,0.54,Tidak,3,4
ACC-0989,USR-139,Jakarta Branch,External Guest,2,4,0,26.1,0,0.08,Tidak,1,2
ACC-0990,USR-919,Surabaya Branch,External Guest,7,2,1,23.8,0,0.01,Tidak,1,1
ACC-0991,USR-309,Medan Branch,System Admin,18,2,4,76.2,1,0.18,Ya (Anomali),3,3
ACC-0992,USR-371,IT Dept,External Guest,8,5,0,519.4,0,0.63,Ya (Anomali),3,4
ACC-0993,USR-235,Bandung Branch,Senior Auditor,18,5,2,34.5,0,0.09,Tidak,2,2
ACC-0994,USR-698,Operations Dept,System Admin,16,1,1,318.2,1,0.01,Tidak,5,1
ACC-0995,USR-159,Jakarta Branch,System Admin,12,4,6,26.7,0,0.07,Tidak,2,4
ACC-0996,USR-609,Operations Dept,Audit Staff,1,7,0,244.0,0,0.45,Tidak,1,3
ACC-0997,USR-775,Operations Dept,External Guest,3,3,2,110.0,0,0.05,Tidak,1,2
ACC-0998,USR-614,Bandung Branch,Audit Manager,10,3,1,388.9,0,0.01,Tidak,2,1
ACC-0999,USR-114,Finance Dept,Audit Manager,1,4,2,66.5,0,0.04,Tidak,1,1
ACC-1000,USR-713,Jakarta Branch,Audit Staff,3,1,0,254.9,0,0.59,Tidak,2,3
ACC-1001,USR-354,Finance Dept,Senior Auditor,3,7,1,67.2,0,0.31,Tidak,1,2
ACC-1002,USR-836,Bandung Branch,Audit Staff,19,5,1,312.6,0,0.43,Tidak,2,3
ACC-1003,USR-821,Medan Branch,Senior Auditor,0,5,1,517.2,0,0.58,Tidak,4,3
ACC-1004,USR-634,Medan Branch,External Guest,10,5,3,33.9,0,0.01,Tidak,1,2
ACC-1005,USR-334,Medan Branch,External Guest,22,3,3,503.6,0,0.04,Tidak,4,3
ACC-1006,USR-230,Operations Dept,System Admin,1,3,3,225.1,0,0.46,Tidak,1,5
ACC-1007,USR-769,Finance Dept,System Admin,18,1,0,34.0,0,0.13,Tidak,1,2
ACC-1008,USR-784,Operations Dept,System Admin,7,3,5,139.5,0,0.02,Tidak,2,3
ACC-1009,USR-116,Medan Branch,System Admin,22,2,1,43.8,0,0.11,Tidak,2,1
ACC-1010,USR-981,Operations Dept,Audit Manager,19,3,0,301.3,0,0.01,Tidak,2,2
ACC-1011,USR-925,Surabaya Branch,System Admin,3,5,7,355.6,0,0.6,Tidak,2,5
ACC-1012,USR-977,Jakarta Branch,System Admin,15,1,1,28.0,0,0.13,Tidak,1,1
ACC-1013,USR-284,Jakarta Branch,System Admin,14,4,5,176.4,0,0.35,Tidak,1,4
ACC-1014,USR-490,Operations Dept,Senior Auditor,4,4,6,421.3,0,0.78,Ya (Anomali),3,5
ACC-1015,USR-522,Bandung Branch,System Admin,4,1,1,687.9,0,0.1,Tidak,3,1
ACC-1016,USR-945,IT Dept,Audit Staff,14,2,0,180.1,0,0.55,Tidak,1,4
ACC-1017,USR-541,Finance Dept,System Admin,22,4,1,750.3,0,0.17,Tidak,5,3
ACC-1018,USR-795,Jakarta Branch,System Admin,16,5,3,191.8,0,0.01,Tidak,1,2
ACC-1019,USR-754,Operations Dept,Audit Manager,2,4,3,125.3,0,0.49,Tidak,1,4
ACC-1020,USR-655,Finance Dept,System Admin,17,4,0,471.3,0,0.03,Tidak,2,2
ACC-1021,USR-111,Bandung Branch,Senior Auditor,10,5,0,169.8,0,0.01,Tidak,1,1
ACC-1022,USR-619,Medan Branch,External Guest,5,3,1,159.6,0,0.33,Tidak,1,2
ACC-1023,USR-179,IT Dept,System Admin,11,2,10,168.5,0,0.19,Tidak,1,5
ACC-1024,USR-908,Bandung Branch,System Admin,21,7,3,469.0,0,0.05,Tidak,2,3
ACC-1025,USR-773,Surabaya Branch,System Admin,16,5,2,445.9,0,0.07,Tidak,3,3
ACC-1026,USR-401,Medan Branch,Audit Manager,13,5,3,129.2,0,0.55,Tidak,2,4
ACC-1027,USR-315,Medan Branch,External Guest,5,6,7,101.4,0,0.24,Tidak,1,4
ACC-1028,USR-347,Medan Branch,Audit Manager,9,1,2,169.3,0,0.08,Tidak,1,3
ACC-1029,USR-640,Bandung Branch,Audit Manager,15,2,0,212.6,0,0.13,Tidak,1,1
ACC-1030,USR-371,Surabaya Branch,Audit Manager,17,3,9,68.1,0,0.16,Tidak,1,5
ACC-1031,USR-232,IT Dept,Senior Auditor,19,6,6,394.9,0,0.02,Tidak,3,3
ACC-1032,USR-104,Finance Dept,External Guest,5,7,2,166.6,0,0.01,Tidak,1,2
ACC-1033,USR-855,Bandung Branch,Senior Auditor,18,5,1,101.6,0,0.26,Tidak,1,2
ACC-1034,USR-641,Jakarta Branch,Senior Auditor,2,7,0,28.2,0,0.14,Tidak,1,1
ACC-1035,USR-728,Jakarta Branch,External Guest,11,7,0,68.2,0,0.02,Tidak,1,1
ACC-1036,USR-789,Bandung Branch,Senior Auditor,15,7,0,745.4,0,0.13,Tidak,3,1
ACC-1037,USR-872,Finance Dept,External Guest,2,6,1,91.0,1,0.23,Tidak,4,2
ACC-1038,USR-846,Jakarta Branch,System Admin,15,3,2,46.2,0,0.23,Tidak,2,2
ACC-1039,USR-240,Finance Dept,Audit Manager,3,6,0,154.4,0,0.24,Tidak,2,2
ACC-1040,USR-582,Medan Branch,Senior Auditor,19,6,3,91.7,0,0.55,Tidak,2,4
ACC-1041,USR-404,Bandung Branch,External Guest,12,6,0,8.9,0,0.24,Tidak,2,1
ACC-1042,USR-444,Medan Branch,Audit Staff,3,5,0,97.6,0,0.3,Tidak,1,2
ACC-1043,USR-661,Jakarta Branch,Senior Auditor,3,5,0,196.4,0,0.0,Tidak,1,1
ACC-1044,USR-369,Finance Dept,Senior Auditor,6,1,4,200.6,0,0.12,Tidak,2,3
ACC-1045,USR-207,Medan Branch,External Guest,20,4,0,110.2,0,0.93,Tidak,1,4
ACC-1046,USR-657,Jakarta Branch,Audit Staff,11,2,0,148.2,0,0.17,Tidak,1,2
ACC-1047,USR-573,Operations Dept,Audit Staff,1,1,6,841.8,0,0.0,Ya (Anomali),4,3
ACC-1048,USR-181,Surabaya Branch,System Admin,15,3,0,118.4,0,0.59,Tidak,1,3
ACC-1049,USR-737,Medan Branch,Senior Auditor,6,6,0,74.7,0,0.18,Tidak,1,1
ACC-1050,USR-183,Surabaya Branch,Audit Manager,18,5,2,69.8,0,0.03,Tidak,1,2
ACC-1051,USR-389,Surabaya Branch,Senior Auditor,10,6,0,153.0,0,0.0,Tidak,1,1
ACC-1052,USR-170,IT Dept,Audit Manager,0,5,0,356.3,0,0.01,Tidak,3,2
ACC-1053,USR-274,Jakarta Branch,Audit Manager,8,7,6,57.7,0,0.26,Tidak,1,5
ACC-1054,USR-927,Bandung Branch,External Guest,4,2,4,308.9,1,0.48,Ya (Anomali),5,4
ACC-1055,USR-941,Finance Dept,Senior Auditor,16,1,0,5.3,0,0.09,Tidak,1,2
ACC-1056,USR-562,Operations Dept,External Guest,0,1,5,135.7,0,0.08,Tidak,1,3
ACC-1057,USR-948,Jakarta Branch,System Admin,16,3,1,373.9,0,0.0,Tidak,2,1
ACC-1058,USR-494,IT Dept,Audit Manager,11,7,7,103.4,0,0.02,Tidak,1,3
ACC-1059,USR-965,IT Dept,Audit Staff,12,1,1,207.4,0,0.15,Tidak,1,2
ACC-1060,USR-190,Operations Dept,Audit Manager,23,1,3,57.3,0,0.33,Tidak,2,3
ACC-1061,USR-568,Medan Branch,System Admin,10,4,1,338.7,1,0.45,Tidak,5,3
ACC-1062,USR-962,Finance Dept,Audit Manager,12,2,4,13.4,0,0.0,Tidak,2,2
ACC-1063,USR-533,IT Dept,External Guest,12,6,1,478.6,0,0.04,Tidak,2,1
ACC-1064,USR-348,Bandung Branch,Senior Auditor,5,1,1,55.2,0,0.35,Tidak,1,2
ACC-1065,USR-743,Jakarta Branch,Audit Staff,21,3,1,518.7,0,0.36,Tidak,3,2
ACC-1066,USR-780,Bandung Branch,External Guest,5,6,1,108.7,0,0.51,Tidak,1,3
ACC-1067,USR-671,Medan Branch,Senior Auditor,19,5,0,320.6,0,0.12,Tidak,2,1
ACC-1068,USR-980,Jakarta Branch,Audit Staff,20,7,2,96.1,0,0.12,Tidak,1,2
ACC-1069,USR-948,Medan Branch,System Admin,9,7,5,590.9,0,0.41,Tidak,3,4
ACC-1070,USR-340,Finance Dept,Audit Manager,18,1,0,33.9,0,0.77,Tidak,1,5
ACC-1071,USR-801,Finance Dept,Audit Staff,2,1,2,49.2,0,0.02,Tidak,1,2
ACC-1072,USR-595,Bandung Branch,System Admin,6,6,2,169.8,0,0.04,Tidak,1,1
ACC-1073,USR-439,Bandung Branch,Senior Auditor,4,5,2,21.4,0,0.3,Tidak,1,2
ACC-1074,USR-892,Finance Dept,Audit Staff,7,4,0,54.5,0,0.26,Tidak,2,3
ACC-1075,USR-843,Surabaya Branch,System Admin,4,2,3,719.6,0,0.09,Tidak,3,3
ACC-1076,USR-570,Finance Dept,Senior Auditor,11,4,0,937.6,1,0.04,Ya (Anomali),5,1
ACC-1077,USR-562,Operations Dept,External Guest,3,3,5,118.0,0,0.26,Tidak,1,4
ACC-1078,USR-900,Jakarta Branch,Audit Manager,18,6,1,641.9,0,0.0,Tidak,3,1
ACC-1079,USR-374,Operations Dept,System Admin,17,1,0,196.8,0,0.06,Tidak,2,1
ACC-1080,USR-924,Medan Branch,External Guest,2,4,1,78.6,0,0.06,Tidak,2,1
ACC-1081,USR-114,Finance Dept,Senior Auditor,6,2,1,303.0,1,0.0,Ya (Anomali),4,2
ACC-1082,USR-140,Finance Dept,Audit Staff,7,3,0,268.9,0,0.5,Tidak,2,2
ACC-1083,USR-307,IT Dept,Audit Manager,14,7,1,1130.3,0,0.02,Tidak,5,1
ACC-1084,USR-159,Medan Branch,Senior Auditor,20,4,1,77.0,0,0.06,Tidak,1,2
ACC-1085,USR-464,IT Dept,System Admin,16,1,3,278.7,1,0.45,Ya (Anomali),5,4
ACC-1086,USR-339,Medan Branch,Audit Manager,18,2,1,13.4,0,0.07,Tidak,1,2
ACC-1087,USR-707,Operations Dept,External Guest,3,1,5,30.2,0,0.56,Tidak,1,5
ACC-1088,USR-889,Jakarta Branch,Audit Manager,15,1,3,1.0,0,0.05,Tidak,2,2
ACC-1089,USR-259,Medan Branch,External Guest,12,3,0,1881.3,0,0.01,Tidak,5,2
ACC-1090,USR-496,Bandung Branch,Senior Auditor,11,2,6,405.2,0,0.15,Tidak,2,5
ACC-1091,USR-893,Finance Dept,Audit Staff,3,5,3,386.3,0,0.01,Tidak,2,2
ACC-1092,USR-599,Medan Branch,Audit Manager,11,7,4,178.2,0,0.75,Ya (Anomali),1,5
ACC-1093,USR-308,Jakarta Branch,Audit Staff,16,1,3,89.2,0,0.37,Tidak,2,3
ACC-1094,USR-232,Medan Branch,Audit Staff,8,2,1,41.0,0,0.81,Tidak,1,5
ACC-1095,USR-480,Finance Dept,Audit Manager,11,1,2,83.8,0,0.51,Tidak,1,3
ACC-1096,USR-532,Surabaya Branch,Audit Manager,14,4,2,117.9,0,0.03,Tidak,2,1
ACC-1097,USR-708,Medan Branch,Audit Staff,19,4,5,353.0,0,0.29,Tidak,2,4
ACC-1098,USR-830,Bandung Branch,System Admin,1,2,0,193.9,1,0.45,Tidak,3,2
ACC-1099,USR-488,Finance Dept,System Admin,8,7,0,20.2,0,0.02,Tidak,2,1
ACC-1100,USR-682,Jakarta Branch,Audit Manager,13,3,2,4.5,0,0.09,Tidak,2,2
ACC-1101,USR-531,Operations Dept,Audit Staff,3,5,7,27.0,0,0.01,Tidak,1,4
ACC-1102,USR-373,Operations Dept,Audit Staff,3,4,1,132.1,0,0.4,Tidak,1,2
ACC-1103,USR-450,Finance Dept,Senior Auditor,5,3,2,676.5,0,0.14,Tidak,4,2
ACC-1104,USR-233,IT Dept,Audit Staff,23,5,11,253.6,0,0.1,Tidak,3,5
ACC-1105,USR-165,Surabaya Branch,System Admin,4,4,2,404.7,0,0.22,Tidak,3,2
ACC-1106,USR-738,Jakarta Branch,Senior Auditor,23,5,2,157.0,1,0.0,Tidak,3,1
ACC-1107,USR-304,Surabaya Branch,System Admin,16,6,5,112.2,0,0.04,Tidak,1,3
ACC-1108,USR-397,Operations Dept,External Guest,12,1,6,28.7,0,0.12,Tidak,1,3
ACC-1109,USR-216,Surabaya Branch,Audit Manager,19,2,4,521.7,0,0.01,Tidak,4,2
ACC-1110,USR-366,Bandung Branch,External Guest,16,4,8,382.1,0,0.23,Tidak,3,5
ACC-1111,USR-893,Operations Dept,Audit Manager,18,4,0,46.0,0,0.11,Tidak,1,1
ACC-1112,USR-248,Medan Branch,System Admin,22,1,10,179.5,0,0.45,Tidak,1,5
ACC-1113,USR-293,Bandung Branch,System Admin,0,4,0,167.1,0,0.0,Tidak,1,1
ACC-1114,USR-779,Bandung Branch,External Guest,20,4,3,245.3,0,0.03,Tidak,2,2
ACC-1115,USR-923,IT Dept,Audit Manager,16,6,5,730.6,1,0.01,Ya (Anomali),5,4
ACC-1116,USR-985,Bandung Branch,Audit Manager,21,4,2,216.7,0,0.19,Tidak,1,3
ACC-1117,USR-278,Jakarta Branch,Senior Auditor,2,4,3,194.3,0,0.04,Tidak,1,2
ACC-1118,USR-247,Medan Branch,Audit Staff,13,4,0,12.9,0,0.24,Tidak,1,1
ACC-1119,USR-564,Medan Branch,Senior Auditor,11,3,4,16.2,0,0.02,Tidak,1,2
ACC-1120,USR-668,Operations Dept,System Admin,14,4,2,51.9,0,0.09,Tidak,2,2
ACC-1121,USR-104,Jakarta Branch,External Guest,5,1,1,8.3,0,0.28,Tidak,2,3
ACC-1122,USR-625,Bandung Branch,Audit Manager,19,6,1,340.0,1,0.38,Tidak,4,3
ACC-1123,USR-379,Bandung Branch,Senior Auditor,21,4,1,321.2,1,0.53,Ya (Anomali),4,4
ACC-1124,USR-598,Surabaya Branch,External Guest,1,5,0,36.6,0,0.01,Tidak,2,2
ACC-1125,USR-935,Operations Dept,External Guest,3,6,0,452.1,0,0.37,Tidak,2,3
ACC-1126,USR-535,Operations Dept,Audit Staff,12,6,6,42.0,0,0.56,Tidak,1,5
ACC-1127,USR-915,Surabaya Branch,Audit Manager,12,5,6,89.6,0,0.74,Ya (Anomali),2,5
ACC-1128,USR-315,IT Dept,External Guest,22,1,15,71.6,0,0.34,Tidak,2,5
ACC-1129,USR-786,Finance Dept,Audit Manager,21,3,1,116.4,0,0.27,Tidak,2,2
ACC-1130,USR-927,Surabaya Branch,Senior Auditor,22,7,0,73.5,0,0.8,Tidak,1,4
ACC-1131,USR-614,Medan Branch,External Guest,16,7,2,167.8,0,0.85,Tidak,1,5
ACC-1132,USR-986,Jakarta Branch,External Guest,5,1,0,130.8,0,0.56,Tidak,1,4
ACC-1133,USR-236,Bandung Branch,Senior Auditor,10,3,0,1077.6,0,0.03,Tidak,5,1
ACC-1134,USR-711,Finance Dept,Audit Manager,18,2,0,14.4,0,0.0,Tidak,2,1
ACC-1135,USR-694,Surabaya Branch,Audit Manager,15,5,0,38.3,0,0.03,Tidak,1,2
ACC-1136,USR-379,Operations Dept,External Guest,7,6,3,13.6,0,0.55,Tidak,2,5
ACC-1137,USR-231,Finance Dept,Senior Auditor,0,6,1,245.8,0,0.0,Tidak,1,2
ACC-1138,USR-492,Jakarta Branch,System Admin,9,6,0,14.0,0,0.04,Tidak,1,1
ACC-1139,USR-580,Jakarta Branch,Audit Manager,1,5,0,452.6,0,0.04,Tidak,3,1
ACC-1140,USR-612,Operations Dept,System Admin,18,5,2,179.3,0,0.06,Tidak,1,3
ACC-1141,USR-727,Finance Dept,External Guest,13,7,1,187.2,0,0.18,Tidak,1,2
ACC-1142,USR-518,Finance Dept,System Admin,2,7,3,206.2,0,0.07,Tidak,1,2
ACC-1143,USR-301,IT Dept,System Admin,22,7,2,46.8,0,0.27,Tidak,1,2
ACC-1144,USR-751,Finance Dept,Audit Manager,23,3,5,55.1,0,0.29,Tidak,1,4
ACC-1145,USR-757,Bandung Branch,External Guest,8,6,0,96.0,0,0.16,Tidak,1,1
ACC-1146,USR-561,Medan Branch,System Admin,22,1,1,225.0,0,0.01,Tidak,1,1
ACC-1147,USR-877,Surabaya Branch,Audit Manager,7,3,1,59.0,0,0.13,Tidak,2,1
ACC-1148,USR-301,Operations Dept,System Admin,10,6,1,30.9,1,0.2,Ya (Anomali),3,3
ACC-1149,USR-251,Surabaya Branch,Audit Manager,14,5,3,877.6,0,0.18,Tidak,4,2
ACC-1150,USR-996,Surabaya Branch,External Guest,5,5,1,5.6,0,0.45,Tidak,1,3
ACC-1151,USR-321,Finance Dept,Senior Auditor,1,5,2,405.8,0,0.33,Tidak,2,3
ACC-1152,USR-178,Operations Dept,Audit Manager,0,6,0,387.8,0,0.61,Tidak,2,3
ACC-1153,USR-299,Finance Dept,Audit Manager,2,7,1,88.2,1,0.1,Tidak,3,2
ACC-1154,USR-861,IT Dept,System Admin,22,5,3,36.4,0,0.3,Tidak,1,3
ACC-1155,USR-198,Finance Dept,External Guest,17,2,1,39.3,0,0.1,Tidak,2,2
ACC-1156,USR-312,IT Dept,Audit Staff,13,5,3,298.9,0,0.04,Tidak,3,2
ACC-1157,USR-242,IT Dept,Audit Staff,16,6,2,257.4,0,0.0,Tidak,3,1
ACC-1158,USR-801,Bandung Branch,Senior Auditor,1,7,1,381.7,0,0.0,Tidak,2,1
ACC-1159,USR-488,Bandung Branch,External Guest,18,3,2,693.1,0,0.28,Tidak,3,2
ACC-1160,USR-912,Bandung Branch,Audit Manager,21,5,0,294.4,0,0.03,Tidak,3,1
ACC-1161,USR-473,Bandung Branch,Audit Staff,8,7,1,42.4,0,0.14,Tidak,1,1
ACC-1162,USR-151,Jakarta Branch,Senior Auditor,7,7,2,69.7,0,0.11,Tidak,2,2
ACC-1163,USR-723,Bandung Branch,External Guest,9,4,1,461.6,0,0.3,Tidak,2,3
ACC-1164,USR-234,Bandung Branch,Senior Auditor,8,2,1,58.7,0,0.35,Tidak,1,3
ACC-1165,USR-510,Bandung Branch,Audit Staff,7,6,0,18.8,0,0.02,Tidak,2,1
ACC-1166,USR-569,IT Dept,System Admin,6,5,1,303.7,0,0.46,Tidak,3,3
ACC-1167,USR-211,Surabaya Branch,System Admin,21,4,1,128.8,0,0.01,Tidak,2,1
ACC-1168,USR-624,Operations Dept,External Guest,23,6,0,631.6,0,0.12,Tidak,4,2
ACC-1169,USR-884,Surabaya Branch,Senior Auditor,5,3,0,262.6,0,0.19,Tidak,2,1
ACC-1170,USR-844,Surabaya Branch,Audit Manager,1,2,1,23.7,0,0.09,Tidak,1,1
ACC-1171,USR-143,Medan Branch,Audit Staff,8,7,0,738.4,0,0.26,Tidak,4,2
ACC-1172,USR-496,Jakarta Branch,System Admin,8,5,8,74.8,0,0.01,Tidak,1,4
ACC-1173,USR-684,IT Dept,System Admin,18,3,1,102.8,1,0.36,Ya (Anomali),3,2
ACC-1174,USR-360,Finance Dept,Senior Auditor,8,6,1,128.7,0,0.04,Tidak,1,1
ACC-1175,USR-842,IT Dept,System Admin,1,4,6,13.1,0,0.33,Tidak,1,5
ACC-1176,USR-644,Bandung Branch,Senior Auditor,18,6,5,171.6,0,0.42,Tidak,1,5
ACC-1177,USR-487,Surabaya Branch,Audit Staff,15,6,3,32.9,0,0.23,Tidak,1,3
ACC-1178,USR-575,IT Dept,Senior Auditor,21,2,1,128.1,0,0.0,Tidak,2,1
ACC-1179,USR-509,Jakarta Branch,System Admin,13,5,3,108.0,0,0.13,Tidak,2,2
ACC-1180,USR-679,Bandung Branch,Senior Auditor,19,3,2,370.5,0,0.12,Tidak,2,3
ACC-1181,USR-115,Medan Branch,System Admin,23,2,2,406.4,0,0.06,Tidak,2,3
ACC-1182,USR-761,Finance Dept,External Guest,0,4,1,41.6,0,0.02,Tidak,1,1
ACC-1183,USR-903,Bandung Branch,System Admin,12,7,2,114.1,0,0.19,Tidak,1,2
ACC-1184,USR-201,Operations Dept,System Admin,21,5,5,116.8,0,0.82,Ya (Anomali),1,5
ACC-1185,USR-285,Finance Dept,System Admin,1,7,3,41.0,0,0.08,Tidak,1,2
ACC-1186,USR-124,IT Dept,External Guest,21,2,0,400.4,0,0.07,Tidak,2,1
ACC-1187,USR-171,Bandung Branch,Audit Manager,13,4,0,307.1,0,0.3,Tidak,2,3
ACC-1188,USR-692,Medan Branch,System Admin,0,4,1,52.8,0,0.31,Tidak,1,2
ACC-1189,USR-672,IT Dept,Audit Manager,14,3,2,114.2,0,0.28,Tidak,1,2
ACC-1190,USR-117,Jakarta Branch,Audit Staff,17,6,6,28.0,0,0.53,Tidak,1,5
ACC-1191,USR-853,Finance Dept,Senior Auditor,8,4,1,247.4,0,0.0,Tidak,1,1
ACC-1192,USR-669,Finance Dept,Audit Manager,21,4,2,32.3,0,0.32,Tidak,1,4
ACC-1193,USR-431,Jakarta Branch,Audit Staff,7,6,3,1066.0,0,0.58,Tidak,5,4
ACC-1194,USR-988,Operations Dept,Senior Auditor,6,1,3,379.3,0,0.07,Tidak,2,3
ACC-1195,USR-668,Finance Dept,System Admin,8,4,3,123.7,0,0.63,Tidak,2,4
ACC-1196,USR-196,IT Dept,System Admin,8,5,0,216.0,0,0.12,Tidak,1,1
ACC-1197,USR-826,Surabaya Branch,System Admin,10,7,6,605.7,0,0.0,Tidak,4,3
ACC-1198,USR-930,Operations Dept,External Guest,3,7,0,201.9,0,0.14,Tidak,1,1
ACC-1199,USR-111,Jakarta Branch,External Guest,6,2,1,47.9,0,0.98,Tidak,2,5
ACC-1200,USR-110,Medan Branch,External Guest,20,6,2,119.0,0,0.0,Tidak,1,2
