ID Transaksi,Entitas,Deskripsi,amount (dalam Juta Rp),hour_of_day (0-23),day_of_week (1-7),"is_new_beneficiary (1=Ya, 0=Tidak)","is_round_amount (1=Ya, 0=Tidak)",TARGET: is_anomaly,TARGET: Impact (1-5),TARGET: Likelihood (1-5)
TRX-0001,Finance Dept,Biaya Perjalanan Dinas,24.46,11,1,0,0,Tidak,4,2
TRX-0002,IT Dept,Reimbursement Operasional,151.51,6,6,0,0,Tidak,5,1
TRX-0003,Finance Dept,Pengadaan Perangkat IT,66.84,10,6,0,0,Tidak,4,1
TRX-0004,Jakarta Branch,Pembayaran Tagihan Listrik,46.65,0,4,1,1,Ya (Anomali),3,5
TRX-0005,IT Dept,Pembayaran Tagihan Listrik,9.48,5,4,1,0,Ya (Anomali),3,2
TRX-0006,Operations Dept,Transfer Kas Internal,9.48,14,4,0,0,Tidak,3,1
TRX-0007,Jakarta Branch,Biaya Perjalanan Dinas,3.99,14,1,0,1,Tidak,1,3
TRX-0008,Bandung Branch,Pembayaran Vendor,101.56,18,7,0,0,Tidak,5,1
TRX-0009,Surabaya Branch,Pembayaran Gaji Lembur,46.95,10,4,0,0,Tidak,3,2
TRX-0010,Medan Branch,Pembayaran Gaji Lembur,62.56,22,1,1,1,Ya (Anomali),4,5
TRX-0011,Jakarta Branch,Pembayaran Gaji Lembur,2.04,1,4,1,0,Ya (Anomali),2,4
TRX-0012,Medan Branch,Pembayaran Vendor,176.18,13,5,0,0,Tidak,5,2
TRX-0013,Medan Branch,Biaya Perjalanan Dinas,90.32,1,6,1,0,Tidak,5,3
TRX-0014,Surabaya Branch,Pembayaran Gaji Lembur,12.93,3,4,0,0,Tidak,3,2
TRX-0015,Bandung Branch,Pembelian Material Gudang,11.03,16,2,0,0,Tidak,2,1
TRX-0016,Surabaya Branch,Pembayaran Vendor,11.13,2,6,0,0,Tidak,2,3
TRX-0017,IT Dept,Pembayaran Vendor,19.14,12,6,1,0,Tidak,3,2
TRX-0018,Jakarta Branch,Pengadaan Perangkat IT,38.2,8,4,0,0,Tidak,4,1
TRX-0019,Medan Branch,Pengadaan Perangkat IT,29.28,6,7,0,1,Tidak,4,2
TRX-0020,Surabaya Branch,Reimbursement Operasional,18.21,14,3,1,0,Tidak,3,2
TRX-0021,Surabaya Branch,Pembelian Material Gudang,48.32,22,7,0,0,Tidak,4,3
TRX-0022,Surabaya Branch,Pembelian Material Gudang,8.51,10,4,0,1,Tidak,3,1
TRX-0023,Jakarta Branch,Reimbursement Operasional,18.28,19,6,1,1,Tidak,2,2
TRX-0024,Bandung Branch,Pembelian Material Gudang,23.81,1,2,0,0,Tidak,3,2
TRX-0025,Operations Dept,Jasa Konsultan Audit,31.45,14,6,0,1,Tidak,5,1
TRX-0026,Surabaya Branch,Biaya Jamuan Klien,77.9,13,7,0,0,Tidak,5,1
TRX-0027,Jakarta Branch,Pembayaran Gaji Lembur,12.14,19,2,0,0,Tidak,3,1
TRX-0028,Medan Branch,Pengadaan Perangkat IT,37.1,21,1,1,1,Tidak,4,4
TRX-0029,IT Dept,Reimbursement Operasional,45.88,10,5,0,0,Tidak,4,1
TRX-0030,Operations Dept,Reimbursement Operasional,3.38,2,6,0,0,Tidak,2,1
TRX-0031,Finance Dept,Pembelian Material Gudang,47.77,16,4,0,0,Tidak,3,1
TRX-0032,Operations Dept,Pembayaran Vendor,10.35,11,1,0,0,Tidak,2,1
TRX-0033,Operations Dept,Pembayaran Tagihan Listrik,4.36,23,5,0,0,Tidak,2,2
TRX-0034,Jakarta Branch,Transfer Kas Internal,149.68,20,4,0,1,Ya (Anomali),5,3
TRX-0035,Finance Dept,Transfer Kas Internal,169.53,14,3,0,0,Tidak,5,1
TRX-0036,Surabaya Branch,Reimbursement Operasional,83.62,15,4,0,1,Tidak,4,2
TRX-0037,Surabaya Branch,Pembayaran Gaji Lembur,19.16,4,2,0,0,Tidak,3,3
TRX-0038,Operations Dept,Jasa Konsultan Audit,6.14,19,2,0,1,Tidak,2,1
TRX-0039,Jakarta Branch,Pembayaran Gaji Lembur,58.64,5,3,0,1,Tidak,4,2
TRX-0040,Finance Dept,Reimbursement Operasional,30.0,18,1,0,1,Tidak,4,1
TRX-0041,Surabaya Branch,Pembayaran Gaji Lembur,7.51,4,5,0,0,Tidak,2,2
TRX-0042,Medan Branch,Pengadaan Perangkat IT,35.18,2,4,0,0,Tidak,3,3
TRX-0043,Bandung Branch,Pembayaran Gaji Lembur,2.75,0,2,0,0,Tidak,2,2
TRX-0044,Bandung Branch,Pembelian Material Gudang,121.02,5,1,1,1,Ya (Anomali),5,5
TRX-0045,Surabaya Branch,Pembelian Material Gudang,15.97,14,3,0,1,Tidak,3,2
TRX-0046,Finance Dept,Jasa Konsultan Audit,55.31,1,7,0,0,Tidak,4,3
TRX-0047,IT Dept,Pengadaan Perangkat IT,19.68,2,6,1,0,Tidak,3,4
TRX-0048,Surabaya Branch,Pembayaran Tagihan Listrik,37.71,16,7,0,0,Tidak,3,1
TRX-0049,IT Dept,Pembayaran Vendor,40.56,23,7,0,0,Tidak,4,2
TRX-0050,IT Dept,Pengadaan Perangkat IT,11.22,11,2,0,0,Tidak,3,1
TRX-0051,Finance Dept,Biaya Perjalanan Dinas,175.64,17,3,0,1,Ya (Anomali),5,3
TRX-0052,IT Dept,Biaya Jamuan Klien,75.61,14,4,1,1,Tidak,4,2
TRX-0053,Medan Branch,Reimbursement Operasional,141.25,11,7,0,0,Tidak,5,3
TRX-0054,Finance Dept,Biaya Perjalanan Dinas,113.61,15,7,1,0,Tidak,5,1
TRX-0055,Surabaya Branch,Jasa Konsultan Audit,46.55,7,5,0,0,Tidak,4,1
TRX-0056,Operations Dept,Biaya Perjalanan Dinas,128.47,13,2,0,0,Tidak,4,1
TRX-0057,Medan Branch,Pembelian Material Gudang,5.63,16,2,0,0,Tidak,2,1
TRX-0058,Jakarta Branch,Pembayaran Gaji Lembur,11.91,20,4,0,0,Tidak,3,1
TRX-0059,Bandung Branch,Pembayaran Vendor,3.31,7,6,0,1,Tidak,2,2
TRX-0060,Surabaya Branch,Transfer Kas Internal,20.68,14,1,1,0,Tidak,4,1
TRX-0061,Surabaya Branch,Reimbursement Operasional,25.61,13,5,0,0,Tidak,3,1
TRX-0062,Surabaya Branch,Transfer Kas Internal,16.83,17,2,0,1,Tidak,4,1
TRX-0063,Medan Branch,Pembayaran Gaji Lembur,89.23,19,5,0,1,Tidak,5,2
TRX-0064,Jakarta Branch,Pembelian Material Gudang,23.06,6,2,0,0,Tidak,2,1
TRX-0065,Operations Dept,Pembelian Material Gudang,17.49,2,5,0,0,Ya (Anomali),3,3
TRX-0066,Finance Dept,Pembayaran Gaji Lembur,40.12,11,3,1,0,Tidak,4,3
TRX-0067,Jakarta Branch,Reimbursement Operasional,8.59,20,7,0,1,Tidak,3,1
TRX-0068,Medan Branch,Transfer Kas Internal,82.02,23,2,0,1,Tidak,4,1
TRX-0069,Surabaya Branch,Pengadaan Perangkat IT,4.87,2,5,0,1,Tidak,2,3
TRX-0070,Bandung Branch,Pembelian Material Gudang,217.71,19,1,1,0,Tidak,4,4
TRX-0071,Surabaya Branch,Transfer Kas Internal,74.97,13,3,1,1,Tidak,5,1
TRX-0072,Finance Dept,Pembayaran Tagihan Listrik,12.08,14,3,0,0,Tidak,4,1
TRX-0073,IT Dept,Transfer Kas Internal,1.28,13,1,0,0,Tidak,1,1
TRX-0074,Bandung Branch,Pembayaran Tagihan Listrik,85.49,6,5,1,0,Tidak,5,1
TRX-0075,Surabaya Branch,Pembayaran Tagihan Listrik,62.35,16,4,0,0,Tidak,4,1
TRX-0076,Operations Dept,Pembelian Material Gudang,66.28,11,1,1,0,Tidak,4,2
TRX-0077,Bandung Branch,Reimbursement Operasional,74.76,19,5,0,1,Tidak,4,1
TRX-0078,IT Dept,Jasa Konsultan Audit,4.85,3,1,0,1,Tidak,2,2
TRX-0079,Jakarta Branch,Pembelian Material Gudang,23.19,8,1,1,0,Tidak,3,2
TRX-0080,Medan Branch,Reimbursement Operasional,7.16,5,2,1,0,Ya (Anomali),3,4
TRX-0081,Surabaya Branch,Reimbursement Operasional,100.43,15,5,0,0,Tidak,5,1
TRX-0082,Finance Dept,Biaya Perjalanan Dinas,49.82,21,4,0,0,Tidak,4,1
TRX-0083,Jakarta Branch,Pembayaran Gaji Lembur,21.09,21,7,0,0,Tidak,3,1
TRX-0084,Surabaya Branch,Pembayaran Gaji Lembur,4.28,20,2,0,1,Tidak,2,1
TRX-0085,Jakarta Branch,Pembayaran Gaji Lembur,19.62,20,1,0,0,Tidak,3,1
TRX-0086,Finance Dept,Biaya Jamuan Klien,20.67,1,7,0,0,Ya (Anomali),3,3
TRX-0087,Surabaya Branch,Pembelian Material Gudang,66.39,23,6,1,0,Ya (Anomali),4,3
TRX-0088,IT Dept,Reimbursement Operasional,51.74,7,7,0,1,Tidak,5,1
TRX-0089,IT Dept,Biaya Perjalanan Dinas,110.11,10,1,0,1,Tidak,5,1
TRX-0090,Finance Dept,Pembayaran Tagihan Listrik,32.95,12,1,0,1,Tidak,4,1
TRX-0091,Bandung Branch,Jasa Konsultan Audit,7.37,16,5,0,1,Tidak,1,1
TRX-0092,Finance Dept,Jasa Konsultan Audit,63.46,7,5,0,0,Tidak,4,1
TRX-0093,Bandung Branch,Pembayaran Tagihan Listrik,72.52,20,2,1,0,Tidak,4,2
TRX-0094,Surabaya Branch,Transfer Kas Internal,42.19,17,4,0,1,Tidak,4,1
TRX-0095,Bandung Branch,Transfer Kas Internal,74.69,17,2,1,0,Tidak,3,3
TRX-0096,Surabaya Branch,Pembayaran Gaji Lembur,35.04,13,3,1,0,Tidak,5,1
TRX-0097,Surabaya Branch,Pembelian Material Gudang,37.98,14,1,0,0,Tidak,4,1
TRX-0098,Operations Dept,Biaya Jamuan Klien,28.89,5,7,1,0,Ya (Anomali),4,4
TRX-0099,Medan Branch,Biaya Perjalanan Dinas,2.29,10,6,1,0,Tidak,2,2
TRX-0100,Surabaya Branch,Jasa Konsultan Audit,6.71,12,1,0,0,Tidak,2,1
TRX-0101,Bandung Branch,Pembayaran Gaji Lembur,2.6,0,1,0,1,Tidak,2,3
TRX-0102,Medan Branch,Pembayaran Vendor,51.59,5,2,0,0,Tidak,3,1
TRX-0103,Medan Branch,Pembayaran Gaji Lembur,19.87,8,6,0,0,Tidak,3,1
TRX-0104,Surabaya Branch,Pembayaran Vendor,36.52,7,6,1,0,Tidak,4,2
TRX-0105,Finance Dept,Pengadaan Perangkat IT,120.06,10,6,0,0,Tidak,4,1
TRX-0106,Finance Dept,Reimbursement Operasional,15.34,21,2,1,0,Tidak,3,1
TRX-0107,IT Dept,Pembayaran Tagihan Listrik,27.41,18,1,0,0,Tidak,4,2
TRX-0108,Medan Branch,Reimbursement Operasional,71.44,23,2,0,0,Tidak,4,1
TRX-0109,Surabaya Branch,Pembayaran Gaji Lembur,13.99,8,5,1,0,Tidak,3,2
TRX-0110,Operations Dept,Reimbursement Operasional,5.01,16,5,0,0,Tidak,2,1
TRX-0111,Finance Dept,Biaya Perjalanan Dinas,18.11,11,2,0,0,Tidak,3,2
TRX-0112,Operations Dept,Pengadaan Perangkat IT,9.79,13,6,0,0,Tidak,3,1
TRX-0113,Surabaya Branch,Biaya Jamuan Klien,133.75,14,1,0,0,Tidak,4,2
TRX-0114,Surabaya Branch,Pengadaan Perangkat IT,83.54,15,2,0,0,Tidak,5,1
TRX-0115,Medan Branch,Jasa Konsultan Audit,51.17,21,2,0,0,Tidak,4,1
TRX-0116,Operations Dept,Biaya Perjalanan Dinas,103.58,21,2,0,0,Tidak,5,1
TRX-0117,IT Dept,Reimbursement Operasional,82.4,19,3,1,0,Tidak,5,1
TRX-0118,Medan Branch,Biaya Jamuan Klien,11.32,0,5,0,0,Tidak,3,1
TRX-0119,Jakarta Branch,Reimbursement Operasional,112.54,9,7,0,1,Tidak,5,2
TRX-0120,Operations Dept,Pembelian Material Gudang,39.75,7,6,0,1,Tidak,4,1
TRX-0121,Finance Dept,Pembelian Material Gudang,83.37,17,4,1,1,Tidak,5,3
TRX-0122,Finance Dept,Transfer Kas Internal,114.21,0,7,0,1,Ya (Anomali),5,3
TRX-0123,Finance Dept,Pengadaan Perangkat IT,20.14,1,6,0,0,Tidak,3,3
TRX-0124,Bandung Branch,Biaya Jamuan Klien,6.83,0,4,0,1,Tidak,2,3
TRX-0125,Surabaya Branch,Pembelian Material Gudang,13.93,0,3,0,0,Tidak,3,2
TRX-0126,Medan Branch,Transfer Kas Internal,28.85,8,2,1,0,Tidak,4,1
TRX-0127,Finance Dept,Biaya Perjalanan Dinas,86.19,12,3,0,0,Tidak,5,1
TRX-0128,Jakarta Branch,Biaya Jamuan Klien,99.57,0,3,0,0,Tidak,5,3
TRX-0129,Finance Dept,Transfer Kas Internal,1.35,12,7,0,1,Tidak,1,2
TRX-0130,IT Dept,Pembayaran Tagihan Listrik,36.74,19,1,0,0,Tidak,5,1
TRX-0131,Surabaya Branch,Biaya Jamuan Klien,28.01,21,7,1,1,Ya (Anomali),4,3
TRX-0132,Operations Dept,Pembayaran Gaji Lembur,13.56,6,5,1,0,Tidak,3,1
TRX-0133,Surabaya Branch,Transfer Kas Internal,7.38,1,4,0,0,Tidak,1,2
TRX-0134,Operations Dept,Reimbursement Operasional,21.6,5,2,1,0,Ya (Anomali),3,3
TRX-0135,Operations Dept,Pembayaran Gaji Lembur,144.16,6,7,1,0,Ya (Anomali),4,3
TRX-0136,Medan Branch,Pembayaran Tagihan Listrik,20.52,13,4,0,1,Tidak,4,1
TRX-0137,Bandung Branch,Pembelian Material Gudang,37.57,17,6,0,0,Tidak,4,1
TRX-0138,Operations Dept,Pembayaran Vendor,61.7,14,4,0,0,Tidak,4,1
TRX-0139,Operations Dept,Transfer Kas Internal,23.6,1,6,1,1,Ya (Anomali),3,3
TRX-0140,Medan Branch,Biaya Perjalanan Dinas,179.39,9,7,1,0,Ya (Anomali),5,4
TRX-0141,Finance Dept,Transfer Kas Internal,165.1,22,5,1,1,Ya (Anomali),5,5
TRX-0142,IT Dept,Pembayaran Vendor,15.5,11,7,1,0,Tidak,4,1
TRX-0143,Jakarta Branch,Pembayaran Tagihan Listrik,35.38,16,6,0,0,Tidak,5,1
TRX-0144,Medan Branch,Pembayaran Tagihan Listrik,18.9,7,4,1,0,Tidak,3,1
TRX-0145,Bandung Branch,Pembayaran Gaji Lembur,17.76,10,4,1,0,Tidak,4,1
TRX-0146,Medan Branch,Biaya Jamuan Klien,2.88,2,6,0,0,Tidak,2,2
TRX-0147,Surabaya Branch,Biaya Perjalanan Dinas,48.02,5,3,0,0,Tidak,4,1
TRX-0148,Finance Dept,Pembayaran Gaji Lembur,35.93,8,5,1,1,Ya (Anomali),4,3
TRX-0149,Finance Dept,Biaya Perjalanan Dinas,3.64,5,1,0,1,Tidak,2,2
TRX-0150,Operations Dept,Biaya Perjalanan Dinas,17.33,8,2,1,0,Tidak,2,1
TRX-0151,Finance Dept,Pembayaran Vendor,120.44,6,4,0,0,Tidak,5,2
TRX-0152,Finance Dept,Pembayaran Gaji Lembur,14.69,8,2,0,0,Tidak,3,1
TRX-0153,Finance Dept,Biaya Perjalanan Dinas,8.83,17,1,1,0,Tidak,3,2
TRX-0154,Finance Dept,Jasa Konsultan Audit,34.61,11,7,0,1,Tidak,4,1
TRX-0155,Jakarta Branch,Pembayaran Vendor,213.2,7,2,0,0,Tidak,5,2
TRX-0156,Bandung Branch,Pembayaran Tagihan Listrik,14.86,7,1,0,0,Tidak,3,2
TRX-0157,Operations Dept,Pembayaran Vendor,56.76,17,6,1,0,Tidak,4,1
TRX-0158,Finance Dept,Reimbursement Operasional,72.69,19,3,0,1,Tidak,3,2
TRX-0159,Operations Dept,Reimbursement Operasional,14.57,14,4,1,0,Tidak,2,4
TRX-0160,Bandung Branch,Biaya Perjalanan Dinas,66.14,6,1,0,0,Tidak,4,1
TRX-0161,IT Dept,Pembayaran Gaji Lembur,23.93,10,2,1,0,Tidak,3,3
TRX-0162,Finance Dept,Pembayaran Tagihan Listrik,51.03,19,4,1,0,Tidak,4,2
TRX-0163,Operations Dept,Pembayaran Vendor,51.19,15,3,0,0,Tidak,3,1
TRX-0164,Medan Branch,Pembayaran Gaji Lembur,39.37,3,6,0,0,Tidak,4,3
TRX-0165,Operations Dept,Pembayaran Vendor,5.73,5,7,0,1,Ya (Anomali),2,2
TRX-0166,Finance Dept,Pembayaran Vendor,91.18,21,4,0,0,Tidak,5,1
TRX-0167,Surabaya Branch,Jasa Konsultan Audit,20.34,2,7,0,0,Tidak,2,2
TRX-0168,Jakarta Branch,Reimbursement Operasional,11.32,8,1,0,1,Tidak,2,1
TRX-0169,Medan Branch,Pembayaran Vendor,3.08,9,3,0,1,Tidak,2,1
TRX-0170,Medan Branch,Jasa Konsultan Audit,45.69,13,2,0,0,Tidak,3,1
TRX-0171,Surabaya Branch,Reimbursement Operasional,57.59,10,3,0,0,Tidak,5,1
TRX-0172,Finance Dept,Jasa Konsultan Audit,1.84,17,3,0,0,Tidak,1,1
TRX-0173,Jakarta Branch,Pembayaran Gaji Lembur,36.88,21,5,1,1,Ya (Anomali),3,3
TRX-0174,Medan Branch,Biaya Jamuan Klien,13.84,11,3,0,0,Tidak,3,1
TRX-0175,Jakarta Branch,Reimbursement Operasional,52.81,22,3,0,0,Tidak,4,2
TRX-0176,Medan Branch,Pembelian Material Gudang,10.58,11,4,0,0,Tidak,2,1
TRX-0177,Finance Dept,Biaya Jamuan Klien,59.71,12,2,1,0,Tidak,5,2
TRX-0178,IT Dept,Pembayaran Gaji Lembur,25.45,12,4,1,0,Tidak,4,1
TRX-0179,Medan Branch,Pembayaran Vendor,139.02,18,4,1,0,Ya (Anomali),5,3
TRX-0180,IT Dept,Pembayaran Tagihan Listrik,8.4,18,1,1,0,Tidak,3,3
TRX-0181,Medan Branch,Pembayaran Gaji Lembur,21.86,22,4,0,0,Tidak,2,1
TRX-0182,Bandung Branch,Jasa Konsultan Audit,7.02,13,5,1,0,Tidak,2,2
TRX-0183,Finance Dept,Jasa Konsultan Audit,130.31,3,5,1,0,Ya (Anomali),5,3
TRX-0184,Surabaya Branch,Jasa Konsultan Audit,105.92,12,7,0,0,Tidak,5,1
TRX-0185,IT Dept,Jasa Konsultan Audit,15.92,7,1,1,0,Tidak,3,2
TRX-0186,Surabaya Branch,Pembayaran Gaji Lembur,54.94,22,7,0,0,Tidak,4,1
TRX-0187,Finance Dept,Pembayaran Tagihan Listrik,85.97,20,7,0,1,Tidak,5,1
TRX-0188,Operations Dept,Transfer Kas Internal,41.51,22,6,0,1,Ya (Anomali),4,4
TRX-0189,Surabaya Branch,Jasa Konsultan Audit,38.71,18,2,0,1,Tidak,4,2
TRX-0190,Finance Dept,Transfer Kas Internal,14.84,11,2,0,0,Tidak,3,1
TRX-0191,Surabaya Branch,Pembayaran Tagihan Listrik,5.89,17,4,0,0,Tidak,3,1
TRX-0192,IT Dept,Pembayaran Tagihan Listrik,114.76,5,4,0,0,Tidak,4,2
TRX-0193,Bandung Branch,Biaya Jamuan Klien,116.34,17,6,0,0,Tidak,5,1
TRX-0194,Surabaya Branch,Reimbursement Operasional,51.13,18,4,1,0,Tidak,4,2
TRX-0195,IT Dept,Pembelian Material Gudang,21.7,21,2,0,1,Tidak,2,2
TRX-0196,Medan Branch,Biaya Perjalanan Dinas,22.48,4,7,0,0,Tidak,3,1
TRX-0197,Finance Dept,Pembelian Material Gudang,65.72,23,3,1,0,Ya (Anomali),4,3
TRX-0198,Jakarta Branch,Pembayaran Gaji Lembur,114.7,8,5,1,1,Tidak,5,3
TRX-0199,Operations Dept,Biaya Perjalanan Dinas,110.06,2,3,0,1,Ya (Anomali),4,3
TRX-0200,Jakarta Branch,Pembayaran Tagihan Listrik,76.68,9,3,1,1,Tidak,4,4
TRX-0201,Finance Dept,Pembelian Material Gudang,52.37,18,2,1,0,Tidak,4,2
TRX-0202,Bandung Branch,Pengadaan Perangkat IT,5.39,2,3,1,0,Tidak,3,2
TRX-0203,Surabaya Branch,Reimbursement Operasional,9.81,21,6,0,0,Tidak,3,1
TRX-0204,Bandung Branch,Pembelian Material Gudang,115.41,14,1,0,0,Tidak,5,1
TRX-0205,Jakarta Branch,Reimbursement Operasional,47.62,0,4,0,0,Tidak,5,2
TRX-0206,Operations Dept,Transfer Kas Internal,1.46,6,1,0,0,Tidak,1,1
TRX-0207,IT Dept,Pembayaran Gaji Lembur,6.35,11,7,0,1,Tidak,2,1
TRX-0208,Operations Dept,Reimbursement Operasional,55.46,16,5,0,0,Tidak,5,1
TRX-0209,Finance Dept,Transfer Kas Internal,1.25,20,4,0,1,Tidak,1,2
TRX-0210,Finance Dept,Jasa Konsultan Audit,9.77,23,3,0,1,Ya (Anomali),3,3
TRX-0211,Bandung Branch,Transfer Kas Internal,40.78,19,5,0,0,Tidak,4,1
TRX-0212,IT Dept,Pembayaran Gaji Lembur,59.87,4,4,1,1,Ya (Anomali),4,3
TRX-0213,Bandung Branch,Biaya Jamuan Klien,53.77,3,6,0,0,Tidak,3,1
TRX-0214,Surabaya Branch,Jasa Konsultan Audit,13.7,11,6,0,0,Tidak,3,1
TRX-0215,Medan Branch,Pembayaran Tagihan Listrik,63.27,19,6,1,1,Tidak,4,2
TRX-0216,IT Dept,Pembayaran Vendor,14.54,23,6,0,0,Tidak,3,2
TRX-0217,Medan Branch,Transfer Kas Internal,20.68,17,3,0,1,Tidak,3,2
TRX-0218,Operations Dept,Transfer Kas Internal,69.62,16,1,1,0,Tidak,5,2
TRX-0219,Surabaya Branch,Reimbursement Operasional,53.44,18,4,0,0,Tidak,4,1
TRX-0220,Medan Branch,Pembayaran Tagihan Listrik,95.6,8,3,1,0,Tidak,4,3
TRX-0221,Jakarta Branch,Pembelian Material Gudang,54.59,3,6,0,0,Tidak,4,1
TRX-0222,Operations Dept,Pengadaan Perangkat IT,43.0,20,7,0,0,Tidak,4,1
TRX-0223,Medan Branch,Biaya Perjalanan Dinas,5.92,1,1,0,0,Tidak,3,2
TRX-0224,Surabaya Branch,Transfer Kas Internal,23.92,3,7,0,1,Tidak,2,3
TRX-0225,Medan Branch,Pembelian Material Gudang,16.41,1,5,1,1,Ya (Anomali),3,3
TRX-0226,Finance Dept,Pengadaan Perangkat IT,14.99,14,7,0,0,Tidak,4,1
TRX-0227,Bandung Branch,Biaya Perjalanan Dinas,181.62,1,5,0,1,Ya (Anomali),5,5
TRX-0228,Jakarta Branch,Pembayaran Vendor,25.97,3,5,0,1,Tidak,3,2
TRX-0229,Finance Dept,Reimbursement Operasional,112.3,5,6,0,1,Ya (Anomali),5,3
TRX-0230,Finance Dept,Pembelian Material Gudang,50.87,6,5,0,0,Tidak,3,1
TRX-0231,Surabaya Branch,Reimbursement Operasional,80.19,9,2,0,0,Tidak,4,1
TRX-0232,Bandung Branch,Biaya Perjalanan Dinas,35.92,18,4,0,1,Tidak,4,2
TRX-0233,Bandung Branch,Biaya Jamuan Klien,44.01,18,4,0,0,Tidak,4,1
TRX-0234,IT Dept,Transfer Kas Internal,34.91,21,6,0,1,Tidak,4,2
TRX-0235,Operations Dept,Jasa Konsultan Audit,11.86,11,2,0,0,Tidak,2,1
TRX-0236,Jakarta Branch,Pengadaan Perangkat IT,65.09,2,7,0,0,Tidak,4,2
TRX-0237,Operations Dept,Pembayaran Tagihan Listrik,17.48,12,3,1,0,Tidak,4,2
TRX-0238,Surabaya Branch,Pembayaran Gaji Lembur,2.23,17,7,0,0,Tidak,2,1
TRX-0239,Jakarta Branch,Transfer Kas Internal,52.85,7,3,0,0,Tidak,5,1
TRX-0240,IT Dept,Jasa Konsultan Audit,10.75,20,5,0,1,Tidak,4,2
TRX-0241,Medan Branch,Pembayaran Gaji Lembur,142.05,14,1,0,0,Tidak,5,2
TRX-0242,Finance Dept,Pembelian Material Gudang,154.88,0,3,0,1,Ya (Anomali),5,5
TRX-0243,Jakarta Branch,Pembayaran Gaji Lembur,124.18,2,1,0,1,Ya (Anomali),5,4
TRX-0244,Operations Dept,Pembayaran Vendor,24.11,7,4,1,0,Tidak,3,2
TRX-0245,Finance Dept,Transfer Kas Internal,1.78,3,1,0,1,Ya (Anomali),1,4
TRX-0246,Surabaya Branch,Reimbursement Operasional,132.78,15,4,1,1,Ya (Anomali),5,5
TRX-0247,Operations Dept,Biaya Jamuan Klien,28.95,22,2,1,1,Ya (Anomali),5,5
TRX-0248,Medan Branch,Pembayaran Tagihan Listrik,171.04,9,2,0,1,Tidak,5,3
TRX-0249,Surabaya Branch,Reimbursement Operasional,166.69,11,6,0,1,Ya (Anomali),5,4
TRX-0250,Medan Branch,Jasa Konsultan Audit,96.87,13,6,0,0,Tidak,4,1
TRX-0251,Medan Branch,Transfer Kas Internal,18.44,13,5,0,0,Tidak,3,1
TRX-0252,Finance Dept,Biaya Jamuan Klien,25.31,1,3,1,1,Ya (Anomali),4,5
TRX-0253,Surabaya Branch,Pembayaran Gaji Lembur,96.24,22,5,0,0,Tidak,5,2
TRX-0254,Surabaya Branch,Transfer Kas Internal,20.06,4,4,0,0,Tidak,3,2
TRX-0255,Jakarta Branch,Pembayaran Gaji Lembur,10.29,4,5,1,0,Ya (Anomali),3,5
TRX-0256,Operations Dept,Pembelian Material Gudang,41.69,5,1,0,1,Tidak,4,3
TRX-0257,Surabaya Branch,Pembayaran Vendor,138.56,12,4,0,0,Tidak,5,3
TRX-0258,Jakarta Branch,Biaya Perjalanan Dinas,60.54,8,6,0,1,Tidak,4,2
TRX-0259,Bandung Branch,Transfer Kas Internal,43.21,21,2,0,0,Tidak,4,1
TRX-0260,Bandung Branch,Jasa Konsultan Audit,6.11,14,6,1,0,Tidak,3,1
TRX-0261,Bandung Branch,Pembayaran Gaji Lembur,48.73,13,3,0,0,Tidak,5,1
TRX-0262,IT Dept,Reimbursement Operasional,231.53,23,4,0,0,Ya (Anomali),5,3
TRX-0263,Surabaya Branch,Pembelian Material Gudang,8.55,6,4,0,1,Tidak,3,2
TRX-0264,IT Dept,Jasa Konsultan Audit,37.52,19,1,0,1,Tidak,4,1
TRX-0265,Operations Dept,Pembayaran Tagihan Listrik,105.93,1,3,0,1,Ya (Anomali),5,4
TRX-0266,Surabaya Branch,Biaya Perjalanan Dinas,68.5,6,2,0,0,Tidak,4,1
TRX-0267,Jakarta Branch,Pembelian Material Gudang,60.7,5,7,0,0,Tidak,4,1
TRX-0268,IT Dept,Pembayaran Vendor,61.61,16,4,1,1,Tidak,4,1
TRX-0269,IT Dept,Biaya Perjalanan Dinas,23.27,1,4,0,1,Ya (Anomali),2,4
TRX-0270,Operations Dept,Pembayaran Gaji Lembur,18.38,2,1,0,0,Tidak,3,3
TRX-0271,IT Dept,Jasa Konsultan Audit,83.87,4,5,0,0,Tidak,5,2
TRX-0272,Medan Branch,Pembayaran Tagihan Listrik,84.07,4,2,1,0,Ya (Anomali),5,3
TRX-0273,Jakarta Branch,Pengadaan Perangkat IT,101.9,0,6,0,1,Ya (Anomali),5,3
TRX-0274,Bandung Branch,Pembayaran Vendor,123.23,7,3,0,0,Tidak,5,1
TRX-0275,Jakarta Branch,Biaya Jamuan Klien,36.8,11,4,1,0,Tidak,3,2
TRX-0276,Medan Branch,Pembayaran Gaji Lembur,35.81,23,4,0,0,Tidak,4,2
TRX-0277,Operations Dept,Pengadaan Perangkat IT,81.05,3,6,0,1,Ya (Anomali),5,4
TRX-0278,Operations Dept,Transfer Kas Internal,53.49,12,2,0,0,Tidak,4,1
TRX-0279,Surabaya Branch,Pembayaran Tagihan Listrik,61.53,22,5,0,0,Tidak,4,1
TRX-0280,Jakarta Branch,Reimbursement Operasional,80.43,14,4,1,0,Tidak,3,2
TRX-0281,Operations Dept,Biaya Jamuan Klien,111.37,10,2,0,0,Tidak,5,1
TRX-0282,IT Dept,Jasa Konsultan Audit,21.62,9,6,0,0,Tidak,3,1
TRX-0283,Operations Dept,Pembayaran Tagihan Listrik,24.55,2,1,1,1,Ya (Anomali),4,5
TRX-0284,Operations Dept,Biaya Perjalanan Dinas,5.93,21,5,0,1,Tidak,2,1
TRX-0285,Operations Dept,Pembelian Material Gudang,44.17,13,3,0,1,Tidak,4,1
TRX-0286,Operations Dept,Biaya Perjalanan Dinas,2.83,15,4,0,1,Tidak,2,2
TRX-0287,Bandung Branch,Biaya Perjalanan Dinas,32.33,9,2,0,0,Tidak,4,1
TRX-0288,Bandung Branch,Transfer Kas Internal,40.11,9,1,0,1,Tidak,4,1
TRX-0289,Surabaya Branch,Pembayaran Vendor,17.88,11,3,0,0,Tidak,3,1
TRX-0290,Operations Dept,Reimbursement Operasional,45.68,8,7,0,1,Tidak,4,3
TRX-0291,Jakarta Branch,Biaya Jamuan Klien,2.55,0,2,0,1,Tidak,2,3
TRX-0292,Medan Branch,Pembayaran Vendor,2.9,4,2,1,0,Ya (Anomali),2,3
TRX-0293,Surabaya Branch,Pembayaran Tagihan Listrik,87.47,19,3,0,0,Tidak,4,1
TRX-0294,Jakarta Branch,Biaya Perjalanan Dinas,23.33,7,1,0,0,Tidak,4,1
TRX-0295,Operations Dept,Transfer Kas Internal,7.79,10,7,0,0,Tidak,1,1
TRX-0296,Finance Dept,Pembayaran Tagihan Listrik,37.93,11,6,0,0,Tidak,4,1
TRX-0297,Operations Dept,Pembelian Material Gudang,74.48,0,1,0,1,Ya (Anomali),4,3
TRX-0298,Bandung Branch,Reimbursement Operasional,13.16,21,5,0,1,Tidak,3,2
TRX-0299,Medan Branch,Biaya Jamuan Klien,49.76,19,4,0,0,Tidak,4,1
TRX-0300,IT Dept,Pembelian Material Gudang,5.46,10,3,1,0,Tidak,1,2
TRX-0301,Medan Branch,Transfer Kas Internal,3.65,4,6,0,0,Tidak,2,3
TRX-0302,IT Dept,Reimbursement Operasional,38.9,14,7,1,1,Tidak,4,2
TRX-0303,Medan Branch,Pembayaran Tagihan Listrik,39.9,4,3,0,0,Tidak,4,3
TRX-0304,Bandung Branch,Biaya Perjalanan Dinas,51.73,11,3,1,0,Tidak,4,3
TRX-0305,IT Dept,Biaya Perjalanan Dinas,65.75,4,1,0,0,Tidak,5,1
TRX-0306,Jakarta Branch,Pembayaran Gaji Lembur,187.18,16,4,1,0,Ya (Anomali),5,5
TRX-0307,IT Dept,Biaya Perjalanan Dinas,37.31,16,5,0,0,Tidak,5,2
TRX-0308,Surabaya Branch,Pengadaan Perangkat IT,20.5,23,2,0,1,Tidak,3,4
TRX-0309,Jakarta Branch,Biaya Perjalanan Dinas,80.28,11,2,0,0,Tidak,4,1
TRX-0310,Surabaya Branch,Pengadaan Perangkat IT,16.79,23,3,0,1,Tidak,4,3
TRX-0311,Operations Dept,Jasa Konsultan Audit,29.9,14,4,0,0,Tidak,5,1
TRX-0312,Medan Branch,Pengadaan Perangkat IT,5.09,14,7,0,1,Tidak,2,3
TRX-0313,Jakarta Branch,Reimbursement Operasional,2.28,5,7,0,1,Ya (Anomali),2,3
TRX-0314,Medan Branch,Pembelian Material Gudang,165.37,11,6,0,0,Tidak,5,2
TRX-0315,Operations Dept,Reimbursement Operasional,91.39,19,1,0,0,Tidak,5,1
TRX-0316,Finance Dept,Pembelian Material Gudang,60.53,17,4,0,0,Tidak,4,1
TRX-0317,Medan Branch,Pembayaran Gaji Lembur,27.29,13,4,1,1,Ya (Anomali),4,3
TRX-0318,Operations Dept,Jasa Konsultan Audit,10.52,1,1,0,0,Tidak,4,3
TRX-0319,Medan Branch,Pembelian Material Gudang,9.51,8,7,1,1,Tidak,2,3
TRX-0320,Operations Dept,Pembelian Material Gudang,15.4,4,7,0,0,Tidak,3,2
TRX-0321,Surabaya Branch,Transfer Kas Internal,40.84,19,7,1,1,Tidak,4,4
TRX-0322,Operations Dept,Pembayaran Vendor,63.69,0,3,1,1,Ya (Anomali),4,5
TRX-0323,IT Dept,Pembayaran Vendor,54.97,22,4,0,1,Tidak,3,3
TRX-0324,Finance Dept,Transfer Kas Internal,17.42,2,2,0,0,Tidak,3,3
TRX-0325,Medan Branch,Biaya Perjalanan Dinas,155.91,5,1,0,0,Ya (Anomali),5,3
TRX-0326,Operations Dept,Transfer Kas Internal,67.95,4,7,1,1,Ya (Anomali),5,4
TRX-0327,Operations Dept,Pembelian Material Gudang,41.41,20,6,0,0,Tidak,4,1
TRX-0328,Medan Branch,Pembelian Material Gudang,48.3,4,7,0,0,Tidak,4,2
TRX-0329,Finance Dept,Transfer Kas Internal,28.2,0,7,0,0,Ya (Anomali),4,4
TRX-0330,Finance Dept,Transfer Kas Internal,15.23,16,5,1,0,Tidak,4,1
TRX-0331,Operations Dept,Biaya Perjalanan Dinas,23.0,18,3,1,0,Tidak,3,2
TRX-0332,Jakarta Branch,Reimbursement Operasional,71.91,13,1,1,0,Tidak,4,1
TRX-0333,Surabaya Branch,Jasa Konsultan Audit,1.72,11,5,0,0,Tidak,1,1
TRX-0334,Finance Dept,Pembayaran Tagihan Listrik,7.17,9,5,0,1,Tidak,2,2
TRX-0335,Finance Dept,Pembelian Material Gudang,3.35,19,6,0,1,Tidak,1,2
TRX-0336,Bandung Branch,Jasa Konsultan Audit,3.08,20,4,0,1,Tidak,2,1
TRX-0337,IT Dept,Transfer Kas Internal,97.71,17,6,0,1,Tidak,5,2
TRX-0338,Finance Dept,Biaya Perjalanan Dinas,61.81,23,4,0,0,Tidak,4,3
TRX-0339,Surabaya Branch,Pengadaan Perangkat IT,33.14,10,4,0,0,Tidak,4,1
TRX-0340,IT Dept,Biaya Perjalanan Dinas,6.15,1,1,0,0,Tidak,2,3
TRX-0341,IT Dept,Biaya Jamuan Klien,34.83,17,7,1,0,Tidak,4,2
TRX-0342,Medan Branch,Biaya Jamuan Klien,33.07,6,1,0,1,Tidak,4,2
TRX-0343,Medan Branch,Jasa Konsultan Audit,10.51,23,3,1,0,Ya (Anomali),3,4
TRX-0344,Medan Branch,Pembayaran Vendor,29.44,14,4,0,0,Tidak,4,1
TRX-0345,Medan Branch,Biaya Jamuan Klien,26.42,10,5,0,0,Tidak,4,1
TRX-0346,Bandung Branch,Biaya Jamuan Klien,48.84,17,7,0,0,Tidak,5,1
TRX-0347,Finance Dept,Reimbursement Operasional,51.41,22,2,0,1,Ya (Anomali),4,4
TRX-0348,Medan Branch,Pengadaan Perangkat IT,3.32,11,3,0,0,Tidak,2,1
TRX-0349,Operations Dept,Reimbursement Operasional,24.47,5,1,0,1,Ya (Anomali),3,4
TRX-0350,Jakarta Branch,Pengadaan Perangkat IT,50.16,19,6,0,0,Tidak,4,1
TRX-0351,Medan Branch,Pembayaran Gaji Lembur,35.97,22,3,0,0,Tidak,4,1
TRX-0352,Finance Dept,Pembayaran Tagihan Listrik,98.07,12,3,0,1,Tidak,5,2
TRX-0353,Medan Branch,Pembelian Material Gudang,54.75,19,7,1,0,Tidak,5,3
TRX-0354,Bandung Branch,Biaya Jamuan Klien,9.89,15,3,1,1,Ya (Anomali),3,2
TRX-0355,Surabaya Branch,Pembelian Material Gudang,4.66,17,3,0,1,Tidak,3,2
TRX-0356,Surabaya Branch,Biaya Jamuan Klien,52.42,9,2,0,1,Tidak,5,1
TRX-0357,Finance Dept,Reimbursement Operasional,2.34,22,6,1,1,Ya (Anomali),1,5
TRX-0358,Operations Dept,Pembayaran Tagihan Listrik,45.07,7,6,1,0,Tidak,4,3
TRX-0359,Surabaya Branch,Reimbursement Operasional,141.86,17,6,0,1,Tidak,5,2
TRX-0360,Surabaya Branch,Reimbursement Operasional,43.84,20,4,1,0,Tidak,5,2
TRX-0361,Jakarta Branch,Pengadaan Perangkat IT,25.57,0,5,0,1,Ya (Anomali),2,3
TRX-0362,Finance Dept,Pembayaran Vendor,52.54,22,6,1,1,Ya (Anomali),3,4
TRX-0363,Operations Dept,Biaya Perjalanan Dinas,31.65,7,3,1,1,Tidak,4,3
TRX-0364,Finance Dept,Jasa Konsultan Audit,40.44,5,3,0,1,Ya (Anomali),5,4
TRX-0365,Surabaya Branch,Pembelian Material Gudang,142.91,4,6,0,0,Ya (Anomali),5,4
TRX-0366,Surabaya Branch,Pembayaran Gaji Lembur,25.4,14,7,1,1,Tidak,3,3
TRX-0367,Surabaya Branch,Biaya Jamuan Klien,163.45,21,6,0,0,Tidak,5,2
TRX-0368,IT Dept,Reimbursement Operasional,118.88,14,3,0,1,Tidak,4,1
TRX-0369,Bandung Branch,Pembayaran Vendor,11.89,1,4,1,1,Ya (Anomali),3,4
TRX-0370,Medan Branch,Reimbursement Operasional,4.59,0,1,0,0,Tidak,2,2
TRX-0371,Bandung Branch,Pembayaran Tagihan Listrik,6.31,22,1,0,0,Tidak,3,1
TRX-0372,Finance Dept,Pengadaan Perangkat IT,1.92,22,6,0,0,Tidak,1,3
TRX-0373,Jakarta Branch,Pembayaran Gaji Lembur,5.96,10,2,0,1,Tidak,2,2
TRX-0374,Medan Branch,Biaya Perjalanan Dinas,58.44,9,6,0,0,Tidak,4,1
TRX-0375,Jakarta Branch,Pembayaran Tagihan Listrik,4.69,17,7,0,0,Tidak,2,1
TRX-0376,Operations Dept,Transfer Kas Internal,20.21,17,6,0,0,Tidak,2,1
TRX-0377,IT Dept,Pembayaran Gaji Lembur,94.18,16,1,0,1,Tidak,5,3
TRX-0378,Finance Dept,Reimbursement Operasional,2.18,7,3,0,0,Tidak,2,1
TRX-0379,IT Dept,Pembayaran Tagihan Listrik,85.23,14,6,0,0,Tidak,5,1
TRX-0380,Finance Dept,Biaya Perjalanan Dinas,17.55,7,3,0,0,Tidak,3,1
TRX-0381,Jakarta Branch,Pembayaran Vendor,7.29,16,3,0,0,Tidak,2,1
TRX-0382,Jakarta Branch,Pembayaran Vendor,60.66,11,2,0,0,Tidak,4,2
TRX-0383,Jakarta Branch,Pembelian Material Gudang,50.57,7,3,0,0,Tidak,4,1
TRX-0384,Finance Dept,Biaya Perjalanan Dinas,105.97,13,1,0,0,Tidak,5,1
TRX-0385,Surabaya Branch,Pembayaran Vendor,67.41,3,4,1,1,Ya (Anomali),4,5
TRX-0386,Jakarta Branch,Pembayaran Tagihan Listrik,82.35,0,4,0,1,Tidak,5,3
TRX-0387,IT Dept,Pembelian Material Gudang,17.57,0,5,0,0,Tidak,3,1
TRX-0388,Operations Dept,Pembayaran Vendor,10.77,18,7,0,1,Tidak,3,1
TRX-0389,Medan Branch,Pembayaran Gaji Lembur,70.44,15,6,0,0,Tidak,4,1
TRX-0390,Finance Dept,Pengadaan Perangkat IT,83.21,13,7,0,0,Tidak,5,1
TRX-0391,IT Dept,Transfer Kas Internal,233.85,20,1,0,0,Tidak,4,2
TRX-0392,Bandung Branch,Biaya Perjalanan Dinas,27.6,15,3,0,0,Tidak,4,1
TRX-0393,Operations Dept,Pembayaran Tagihan Listrik,24.26,4,4,0,0,Tidak,3,2
TRX-0394,Bandung Branch,Biaya Jamuan Klien,75.9,8,7,0,0,Tidak,4,1
TRX-0395,Medan Branch,Reimbursement Operasional,21.84,1,1,0,0,Tidak,3,2
TRX-0396,Surabaya Branch,Pembayaran Tagihan Listrik,134.51,17,4,0,1,Tidak,5,2
TRX-0397,Jakarta Branch,Pembayaran Vendor,98.74,5,3,0,0,Tidak,5,2
TRX-0398,Finance Dept,Pembayaran Tagihan Listrik,29.02,8,7,0,0,Tidak,4,2
TRX-0399,IT Dept,Biaya Jamuan Klien,70.49,0,4,0,0,Tidak,4,2
TRX-0400,Jakarta Branch,Reimbursement Operasional,71.23,8,6,0,0,Tidak,4,1
TRX-0401,IT Dept,Pembelian Material Gudang,6.44,15,6,0,0,Tidak,2,1
TRX-0402,Finance Dept,Pembayaran Vendor,117.42,12,5,0,0,Tidak,5,1
TRX-0403,Bandung Branch,Jasa Konsultan Audit,36.19,8,5,0,1,Tidak,5,2
TRX-0404,Jakarta Branch,Pembayaran Vendor,88.57,20,4,0,0,Tidak,5,2
TRX-0405,Medan Branch,Transfer Kas Internal,20.29,12,1,0,0,Tidak,3,1
TRX-0406,Surabaya Branch,Jasa Konsultan Audit,113.94,8,6,0,1,Tidak,4,3
TRX-0407,Medan Branch,Transfer Kas Internal,25.65,10,1,1,0,Tidak,3,1
TRX-0408,Surabaya Branch,Biaya Jamuan Klien,1.54,3,1,0,0,Tidak,1,2
TRX-0409,Operations Dept,Biaya Perjalanan Dinas,118.9,1,4,1,1,Ya (Anomali),5,4
TRX-0410,IT Dept,Reimbursement Operasional,5.79,5,1,0,0,Tidak,2,2
TRX-0411,Jakarta Branch,Pengadaan Perangkat IT,20.23,13,6,0,0,Tidak,3,1
TRX-0412,Jakarta Branch,Pembelian Material Gudang,150.85,3,3,0,0,Ya (Anomali),5,5
TRX-0413,Operations Dept,Pengadaan Perangkat IT,151.4,5,5,0,0,Ya (Anomali),5,4
TRX-0414,Surabaya Branch,Pembayaran Gaji Lembur,43.6,18,3,0,0,Tidak,5,1
TRX-0415,Bandung Branch,Pembayaran Gaji Lembur,50.96,5,1,1,0,Tidak,3,2
TRX-0416,Finance Dept,Biaya Jamuan Klien,30.75,1,3,0,0,Ya (Anomali),4,3
TRX-0417,Medan Branch,Biaya Perjalanan Dinas,18.35,17,6,1,0,Ya (Anomali),3,3
TRX-0418,Operations Dept,Pembayaran Gaji Lembur,20.92,12,6,0,1,Tidak,2,1
TRX-0419,IT Dept,Pembayaran Vendor,56.82,8,1,0,0,Tidak,4,1
TRX-0420,Operations Dept,Pembayaran Tagihan Listrik,70.79,22,4,0,0,Ya (Anomali),3,2
TRX-0421,Medan Branch,Transfer Kas Internal,79.41,18,3,0,0,Tidak,4,1
TRX-0422,Medan Branch,Pembayaran Gaji Lembur,78.94,12,4,0,1,Tidak,4,1
TRX-0423,IT Dept,Biaya Jamuan Klien,5.78,10,4,0,0,Tidak,1,1
TRX-0424,IT Dept,Transfer Kas Internal,35.1,0,2,0,1,Ya (Anomali),3,3
TRX-0425,Jakarta Branch,Pembayaran Vendor,3.96,23,1,0,0,Tidak,2,2
TRX-0426,Medan Branch,Biaya Perjalanan Dinas,40.87,21,5,0,0,Tidak,4,1
TRX-0427,Finance Dept,Reimbursement Operasional,30.13,6,6,1,0,Tidak,4,3
TRX-0428,Finance Dept,Pengadaan Perangkat IT,110.33,20,6,0,0,Tidak,5,1
TRX-0429,Surabaya Branch,Pembayaran Vendor,22.61,14,1,1,0,Tidak,3,2
TRX-0430,Operations Dept,Pembelian Material Gudang,7.23,0,7,1,0,Ya (Anomali),2,5
TRX-0431,IT Dept,Jasa Konsultan Audit,8.72,11,7,1,0,Tidak,2,2
TRX-0432,Jakarta Branch,Biaya Jamuan Klien,72.67,6,7,0,0,Tidak,4,1
TRX-0433,Finance Dept,Pengadaan Perangkat IT,49.15,14,5,0,1,Tidak,4,1
TRX-0434,Bandung Branch,Pembelian Material Gudang,6.33,20,6,1,1,Ya (Anomali),2,3
TRX-0435,Jakarta Branch,Reimbursement Operasional,5.39,18,1,0,0,Tidak,2,1
TRX-0436,Jakarta Branch,Pembelian Material Gudang,61.36,0,6,0,0,Tidak,4,2
TRX-0437,Finance Dept,Biaya Perjalanan Dinas,4.78,16,4,0,0,Tidak,1,1
TRX-0438,Bandung Branch,Jasa Konsultan Audit,87.26,16,3,0,1,Tidak,5,1
TRX-0439,Surabaya Branch,Transfer Kas Internal,62.25,2,3,0,0,Tidak,4,1
TRX-0440,Finance Dept,Pengadaan Perangkat IT,5.24,11,6,0,1,Tidak,3,1
TRX-0441,Bandung Branch,Jasa Konsultan Audit,5.43,5,2,1,0,Ya (Anomali),2,3
TRX-0442,Jakarta Branch,Pembayaran Tagihan Listrik,216.77,10,5,0,0,Tidak,5,1
TRX-0443,Bandung Branch,Pembayaran Vendor,24.44,2,7,1,0,Tidak,3,2
TRX-0444,Jakarta Branch,Pembayaran Tagihan Listrik,24.15,7,5,0,1,Tidak,4,1
TRX-0445,Operations Dept,Pembayaran Vendor,84.78,13,5,0,0,Tidak,5,1
TRX-0446,Finance Dept,Biaya Perjalanan Dinas,148.11,13,4,0,0,Tidak,5,1
TRX-0447,IT Dept,Jasa Konsultan Audit,214.44,9,5,0,1,Ya (Anomali),5,3
TRX-0448,Finance Dept,Reimbursement Operasional,70.99,1,3,1,0,Ya (Anomali),4,5
TRX-0449,Operations Dept,Pembayaran Gaji Lembur,24.6,13,4,0,1,Tidak,3,1
TRX-0450,Medan Branch,Pembelian Material Gudang,5.36,8,1,0,0,Tidak,2,1
TRX-0451,Medan Branch,Pembayaran Gaji Lembur,76.06,2,5,0,1,Ya (Anomali),4,2
TRX-0452,Medan Branch,Jasa Konsultan Audit,41.87,20,5,0,0,Tidak,3,1
TRX-0453,Finance Dept,Pembayaran Tagihan Listrik,28.6,7,1,0,0,Tidak,4,1
TRX-0454,Surabaya Branch,Pembayaran Gaji Lembur,119.41,15,5,0,1,Tidak,5,2
TRX-0455,Finance Dept,Biaya Jamuan Klien,6.89,1,1,0,0,Tidak,2,3
TRX-0456,Operations Dept,Pembayaran Gaji Lembur,34.93,5,4,1,0,Ya (Anomali),4,3
TRX-0457,Operations Dept,Pembayaran Vendor,1.57,20,3,0,0,Tidak,1,2
TRX-0458,IT Dept,Biaya Jamuan Klien,32.62,11,1,0,0,Tidak,5,1
TRX-0459,Bandung Branch,Pengadaan Perangkat IT,3.9,4,2,0,0,Tidak,2,3
TRX-0460,Finance Dept,Pembayaran Gaji Lembur,7.32,1,1,1,0,Ya (Anomali),2,3
TRX-0461,Finance Dept,Biaya Jamuan Klien,7.25,15,5,0,0,Tidak,2,1
TRX-0462,Jakarta Branch,Jasa Konsultan Audit,53.38,4,7,0,0,Tidak,5,1
TRX-0463,Operations Dept,Pembelian Material Gudang,69.53,14,7,0,0,Tidak,4,1
TRX-0464,Jakarta Branch,Pengadaan Perangkat IT,44.78,11,4,1,0,Tidak,4,2
TRX-0465,Jakarta Branch,Reimbursement Operasional,164.74,3,6,0,1,Ya (Anomali),5,5
TRX-0466,Finance Dept,Reimbursement Operasional,24.49,14,4,1,1,Tidak,3,3
TRX-0467,Surabaya Branch,Biaya Perjalanan Dinas,17.82,10,6,0,1,Tidak,3,1
TRX-0468,Bandung Branch,Pembayaran Gaji Lembur,102.48,15,7,0,0,Tidak,5,1
TRX-0469,Bandung Branch,Pembelian Material Gudang,13.65,22,7,1,0,Tidak,3,1
TRX-0470,Operations Dept,Transfer Kas Internal,166.14,5,1,0,0,Ya (Anomali),5,4
TRX-0471,IT Dept,Biaya Jamuan Klien,1.61,13,3,1,0,Tidak,1,3
TRX-0472,Operations Dept,Pengadaan Perangkat IT,176.13,17,2,1,0,Ya (Anomali),5,3
TRX-0473,Surabaya Branch,Jasa Konsultan Audit,3.21,11,4,1,0,Tidak,2,2
TRX-0474,Surabaya Branch,Pembayaran Gaji Lembur,111.89,10,5,0,0,Tidak,5,1
TRX-0475,Bandung Branch,Jasa Konsultan Audit,38.51,12,6,1,1,Tidak,4,1
TRX-0476,Medan Branch,Transfer Kas Internal,248.84,20,5,0,0,Tidak,5,2
TRX-0477,Jakarta Branch,Biaya Perjalanan Dinas,4.83,22,3,1,0,Tidak,2,2
TRX-0478,Jakarta Branch,Transfer Kas Internal,41.36,10,6,0,0,Tidak,4,1
TRX-0479,Bandung Branch,Pembayaran Vendor,175.18,22,4,1,0,Ya (Anomali),5,3
TRX-0480,Operations Dept,Pembayaran Tagihan Listrik,38.02,15,1,0,1,Ya (Anomali),4,3
TRX-0481,Surabaya Branch,Pengadaan Perangkat IT,50.63,14,5,0,0,Tidak,3,1
TRX-0482,Operations Dept,Pembayaran Tagihan Listrik,60.5,20,3,0,0,Tidak,3,2
TRX-0483,IT Dept,Transfer Kas Internal,31.31,14,4,1,0,Tidak,4,1
TRX-0484,Medan Branch,Biaya Perjalanan Dinas,50.38,3,7,0,0,Tidak,4,3
TRX-0485,Bandung Branch,Biaya Perjalanan Dinas,44.89,10,7,0,0,Tidak,4,1
TRX-0486,Jakarta Branch,Reimbursement Operasional,116.71,18,4,1,1,Ya (Anomali),5,2
TRX-0487,Finance Dept,Pembayaran Gaji Lembur,3.33,14,4,0,1,Tidak,1,1
TRX-0488,Operations Dept,Reimbursement Operasional,17.49,3,4,0,1,Ya (Anomali),3,4
TRX-0489,Surabaya Branch,Pengadaan Perangkat IT,151.2,20,6,0,0,Tidak,5,1
TRX-0490,Finance Dept,Pengadaan Perangkat IT,111.48,12,4,0,1,Tidak,4,2
TRX-0491,IT Dept,Pengadaan Perangkat IT,31.41,21,5,0,0,Tidak,3,1
TRX-0492,Bandung Branch,Jasa Konsultan Audit,49.4,18,3,0,0,Tidak,3,1
TRX-0493,Operations Dept,Reimbursement Operasional,17.24,1,6,0,0,Ya (Anomali),2,3
TRX-0494,Jakarta Branch,Jasa Konsultan Audit,11.42,13,4,0,0,Tidak,3,1
TRX-0495,Operations Dept,Pembayaran Tagihan Listrik,32.15,3,2,0,0,Ya (Anomali),4,4
TRX-0496,Medan Branch,Pembayaran Gaji Lembur,22.8,15,2,0,1,Tidak,3,1
TRX-0497,Finance Dept,Transfer Kas Internal,44.81,20,3,0,0,Tidak,4,2
TRX-0498,Medan Branch,Biaya Jamuan Klien,5.05,19,7,1,0,Tidak,3,1
TRX-0499,IT Dept,Reimbursement Operasional,184.25,13,1,0,0,Tidak,5,2
TRX-0500,Jakarta Branch,Biaya Jamuan Klien,215.19,14,1,0,1,Tidak,5,2
TRX-0501,Finance Dept,Biaya Perjalanan Dinas,60.89,2,7,1,1,Ya (Anomali),4,5
TRX-0502,IT Dept,Reimbursement Operasional,39.4,7,6,1,1,Tidak,4,3
TRX-0503,Medan Branch,Pembayaran Tagihan Listrik,19.52,15,6,0,0,Tidak,3,1
TRX-0504,Medan Branch,Reimbursement Operasional,85.05,9,6,0,0,Tidak,4,1
TRX-0505,Finance Dept,Jasa Konsultan Audit,58.72,3,1,1,0,Ya (Anomali),4,4
TRX-0506,Jakarta Branch,Pembayaran Gaji Lembur,9.87,17,2,0,0,Tidak,3,1
TRX-0507,Medan Branch,Transfer Kas Internal,121.92,1,1,1,0,Ya (Anomali),5,4
TRX-0508,Bandung Branch,Pembelian Material Gudang,87.45,16,5,0,0,Tidak,5,1
TRX-0509,IT Dept,Transfer Kas Internal,150.59,12,4,1,0,Ya (Anomali),5,4
TRX-0510,Finance Dept,Transfer Kas Internal,65.68,3,6,0,1,Ya (Anomali),4,4
TRX-0511,Surabaya Branch,Biaya Perjalanan Dinas,48.52,10,2,0,0,Tidak,3,1
TRX-0512,Surabaya Branch,Pembayaran Tagihan Listrik,28.09,6,3,0,0,Tidak,4,1
TRX-0513,Jakarta Branch,Biaya Jamuan Klien,135.95,11,3,0,0,Tidak,5,1
TRX-0514,Bandung Branch,Pembayaran Tagihan Listrik,101.52,9,4,0,1,Tidak,5,1
TRX-0515,Medan Branch,Pembelian Material Gudang,3.31,6,2,1,1,Tidak,2,4
TRX-0516,Surabaya Branch,Biaya Perjalanan Dinas,2.34,12,1,1,1,Tidak,2,3
TRX-0517,Jakarta Branch,Pembayaran Gaji Lembur,24.62,6,1,0,1,Tidak,3,1
TRX-0518,IT Dept,Transfer Kas Internal,84.18,23,5,1,0,Ya (Anomali),5,3
TRX-0519,Bandung Branch,Jasa Konsultan Audit,219.21,16,5,1,0,Ya (Anomali),4,4
TRX-0520,Bandung Branch,Biaya Perjalanan Dinas,9.15,9,1,0,0,Tidak,4,1
TRX-0521,Operations Dept,Pengadaan Perangkat IT,46.09,9,3,0,0,Tidak,4,1
TRX-0522,Jakarta Branch,Reimbursement Operasional,24.97,23,6,0,0,Tidak,3,3
TRX-0523,Jakarta Branch,Pembayaran Tagihan Listrik,176.19,3,3,0,0,Ya (Anomali),5,3
TRX-0524,Operations Dept,Biaya Perjalanan Dinas,93.3,19,5,0,1,Tidak,4,2
TRX-0525,Medan Branch,Pengadaan Perangkat IT,92.11,3,4,1,1,Ya (Anomali),5,4
TRX-0526,Jakarta Branch,Biaya Jamuan Klien,32.62,21,1,0,1,Tidak,4,1
TRX-0527,Operations Dept,Pembelian Material Gudang,27.79,6,5,1,1,Ya (Anomali),4,5
TRX-0528,Medan Branch,Pembelian Material Gudang,16.97,21,5,0,1,Tidak,3,2
TRX-0529,Medan Branch,Transfer Kas Internal,3.9,0,6,0,0,Tidak,2,2
TRX-0530,Finance Dept,Transfer Kas Internal,101.02,11,1,1,0,Tidak,5,1
TRX-0531,Bandung Branch,Biaya Perjalanan Dinas,84.81,23,6,1,1,Ya (Anomali),5,5
TRX-0532,IT Dept,Biaya Perjalanan Dinas,409.62,12,1,0,1,Ya (Anomali),5,3
TRX-0533,Bandung Branch,Pembayaran Gaji Lembur,285.74,9,6,0,0,Tidak,5,2
TRX-0534,Bandung Branch,Reimbursement Operasional,41.53,14,3,0,1,Tidak,5,1
TRX-0535,Finance Dept,Pembayaran Vendor,74.26,12,4,0,0,Tidak,3,1
TRX-0536,Medan Branch,Biaya Jamuan Klien,145.81,22,4,0,0,Ya (Anomali),4,3
TRX-0537,Medan Branch,Transfer Kas Internal,95.74,21,1,0,1,Tidak,5,1
TRX-0538,Jakarta Branch,Pembayaran Vendor,15.21,21,2,0,0,Tidak,3,1
TRX-0539,Finance Dept,Pembayaran Vendor,30.94,20,7,0,0,Tidak,4,2
TRX-0540,Jakarta Branch,Reimbursement Operasional,7.91,21,5,0,0,Tidak,1,2
TRX-0541,Finance Dept,Jasa Konsultan Audit,155.01,8,5,0,1,Ya (Anomali),5,5
TRX-0542,Jakarta Branch,Jasa Konsultan Audit,47.59,8,1,0,0,Tidak,3,1
TRX-0543,Surabaya Branch,Transfer Kas Internal,13.98,14,6,0,1,Tidak,3,1
TRX-0544,Operations Dept,Pengadaan Perangkat IT,56.69,9,2,1,0,Tidak,4,1
TRX-0545,Bandung Branch,Reimbursement Operasional,49.13,23,3,0,0,Tidak,4,2
TRX-0546,Bandung Branch,Reimbursement Operasional,23.17,9,6,1,1,Tidak,3,2
TRX-0547,IT Dept,Pembayaran Tagihan Listrik,7.03,7,6,0,0,Tidak,3,1
TRX-0548,Operations Dept,Pembayaran Vendor,56.67,23,1,0,1,Ya (Anomali),4,5
TRX-0549,Medan Branch,Pembayaran Tagihan Listrik,37.73,15,1,0,0,Tidak,4,1
TRX-0550,IT Dept,Pembayaran Vendor,74.99,16,5,0,1,Tidak,4,1
TRX-0551,Surabaya Branch,Jasa Konsultan Audit,37.72,4,1,0,0,Tidak,4,2
TRX-0552,IT Dept,Transfer Kas Internal,96.59,3,1,1,0,Ya (Anomali),4,4
TRX-0553,Bandung Branch,Biaya Jamuan Klien,41.14,17,1,0,0,Tidak,3,1
TRX-0554,Medan Branch,Jasa Konsultan Audit,42.16,23,5,0,0,Tidak,4,3
TRX-0555,Surabaya Branch,Reimbursement Operasional,105.64,18,3,0,0,Tidak,5,1
TRX-0556,Bandung Branch,Biaya Jamuan Klien,26.83,3,3,0,0,Tidak,4,3
TRX-0557,Operations Dept,Biaya Perjalanan Dinas,8.19,6,7,0,0,Tidak,3,1
TRX-0558,Jakarta Branch,Biaya Jamuan Klien,2.46,9,7,0,0,Tidak,2,1
TRX-0559,Finance Dept,Biaya Jamuan Klien,71.35,17,1,0,0,Tidak,4,1
TRX-0560,Surabaya Branch,Jasa Konsultan Audit,49.42,18,7,0,1,Tidak,4,1
TRX-0561,Medan Branch,Reimbursement Operasional,61.88,3,5,0,0,Tidak,4,2
TRX-0562,IT Dept,Biaya Jamuan Klien,12.97,9,3,0,0,Tidak,3,1
TRX-0563,Operations Dept,Jasa Konsultan Audit,8.33,0,6,0,0,Ya (Anomali),3,3
TRX-0564,IT Dept,Jasa Konsultan Audit,1.73,22,3,0,1,Tidak,1,2
TRX-0565,Surabaya Branch,Biaya Jamuan Klien,22.58,17,3,1,0,Tidak,4,1
TRX-0566,Operations Dept,Pembayaran Vendor,45.57,4,5,0,1,Ya (Anomali),3,5
TRX-0567,Medan Branch,Reimbursement Operasional,25.9,14,7,1,1,Tidak,2,1
TRX-0568,Surabaya Branch,Pembelian Material Gudang,29.77,16,6,1,1,Tidak,5,3
TRX-0569,Medan Branch,Biaya Jamuan Klien,118.25,2,5,0,0,Tidak,5,2
TRX-0570,IT Dept,Pembayaran Tagihan Listrik,22.41,11,1,0,0,Tidak,3,2
TRX-0571,Bandung Branch,Pembayaran Tagihan Listrik,37.08,1,4,1,1,Ya (Anomali),4,5
TRX-0572,Operations Dept,Biaya Perjalanan Dinas,77.54,0,3,0,0,Tidak,4,2
TRX-0573,Jakarta Branch,Reimbursement Operasional,26.25,22,4,0,0,Tidak,4,2
TRX-0574,Bandung Branch,Jasa Konsultan Audit,49.65,20,5,0,0,Tidak,4,1
TRX-0575,Jakarta Branch,Pembayaran Gaji Lembur,100.16,16,5,0,1,Tidak,5,2
TRX-0576,IT Dept,Transfer Kas Internal,150.31,21,5,0,0,Tidak,5,4
TRX-0577,Operations Dept,Pengadaan Perangkat IT,8.95,15,4,1,1,Ya (Anomali),3,4
TRX-0578,Bandung Branch,Pembayaran Gaji Lembur,131.58,4,5,0,0,Ya (Anomali),5,5
TRX-0579,Bandung Branch,Reimbursement Operasional,34.88,14,1,0,0,Tidak,3,1
TRX-0580,Surabaya Branch,Reimbursement Operasional,15.94,2,5,1,0,Tidak,3,4
TRX-0581,Finance Dept,Biaya Jamuan Klien,31.73,6,2,0,0,Tidak,4,1
TRX-0582,IT Dept,Biaya Jamuan Klien,196.68,10,7,1,1,Ya (Anomali),5,4
TRX-0583,Medan Branch,Pembayaran Gaji Lembur,34.92,9,4,0,1,Tidak,3,1
TRX-0584,IT Dept,Jasa Konsultan Audit,20.93,8,2,0,1,Tidak,3,2
TRX-0585,Medan Branch,Biaya Perjalanan Dinas,51.17,13,5,1,0,Tidak,5,1
TRX-0586,Operations Dept,Biaya Jamuan Klien,14.73,12,1,0,1,Tidak,3,2
TRX-0587,Medan Branch,Pengadaan Perangkat IT,4.94,1,3,1,0,Tidak,3,3
TRX-0588,Jakarta Branch,Pengadaan Perangkat IT,7.9,2,6,1,0,Ya (Anomali),1,3
TRX-0589,Medan Branch,Biaya Perjalanan Dinas,7.85,6,7,1,0,Tidak,2,2
TRX-0590,Medan Branch,Pembayaran Vendor,9.24,20,6,0,0,Tidak,4,1
TRX-0591,Surabaya Branch,Pembayaran Vendor,8.47,17,5,1,1,Ya (Anomali),3,2
TRX-0592,Bandung Branch,Reimbursement Operasional,52.2,2,7,0,1,Tidak,4,3
TRX-0593,IT Dept,Biaya Jamuan Klien,11.04,9,7,0,0,Tidak,2,1
TRX-0594,IT Dept,Pembayaran Tagihan Listrik,22.21,21,1,1,1,Tidak,4,2
TRX-0595,Operations Dept,Pembayaran Gaji Lembur,114.55,6,7,0,0,Tidak,5,1
TRX-0596,Operations Dept,Pembelian Material Gudang,33.12,8,4,0,0,Tidak,3,1
TRX-0597,Medan Branch,Biaya Perjalanan Dinas,56.06,16,2,1,0,Tidak,4,2
TRX-0598,Finance Dept,Reimbursement Operasional,10.46,10,2,0,0,Tidak,3,1
TRX-0599,IT Dept,Pembayaran Tagihan Listrik,11.68,6,2,0,0,Tidak,2,1
TRX-0600,Operations Dept,Biaya Jamuan Klien,3.09,23,4,1,0,Ya (Anomali),2,4
TRX-0601,Medan Branch,Pembayaran Tagihan Listrik,10.25,13,6,0,1,Tidak,2,1
TRX-0602,Operations Dept,Pembayaran Tagihan Listrik,17.33,18,1,1,1,Ya (Anomali),3,3
TRX-0603,Jakarta Branch,Biaya Perjalanan Dinas,10.74,3,7,0,0,Ya (Anomali),3,3
TRX-0604,Jakarta Branch,Reimbursement Operasional,5.64,5,4,0,1,Ya (Anomali),2,3
TRX-0605,Operations Dept,Jasa Konsultan Audit,7.43,9,2,0,0,Tidak,2,1
TRX-0606,Jakarta Branch,Pengadaan Perangkat IT,31.88,6,5,0,0,Tidak,5,1
TRX-0607,Operations Dept,Pembayaran Gaji Lembur,12.55,12,3,0,1,Tidak,3,1
TRX-0608,Medan Branch,Reimbursement Operasional,23.65,13,7,1,0,Tidak,2,1
TRX-0609,Surabaya Branch,Pembelian Material Gudang,36.0,3,4,0,0,Tidak,4,1
TRX-0610,Finance Dept,Pembayaran Tagihan Listrik,59.62,7,4,0,0,Tidak,4,1
TRX-0611,Medan Branch,Jasa Konsultan Audit,3.01,4,1,0,0,Tidak,2,2
TRX-0612,Surabaya Branch,Biaya Perjalanan Dinas,81.32,0,1,0,1,Ya (Anomali),5,4
TRX-0613,Surabaya Branch,Transfer Kas Internal,50.43,3,4,0,0,Tidak,4,3
TRX-0614,IT Dept,Pembayaran Gaji Lembur,5.26,2,2,0,0,Tidak,3,3
TRX-0615,Medan Branch,Pembayaran Gaji Lembur,104.41,8,3,0,0,Tidak,4,1
TRX-0616,Medan Branch,Pengadaan Perangkat IT,127.83,7,7,0,1,Ya (Anomali),5,3
TRX-0617,Operations Dept,Transfer Kas Internal,4.15,0,1,0,0,Tidak,1,2
TRX-0618,Surabaya Branch,Biaya Jamuan Klien,17.21,5,7,0,1,Tidak,4,3
TRX-0619,Surabaya Branch,Transfer Kas Internal,83.05,8,2,0,0,Tidak,4,1
TRX-0620,Surabaya Branch,Pembayaran Tagihan Listrik,69.97,6,7,0,0,Tidak,3,1
TRX-0621,Operations Dept,Pembayaran Tagihan Listrik,11.2,3,5,1,0,Ya (Anomali),3,4
TRX-0622,IT Dept,Pembayaran Tagihan Listrik,12.74,12,1,0,0,Tidak,3,1
TRX-0623,Medan Branch,Pembayaran Tagihan Listrik,24.14,16,2,1,0,Tidak,3,3
TRX-0624,Surabaya Branch,Reimbursement Operasional,34.13,1,2,0,0,Ya (Anomali),4,3
TRX-0625,Jakarta Branch,Pembayaran Gaji Lembur,49.15,4,3,0,1,Ya (Anomali),4,3
TRX-0626,Medan Branch,Transfer Kas Internal,24.02,11,3,1,0,Tidak,2,1
TRX-0627,Operations Dept,Pembayaran Gaji Lembur,32.04,20,5,0,1,Tidak,4,1
TRX-0628,IT Dept,Pembelian Material Gudang,69.81,7,2,1,0,Tidak,4,1
TRX-0629,Jakarta Branch,Transfer Kas Internal,2.87,5,6,0,0,Tidak,2,2
TRX-0630,Operations Dept,Reimbursement Operasional,15.55,7,2,0,0,Tidak,3,1
TRX-0631,Bandung Branch,Pembelian Material Gudang,63.47,17,3,0,1,Tidak,4,2
TRX-0632,Medan Branch,Pembayaran Gaji Lembur,113.79,2,6,0,0,Tidak,5,2
TRX-0633,Bandung Branch,Pembelian Material Gudang,36.84,21,1,0,0,Tidak,3,1
TRX-0634,Operations Dept,Pengadaan Perangkat IT,38.98,11,1,0,0,Tidak,4,1
TRX-0635,Operations Dept,Pembelian Material Gudang,6.67,2,7,0,0,Ya (Anomali),2,3
TRX-0636,Operations Dept,Transfer Kas Internal,30.66,21,4,0,0,Tidak,5,1
TRX-0637,Surabaya Branch,Pembayaran Tagihan Listrik,39.03,5,3,0,0,Tidak,4,2
TRX-0638,IT Dept,Pembayaran Tagihan Listrik,14.88,1,4,0,0,Tidak,2,2
TRX-0639,Surabaya Branch,Biaya Jamuan Klien,16.68,22,6,1,0,Ya (Anomali),2,5
TRX-0640,IT Dept,Pembayaran Gaji Lembur,24.68,11,3,0,1,Tidak,3,2
TRX-0641,Finance Dept,Pengadaan Perangkat IT,2.01,1,5,1,0,Ya (Anomali),2,4
TRX-0642,Surabaya Branch,Transfer Kas Internal,20.44,5,2,1,0,Ya (Anomali),2,4
TRX-0643,Bandung Branch,Transfer Kas Internal,12.88,16,5,0,0,Tidak,4,1
TRX-0644,IT Dept,Biaya Perjalanan Dinas,20.84,2,6,0,0,Tidak,3,4
TRX-0645,Surabaya Branch,Pembayaran Vendor,7.38,1,3,0,0,Ya (Anomali),3,3
TRX-0646,Medan Branch,Pembayaran Gaji Lembur,111.6,22,6,0,0,Tidak,5,3
TRX-0647,Operations Dept,Transfer Kas Internal,46.02,19,2,0,0,Tidak,4,1
TRX-0648,IT Dept,Jasa Konsultan Audit,57.83,7,1,0,0,Tidak,4,1
TRX-0649,IT Dept,Transfer Kas Internal,78.84,21,1,0,0,Tidak,4,1
TRX-0650,Surabaya Branch,Biaya Perjalanan Dinas,35.5,11,6,0,0,Tidak,4,1
TRX-0651,Finance Dept,Pembelian Material Gudang,5.55,3,4,0,1,Ya (Anomali),2,4
TRX-0652,Surabaya Branch,Reimbursement Operasional,39.51,4,3,0,0,Tidak,4,2
TRX-0653,Bandung Branch,Reimbursement Operasional,45.2,12,3,0,0,Tidak,5,1
TRX-0654,Bandung Branch,Jasa Konsultan Audit,69.41,14,1,1,0,Tidak,4,2
TRX-0655,IT Dept,Jasa Konsultan Audit,29.25,22,7,0,0,Tidak,4,1
TRX-0656,IT Dept,Biaya Jamuan Klien,7.82,15,5,0,0,Tidak,3,1
TRX-0657,Surabaya Branch,Reimbursement Operasional,17.69,9,7,0,0,Tidak,3,1
TRX-0658,Bandung Branch,Pembelian Material Gudang,23.56,22,2,0,1,Tidak,2,2
TRX-0659,Bandung Branch,Reimbursement Operasional,52.91,15,5,0,0,Tidak,4,1
TRX-0660,Finance Dept,Pembayaran Vendor,43.29,11,5,0,0,Tidak,4,1
TRX-0661,Medan Branch,Pembayaran Gaji Lembur,23.01,16,6,0,0,Tidak,3,1
TRX-0662,Finance Dept,Reimbursement Operasional,216.31,15,1,0,0,Tidak,5,1
TRX-0663,Jakarta Branch,Pembayaran Tagihan Listrik,47.54,11,7,0,0,Tidak,4,1
TRX-0664,Operations Dept,Biaya Jamuan Klien,14.54,7,7,0,1,Tidak,3,1
TRX-0665,Finance Dept,Biaya Perjalanan Dinas,6.37,19,1,0,0,Tidak,1,1
TRX-0666,Surabaya Branch,Jasa Konsultan Audit,9.29,2,7,1,1,Ya (Anomali),3,5
TRX-0667,Medan Branch,Pembayaran Vendor,15.12,15,1,1,1,Ya (Anomali),3,4
TRX-0668,Surabaya Branch,Jasa Konsultan Audit,9.76,12,6,0,1,Tidak,3,1
TRX-0669,Operations Dept,Biaya Jamuan Klien,11.32,22,4,1,0,Ya (Anomali),3,3
TRX-0670,Jakarta Branch,Transfer Kas Internal,17.78,18,5,0,0,Tidak,3,1
TRX-0671,Medan Branch,Pembayaran Vendor,10.52,7,6,0,0,Tidak,3,2
TRX-0672,IT Dept,Pengadaan Perangkat IT,114.54,21,3,0,0,Tidak,4,1
TRX-0673,Bandung Branch,Pembayaran Vendor,5.18,4,2,0,0,Tidak,3,2
TRX-0674,Finance Dept,Biaya Jamuan Klien,38.17,19,4,0,1,Tidak,4,3
TRX-0675,Surabaya Branch,Biaya Perjalanan Dinas,27.42,7,3,0,0,Tidak,4,1
TRX-0676,Jakarta Branch,Pembayaran Vendor,202.93,23,5,0,0,Ya (Anomali),5,4
TRX-0677,Bandung Branch,Biaya Jamuan Klien,6.94,11,7,1,0,Tidak,2,2
TRX-0678,Finance Dept,Pembelian Material Gudang,26.36,0,1,1,0,Ya (Anomali),4,4
TRX-0679,Bandung Branch,Pembayaran Gaji Lembur,175.45,20,5,0,0,Tidak,5,1
TRX-0680,Finance Dept,Reimbursement Operasional,101.31,19,6,0,1,Tidak,4,1
TRX-0681,IT Dept,Pembelian Material Gudang,85.93,5,2,0,1,Tidak,5,2
TRX-0682,Medan Branch,Biaya Jamuan Klien,15.91,21,6,0,1,Tidak,3,2
TRX-0683,Bandung Branch,Pembayaran Tagihan Listrik,10.37,17,4,0,1,Tidak,3,2
TRX-0684,Bandung Branch,Transfer Kas Internal,56.23,7,4,0,1,Tidak,4,1
TRX-0685,Bandung Branch,Reimbursement Operasional,133.52,6,2,0,0,Tidak,5,2
TRX-0686,Medan Branch,Pembayaran Tagihan Listrik,41.68,0,3,1,1,Ya (Anomali),5,5
TRX-0687,Jakarta Branch,Biaya Perjalanan Dinas,43.39,20,3,0,0,Tidak,5,1
TRX-0688,Finance Dept,Jasa Konsultan Audit,17.42,15,4,0,0,Tidak,3,1
TRX-0689,IT Dept,Pengadaan Perangkat IT,74.37,11,4,0,0,Tidak,5,1
TRX-0690,Bandung Branch,Reimbursement Operasional,11.35,5,7,0,0,Tidak,3,1
TRX-0691,Operations Dept,Pembelian Material Gudang,20.55,19,1,0,0,Tidak,4,1
TRX-0692,Medan Branch,Transfer Kas Internal,28.71,1,7,0,0,Tidak,4,4
TRX-0693,Jakarta Branch,Pembayaran Tagihan Listrik,36.42,13,7,0,0,Tidak,4,1
TRX-0694,Finance Dept,Biaya Jamuan Klien,14.88,3,3,1,1,Ya (Anomali),3,5
TRX-0695,Medan Branch,Reimbursement Operasional,7.1,0,2,0,0,Tidak,2,2
TRX-0696,IT Dept,Jasa Konsultan Audit,48.16,22,3,0,0,Tidak,3,2
TRX-0697,IT Dept,Biaya Jamuan Klien,18.03,17,1,0,0,Tidak,3,1
TRX-0698,Finance Dept,Pembayaran Tagihan Listrik,44.52,12,6,1,0,Tidak,4,1
TRX-0699,Bandung Branch,Transfer Kas Internal,9.38,1,4,0,1,Ya (Anomali),3,3
TRX-0700,IT Dept,Pembayaran Vendor,33.81,8,4,1,0,Tidak,4,1
TRX-0701,Jakarta Branch,Jasa Konsultan Audit,39.03,20,1,1,0,Tidak,5,2
TRX-0702,Medan Branch,Biaya Jamuan Klien,3.66,1,7,0,1,Ya (Anomali),2,4
TRX-0703,Jakarta Branch,Jasa Konsultan Audit,21.52,8,2,1,1,Tidak,4,2
TRX-0704,Bandung Branch,Biaya Perjalanan Dinas,8.22,0,4,1,0,Ya (Anomali),3,4
TRX-0705,Jakarta Branch,Biaya Jamuan Klien,4.27,10,5,1,1,Tidak,2,2
TRX-0706,Jakarta Branch,Reimbursement Operasional,231.06,2,7,0,0,Ya (Anomali),5,4
TRX-0707,Surabaya Branch,Pembayaran Vendor,20.46,19,4,0,0,Tidak,2,1
TRX-0708,Jakarta Branch,Pembayaran Vendor,84.0,22,5,0,0,Tidak,5,2
TRX-0709,Finance Dept,Pengadaan Perangkat IT,15.69,3,1,0,1,Ya (Anomali),3,2
TRX-0710,Medan Branch,Jasa Konsultan Audit,58.21,17,1,0,0,Tidak,4,1
TRX-0711,Surabaya Branch,Pembelian Material Gudang,72.4,22,7,0,0,Tidak,4,1
TRX-0712,Medan Branch,Pembayaran Vendor,46.27,5,4,1,0,Ya (Anomali),4,3
TRX-0713,Medan Branch,Pembayaran Vendor,32.89,2,3,1,0,Ya (Anomali),3,4
TRX-0714,Bandung Branch,Biaya Perjalanan Dinas,27.54,21,5,0,0,Tidak,3,1
TRX-0715,Bandung Branch,Pembayaran Gaji Lembur,22.45,10,2,1,1,Tidak,3,1
TRX-0716,Surabaya Branch,Biaya Perjalanan Dinas,133.63,14,4,1,0,Ya (Anomali),5,4
TRX-0717,IT Dept,Biaya Perjalanan Dinas,89.78,21,2,0,0,Tidak,4,1
TRX-0718,Operations Dept,Pembayaran Gaji Lembur,168.66,4,4,0,1,Ya (Anomali),5,5
TRX-0719,Bandung Branch,Jasa Konsultan Audit,7.64,19,3,0,0,Tidak,2,1
TRX-0720,Operations Dept,Biaya Jamuan Klien,66.63,9,3,0,0,Tidak,4,1
TRX-0721,Bandung Branch,Transfer Kas Internal,140.31,11,7,0,0,Tidak,5,3
TRX-0722,Bandung Branch,Pembelian Material Gudang,11.0,14,7,0,0,Tidak,3,1
TRX-0723,Medan Branch,Pembayaran Vendor,4.44,16,3,0,0,Tidak,2,1
TRX-0724,Surabaya Branch,Pengadaan Perangkat IT,68.57,9,6,0,0,Tidak,4,1
TRX-0725,Medan Branch,Pembelian Material Gudang,43.72,5,3,1,0,Tidak,4,2
TRX-0726,Finance Dept,Biaya Jamuan Klien,93.2,17,1,0,0,Tidak,5,1
TRX-0727,Medan Branch,Pembayaran Gaji Lembur,8.53,12,1,1,1,Tidak,3,3
TRX-0728,Operations Dept,Pembelian Material Gudang,80.3,2,6,1,1,Ya (Anomali),3,5
TRX-0729,Operations Dept,Pembayaran Vendor,12.26,23,5,1,1,Ya (Anomali),3,5
TRX-0730,Finance Dept,Pembelian Material Gudang,9.94,9,2,1,1,Tidak,3,3
TRX-0731,Jakarta Branch,Transfer Kas Internal,9.97,13,4,1,0,Tidak,4,3
TRX-0732,Jakarta Branch,Pembayaran Gaji Lembur,85.26,5,4,0,1,Tidak,5,3
TRX-0733,Finance Dept,Pembelian Material Gudang,55.71,2,6,0,0,Tidak,4,1
TRX-0734,Finance Dept,Pembayaran Vendor,38.02,15,1,0,1,Tidak,4,1
TRX-0735,Medan Branch,Pembayaran Vendor,23.22,6,7,0,0,Tidak,3,1
TRX-0736,Finance Dept,Pembelian Material Gudang,105.86,19,4,0,0,Tidak,5,1
TRX-0737,Surabaya Branch,Jasa Konsultan Audit,25.92,13,1,0,1,Tidak,3,3
TRX-0738,Jakarta Branch,Pengadaan Perangkat IT,85.8,8,5,1,1,Ya (Anomali),5,4
TRX-0739,Jakarta Branch,Pembayaran Tagihan Listrik,29.91,14,2,1,0,Tidak,4,2
TRX-0740,IT Dept,Biaya Perjalanan Dinas,24.66,20,5,1,1,Tidak,3,2
TRX-0741,Finance Dept,Pembayaran Gaji Lembur,32.06,2,6,0,0,Tidak,5,2
TRX-0742,Bandung Branch,Pembayaran Tagihan Listrik,18.93,1,3,0,0,Tidak,2,2
TRX-0743,Bandung Branch,Biaya Jamuan Klien,69.84,1,3,0,0,Tidak,5,2
TRX-0744,Finance Dept,Biaya Jamuan Klien,35.93,2,3,0,0,Ya (Anomali),5,3
TRX-0745,Surabaya Branch,Pembayaran Vendor,14.21,17,5,0,1,Tidak,3,2
TRX-0746,Bandung Branch,Biaya Jamuan Klien,115.92,13,4,0,1,Tidak,5,2
TRX-0747,IT Dept,Jasa Konsultan Audit,25.22,19,2,1,1,Tidak,3,3
TRX-0748,Operations Dept,Pengadaan Perangkat IT,40.21,17,3,0,0,Tidak,4,2
TRX-0749,Finance Dept,Biaya Jamuan Klien,119.47,9,6,0,1,Tidak,5,1
TRX-0750,Surabaya Branch,Transfer Kas Internal,49.94,1,6,0,0,Tidak,4,2
TRX-0751,Surabaya Branch,Pengadaan Perangkat IT,7.22,21,3,0,1,Tidak,2,2
TRX-0752,Medan Branch,Jasa Konsultan Audit,141.53,0,3,0,0,Ya (Anomali),5,3
TRX-0753,Surabaya Branch,Pembayaran Tagihan Listrik,50.4,3,2,1,0,Tidak,4,2
TRX-0754,Bandung Branch,Pengadaan Perangkat IT,21.39,13,3,0,1,Tidak,3,3
TRX-0755,Operations Dept,Pengadaan Perangkat IT,8.5,0,2,0,0,Ya (Anomali),3,3
TRX-0756,Bandung Branch,Pembayaran Tagihan Listrik,80.0,13,6,0,0,Tidak,3,1
TRX-0757,Finance Dept,Jasa Konsultan Audit,49.39,15,3,0,0,Tidak,3,1
TRX-0758,Operations Dept,Biaya Jamuan Klien,39.12,21,5,0,0,Tidak,4,2
TRX-0759,Finance Dept,Pembayaran Vendor,113.17,13,7,0,0,Tidak,4,1
TRX-0760,Surabaya Branch,Pembayaran Gaji Lembur,78.7,19,5,0,0,Tidak,3,1
TRX-0761,IT Dept,Pembayaran Tagihan Listrik,9.22,2,6,0,0,Tidak,3,2
TRX-0762,Jakarta Branch,Pembayaran Tagihan Listrik,19.68,2,2,0,0,Tidak,2,2
TRX-0763,Operations Dept,Pembayaran Tagihan Listrik,15.28,8,5,0,1,Tidak,3,1
TRX-0764,Medan Branch,Pembayaran Tagihan Listrik,69.12,5,2,1,0,Ya (Anomali),4,5
TRX-0765,Jakarta Branch,Pembayaran Gaji Lembur,2.71,12,5,0,1,Tidak,3,2
TRX-0766,Surabaya Branch,Pembayaran Gaji Lembur,43.19,20,5,0,1,Tidak,4,3
TRX-0767,Surabaya Branch,Biaya Jamuan Klien,72.87,1,2,0,0,Ya (Anomali),4,3
TRX-0768,Jakarta Branch,Pembelian Material Gudang,105.68,7,4,0,1,Tidak,5,1
TRX-0769,Medan Branch,Pembelian Material Gudang,21.93,20,5,0,1,Tidak,3,1
TRX-0770,Operations Dept,Reimbursement Operasional,87.09,1,3,0,1,Ya (Anomali),5,4
TRX-0771,Operations Dept,Pembayaran Tagihan Listrik,6.86,3,7,0,0,Ya (Anomali),1,3
TRX-0772,Jakarta Branch,Pembayaran Tagihan Listrik,94.69,14,6,1,0,Tidak,5,2
TRX-0773,Finance Dept,Pengadaan Perangkat IT,7.82,3,4,0,0,Tidak,2,2
TRX-0774,Bandung Branch,Pembelian Material Gudang,26.32,12,2,1,0,Tidak,4,1
TRX-0775,IT Dept,Biaya Jamuan Klien,80.8,11,4,0,0,Tidak,5,1
TRX-0776,Finance Dept,Pembayaran Vendor,9.12,12,1,1,0,Tidak,3,3
TRX-0777,Operations Dept,Reimbursement Operasional,14.02,13,1,1,1,Ya (Anomali),3,3
TRX-0778,Bandung Branch,Reimbursement Operasional,65.05,19,5,0,1,Tidak,4,2
TRX-0779,IT Dept,Biaya Jamuan Klien,64.65,17,5,1,0,Tidak,4,1
TRX-0780,IT Dept,Pembayaran Vendor,52.24,5,3,0,0,Tidak,3,3
TRX-0781,IT Dept,Pengadaan Perangkat IT,60.2,10,7,1,0,Tidak,4,1
TRX-0782,Surabaya Branch,Pembayaran Gaji Lembur,40.12,1,6,0,1,Ya (Anomali),4,4
TRX-0783,IT Dept,Biaya Perjalanan Dinas,15.5,22,4,0,1,Ya (Anomali),3,3
TRX-0784,Medan Branch,Pembelian Material Gudang,22.21,18,1,0,0,Tidak,2,1
TRX-0785,Jakarta Branch,Pembayaran Tagihan Listrik,11.02,18,5,1,0,Tidak,3,2
TRX-0786,Operations Dept,Biaya Jamuan Klien,120.54,4,6,0,0,Ya (Anomali),5,4
TRX-0787,Medan Branch,Pembelian Material Gudang,44.78,18,4,0,0,Tidak,4,1
TRX-0788,Jakarta Branch,Pembayaran Tagihan Listrik,26.61,1,5,0,0,Tidak,4,2
TRX-0789,Finance Dept,Biaya Perjalanan Dinas,32.0,9,5,1,1,Tidak,3,4
TRX-0790,Finance Dept,Biaya Perjalanan Dinas,148.14,1,1,0,1,Ya (Anomali),5,5
TRX-0791,Jakarta Branch,Pembayaran Gaji Lembur,9.32,10,1,0,1,Tidak,3,1
TRX-0792,Medan Branch,Jasa Konsultan Audit,45.12,17,5,0,1,Tidak,5,2
TRX-0793,Jakarta Branch,Biaya Perjalanan Dinas,36.25,23,2,0,0,Tidak,4,1
TRX-0794,IT Dept,Pembelian Material Gudang,48.27,14,5,0,0,Tidak,4,1
TRX-0795,Surabaya Branch,Transfer Kas Internal,1.91,8,6,1,1,Tidak,1,3
TRX-0796,Operations Dept,Transfer Kas Internal,103.83,22,5,0,1,Ya (Anomali),4,3
TRX-0797,Finance Dept,Pembayaran Tagihan Listrik,135.5,18,3,0,0,Tidak,5,2
TRX-0798,Operations Dept,Pembayaran Tagihan Listrik,42.64,8,7,0,0,Tidak,4,2
TRX-0799,Surabaya Branch,Jasa Konsultan Audit,60.64,2,3,0,0,Tidak,5,1
TRX-0800,IT Dept,Transfer Kas Internal,128.87,20,3,0,0,Tidak,5,2
TRX-0801,IT Dept,Pembayaran Tagihan Listrik,62.42,8,2,0,0,Tidak,4,1
TRX-0802,Finance Dept,Biaya Perjalanan Dinas,9.28,13,2,0,0,Tidak,3,1
TRX-0803,Finance Dept,Pembayaran Tagihan Listrik,43.94,18,5,1,0,Tidak,4,2
TRX-0804,IT Dept,Reimbursement Operasional,47.66,6,3,0,0,Tidak,5,2
TRX-0805,Bandung Branch,Jasa Konsultan Audit,28.59,15,2,1,1,Ya (Anomali),5,3
TRX-0806,Operations Dept,Biaya Jamuan Klien,67.67,15,1,1,0,Tidak,4,2
TRX-0807,Surabaya Branch,Pembayaran Vendor,137.18,0,5,0,1,Ya (Anomali),5,5
TRX-0808,Operations Dept,Pengadaan Perangkat IT,130.89,3,6,1,0,Ya (Anomali),5,5
TRX-0809,Surabaya Branch,Pembayaran Vendor,30.97,3,7,0,1,Ya (Anomali),4,2
TRX-0810,Bandung Branch,Pembayaran Vendor,7.01,6,4,0,0,Tidak,2,1
TRX-0811,Medan Branch,Pembayaran Gaji Lembur,210.46,7,5,0,1,Ya (Anomali),5,4
TRX-0812,Surabaya Branch,Biaya Jamuan Klien,92.29,16,4,0,0,Tidak,4,1
TRX-0813,Operations Dept,Pembayaran Tagihan Listrik,7.66,4,3,0,1,Ya (Anomali),1,4
TRX-0814,Jakarta Branch,Pembayaran Gaji Lembur,127.82,6,7,0,1,Tidak,5,2
TRX-0815,IT Dept,Pembayaran Vendor,102.97,19,4,0,0,Tidak,5,1
TRX-0816,IT Dept,Reimbursement Operasional,37.58,19,3,0,0,Tidak,4,2
TRX-0817,Bandung Branch,Pengadaan Perangkat IT,45.74,3,1,1,0,Tidak,4,2
TRX-0818,Surabaya Branch,Pembayaran Vendor,26.46,5,4,0,0,Tidak,4,4
TRX-0819,Medan Branch,Transfer Kas Internal,3.82,6,7,0,0,Tidak,2,1
TRX-0820,Surabaya Branch,Biaya Jamuan Klien,21.41,17,5,0,0,Tidak,3,1
TRX-0821,IT Dept,Biaya Jamuan Klien,82.19,4,3,0,0,Tidak,5,2
TRX-0822,Finance Dept,Biaya Jamuan Klien,1.23,19,5,0,0,Tidak,1,1
TRX-0823,Jakarta Branch,Jasa Konsultan Audit,21.29,2,7,1,0,Tidak,3,2
TRX-0824,Bandung Branch,Jasa Konsultan Audit,26.39,6,2,0,0,Tidak,4,1
TRX-0825,Finance Dept,Biaya Perjalanan Dinas,39.54,21,3,0,0,Tidak,4,1
TRX-0826,Operations Dept,Pembelian Material Gudang,127.2,13,4,1,0,Ya (Anomali),5,5
TRX-0827,Medan Branch,Pengadaan Perangkat IT,22.26,6,3,1,0,Tidak,3,2
TRX-0828,Finance Dept,Pembayaran Gaji Lembur,22.31,4,5,0,0,Tidak,3,1
TRX-0829,Operations Dept,Pembayaran Tagihan Listrik,67.88,21,1,0,1,Tidak,3,1
TRX-0830,Finance Dept,Pembayaran Vendor,31.09,4,3,0,0,Tidak,4,2
TRX-0831,Medan Branch,Pembelian Material Gudang,13.72,22,4,0,0,Tidak,4,1
TRX-0832,Finance Dept,Pembayaran Tagihan Listrik,31.11,1,2,0,0,Ya (Anomali),4,3
TRX-0833,Bandung Branch,Pembayaran Gaji Lembur,8.59,20,6,0,1,Tidak,3,1
TRX-0834,IT Dept,Pembelian Material Gudang,10.7,21,1,1,1,Ya (Anomali),3,3
TRX-0835,Surabaya Branch,Pembayaran Tagihan Listrik,35.49,5,2,1,1,Ya (Anomali),3,3
TRX-0836,Finance Dept,Reimbursement Operasional,28.14,14,3,0,1,Tidak,4,1
TRX-0837,Bandung Branch,Jasa Konsultan Audit,124.16,20,5,0,0,Tidak,5,2
TRX-0838,Surabaya Branch,Pembayaran Gaji Lembur,23.5,9,7,0,0,Tidak,3,1
TRX-0839,Operations Dept,Pengadaan Perangkat IT,44.45,22,5,0,0,Tidak,5,3
TRX-0840,Surabaya Branch,Transfer Kas Internal,51.02,23,4,0,1,Ya (Anomali),4,4
TRX-0841,Operations Dept,Reimbursement Operasional,1.66,6,5,1,1,Tidak,1,2
TRX-0842,Finance Dept,Jasa Konsultan Audit,55.46,4,1,0,1,Ya (Anomali),5,2
TRX-0843,Bandung Branch,Biaya Jamuan Klien,10.8,0,5,0,0,Tidak,3,2
TRX-0844,IT Dept,Jasa Konsultan Audit,163.3,12,4,1,1,Ya (Anomali),5,5
TRX-0845,Finance Dept,Pembelian Material Gudang,9.05,20,6,0,0,Tidak,3,1
TRX-0846,Operations Dept,Biaya Perjalanan Dinas,27.78,17,3,0,0,Tidak,4,1
TRX-0847,Medan Branch,Reimbursement Operasional,5.46,12,7,0,0,Tidak,2,1
TRX-0848,Surabaya Branch,Biaya Jamuan Klien,289.4,20,3,0,0,Tidak,5,2
TRX-0849,Finance Dept,Pembelian Material Gudang,35.88,20,5,1,0,Tidak,4,2
TRX-0850,Operations Dept,Pembayaran Gaji Lembur,46.24,17,2,0,1,Tidak,3,4
TRX-0851,Surabaya Branch,Pengadaan Perangkat IT,4.47,4,3,0,0,Tidak,2,2
TRX-0852,Operations Dept,Jasa Konsultan Audit,70.31,12,6,0,0,Tidak,4,1
TRX-0853,Bandung Branch,Pembayaran Gaji Lembur,12.78,3,5,1,0,Ya (Anomali),3,4
TRX-0854,Jakarta Branch,Biaya Jamuan Klien,115.17,16,7,0,0,Tidak,5,2
TRX-0855,Finance Dept,Pembelian Material Gudang,12.48,2,4,0,1,Ya (Anomali),3,4
TRX-0856,IT Dept,Biaya Perjalanan Dinas,11.58,16,6,0,1,Tidak,3,2
TRX-0857,Finance Dept,Jasa Konsultan Audit,2.86,10,5,0,1,Tidak,2,1
TRX-0858,Surabaya Branch,Pengadaan Perangkat IT,32.94,20,6,0,1,Tidak,4,1
TRX-0859,Bandung Branch,Biaya Perjalanan Dinas,42.6,19,3,0,1,Tidak,4,2
TRX-0860,Operations Dept,Pembayaran Tagihan Listrik,4.4,22,7,0,0,Tidak,2,2
TRX-0861,Medan Branch,Pembelian Material Gudang,75.7,20,4,0,1,Tidak,5,1
TRX-0862,IT Dept,Pembayaran Gaji Lembur,31.19,3,5,1,0,Ya (Anomali),5,4
TRX-0863,Bandung Branch,Jasa Konsultan Audit,38.16,1,1,0,0,Tidak,5,1
TRX-0864,Finance Dept,Jasa Konsultan Audit,30.06,19,4,0,0,Tidak,5,1
TRX-0865,Medan Branch,Biaya Jamuan Klien,26.6,15,1,0,1,Tidak,4,1
TRX-0866,Bandung Branch,Pengadaan Perangkat IT,42.01,17,6,1,1,Tidak,4,4
TRX-0867,Jakarta Branch,Transfer Kas Internal,9.44,7,2,0,0,Tidak,4,1
TRX-0868,IT Dept,Pembayaran Tagihan Listrik,11.04,2,4,1,1,Ya (Anomali),3,5
TRX-0869,Surabaya Branch,Biaya Perjalanan Dinas,99.95,8,6,1,1,Tidak,5,2
TRX-0870,Bandung Branch,Reimbursement Operasional,147.05,19,1,0,0,Tidak,5,1
TRX-0871,Bandung Branch,Reimbursement Operasional,24.37,5,3,1,0,Ya (Anomali),3,3
TRX-0872,Jakarta Branch,Jasa Konsultan Audit,16.79,9,3,0,1,Tidak,3,2
TRX-0873,Finance Dept,Biaya Jamuan Klien,52.64,20,2,0,0,Tidak,5,2
TRX-0874,Operations Dept,Pembayaran Vendor,27.27,9,4,1,0,Tidak,4,1
TRX-0875,Operations Dept,Jasa Konsultan Audit,2.29,12,4,0,0,Tidak,2,1
TRX-0876,IT Dept,Reimbursement Operasional,9.49,16,4,0,0,Tidak,3,1
TRX-0877,IT Dept,Reimbursement Operasional,63.93,8,6,0,1,Tidak,4,3
TRX-0878,Surabaya Branch,Pembayaran Tagihan Listrik,54.78,16,7,0,1,Tidak,4,1
TRX-0879,Bandung Branch,Pembayaran Gaji Lembur,2.37,23,7,1,1,Ya (Anomali),2,4
TRX-0880,Medan Branch,Pembayaran Vendor,13.55,8,2,0,1,Tidak,3,2
TRX-0881,Bandung Branch,Jasa Konsultan Audit,14.14,8,4,0,1,Tidak,3,2
TRX-0882,Operations Dept,Pembayaran Tagihan Listrik,56.72,0,6,0,1,Ya (Anomali),4,4
TRX-0883,Surabaya Branch,Biaya Jamuan Klien,2.0,1,3,0,0,Tidak,1,3
TRX-0884,Bandung Branch,Pembayaran Tagihan Listrik,6.5,15,1,1,0,Tidak,2,1
TRX-0885,Jakarta Branch,Jasa Konsultan Audit,81.45,0,6,0,0,Tidak,5,3
TRX-0886,Operations Dept,Pembelian Material Gudang,10.83,9,7,1,1,Tidak,4,2
TRX-0887,Bandung Branch,Transfer Kas Internal,53.88,17,7,0,0,Tidak,4,1
TRX-0888,Bandung Branch,Jasa Konsultan Audit,14.6,7,3,0,0,Tidak,3,2
TRX-0889,Operations Dept,Pengadaan Perangkat IT,6.24,20,3,0,0,Tidak,2,1
TRX-0890,Medan Branch,Reimbursement Operasional,14.93,10,1,0,1,Tidak,3,1
TRX-0891,Operations Dept,Pembayaran Vendor,65.05,22,3,0,1,Ya (Anomali),4,5
TRX-0892,Jakarta Branch,Pembayaran Vendor,97.79,1,2,0,0,Tidak,5,2
TRX-0893,Jakarta Branch,Pembayaran Gaji Lembur,89.66,7,1,0,1,Tidak,5,1
TRX-0894,Bandung Branch,Transfer Kas Internal,26.31,21,3,1,0,Tidak,4,1
TRX-0895,IT Dept,Pengadaan Perangkat IT,56.14,7,5,0,0,Tidak,4,1
TRX-0896,Medan Branch,Reimbursement Operasional,12.47,16,6,0,1,Tidak,2,1
TRX-0897,Bandung Branch,Pembayaran Vendor,18.35,14,3,0,0,Tidak,3,1
TRX-0898,Operations Dept,Pengadaan Perangkat IT,114.33,16,2,0,1,Tidak,5,1
TRX-0899,Bandung Branch,Pembayaran Tagihan Listrik,1.65,22,4,0,0,Tidak,1,1
TRX-0900,Surabaya Branch,Pembayaran Gaji Lembur,5.47,23,3,1,0,Ya (Anomali),3,4
TRX-0901,Surabaya Branch,Jasa Konsultan Audit,12.65,12,7,1,1,Tidak,3,2
TRX-0902,IT Dept,Jasa Konsultan Audit,2.34,18,7,0,0,Tidak,2,1
TRX-0903,Medan Branch,Pembelian Material Gudang,11.01,4,7,0,1,Ya (Anomali),3,3
TRX-0904,Finance Dept,Reimbursement Operasional,44.74,11,4,0,1,Tidak,5,3
TRX-0905,Surabaya Branch,Pengadaan Perangkat IT,28.36,0,7,0,0,Ya (Anomali),4,4
TRX-0906,Finance Dept,Biaya Perjalanan Dinas,112.59,22,5,0,0,Ya (Anomali),5,4
TRX-0907,Jakarta Branch,Pembayaran Vendor,86.03,4,3,0,0,Tidak,5,4
TRX-0908,Surabaya Branch,Biaya Jamuan Klien,21.91,7,7,0,0,Tidak,4,1
TRX-0909,Surabaya Branch,Biaya Jamuan Klien,16.02,12,1,0,0,Tidak,3,2
TRX-0910,Medan Branch,Jasa Konsultan Audit,24.88,7,4,1,0,Tidak,4,1
TRX-0911,IT Dept,Biaya Perjalanan Dinas,45.62,22,5,0,0,Tidak,4,2
TRX-0912,Finance Dept,Biaya Jamuan Klien,16.6,10,1,0,0,Tidak,3,1
TRX-0913,Operations Dept,Transfer Kas Internal,49.93,0,1,0,1,Ya (Anomali),4,3
TRX-0914,Surabaya Branch,Transfer Kas Internal,27.33,12,1,0,1,Tidak,4,1
TRX-0915,Surabaya Branch,Reimbursement Operasional,41.15,18,1,1,1,Tidak,5,3
TRX-0916,Medan Branch,Biaya Perjalanan Dinas,29.65,23,3,1,0,Ya (Anomali),3,3
TRX-0917,Medan Branch,Transfer Kas Internal,18.44,2,7,1,1,Ya (Anomali),2,5
TRX-0918,IT Dept,Transfer Kas Internal,149.26,23,6,0,0,Ya (Anomali),5,5
TRX-0919,Finance Dept,Jasa Konsultan Audit,73.11,16,3,0,1,Tidak,4,1
TRX-0920,Jakarta Branch,Biaya Jamuan Klien,8.55,4,3,0,1,Tidak,3,2
TRX-0921,Operations Dept,Reimbursement Operasional,102.43,19,5,1,0,Tidak,5,2
TRX-0922,IT Dept,Pengadaan Perangkat IT,34.42,20,5,0,1,Tidak,4,2
TRX-0923,Jakarta Branch,Pembayaran Tagihan Listrik,113.48,7,7,1,1,Tidak,4,2
TRX-0924,Bandung Branch,Pembayaran Vendor,81.44,13,6,1,1,Tidak,5,3
TRX-0925,Surabaya Branch,Pembayaran Vendor,28.69,3,5,0,1,Ya (Anomali),4,3
TRX-0926,Finance Dept,Pembayaran Gaji Lembur,2.14,10,7,0,0,Tidak,1,1
TRX-0927,IT Dept,Pembayaran Tagihan Listrik,16.65,19,7,0,0,Tidak,3,1
TRX-0928,Surabaya Branch,Pembayaran Tagihan Listrik,40.0,14,2,1,0,Tidak,4,2
TRX-0929,Finance Dept,Pembayaran Vendor,51.18,18,6,0,1,Tidak,4,1
TRX-0930,Finance Dept,Pembayaran Vendor,15.91,6,5,1,0,Tidak,3,1
TRX-0931,Finance Dept,Pengadaan Perangkat IT,8.5,18,6,0,1,Tidak,2,3
TRX-0932,Surabaya Branch,Biaya Perjalanan Dinas,91.07,18,3,0,0,Tidak,5,1
TRX-0933,IT Dept,Biaya Perjalanan Dinas,209.03,10,3,1,0,Ya (Anomali),5,5
TRX-0934,Operations Dept,Pengadaan Perangkat IT,38.29,4,6,0,0,Tidak,5,3
TRX-0935,Medan Branch,Biaya Jamuan Klien,10.42,4,2,0,1,Ya (Anomali),2,3
TRX-0936,Surabaya Branch,Pembayaran Tagihan Listrik,16.89,21,2,0,0,Tidak,4,1
TRX-0937,Finance Dept,Pembelian Material Gudang,1.93,7,6,0,0,Tidak,1,1
TRX-0938,IT Dept,Pembayaran Tagihan Listrik,123.84,9,5,1,0,Ya (Anomali),5,2
TRX-0939,Operations Dept,Pembayaran Gaji Lembur,7.26,5,4,0,0,Tidak,1,2
TRX-0940,Bandung Branch,Pembayaran Vendor,43.96,14,2,1,0,Tidak,4,2
TRX-0941,Jakarta Branch,Pembayaran Tagihan Listrik,17.01,15,1,1,1,Ya (Anomali),4,3
TRX-0942,Finance Dept,Pembayaran Vendor,41.39,16,3,0,0,Tidak,4,1
TRX-0943,Bandung Branch,Pembayaran Tagihan Listrik,53.69,7,6,0,0,Tidak,4,1
TRX-0944,Medan Branch,Pembayaran Gaji Lembur,89.52,7,1,0,1,Tidak,5,2
TRX-0945,Operations Dept,Biaya Jamuan Klien,12.56,8,6,0,1,Tidak,3,2
TRX-0946,Operations Dept,Pembelian Material Gudang,1.55,1,7,1,0,Ya (Anomali),1,4
TRX-0947,Finance Dept,Transfer Kas Internal,8.36,14,3,0,0,Tidak,3,1
TRX-0948,Operations Dept,Pengadaan Perangkat IT,116.14,17,3,0,1,Tidak,5,3
TRX-0949,Bandung Branch,Pengadaan Perangkat IT,104.53,2,2,0,1,Tidak,4,2
TRX-0950,Finance Dept,Pembelian Material Gudang,46.49,16,2,0,1,Tidak,4,1
TRX-0951,Surabaya Branch,Pembayaran Tagihan Listrik,46.88,3,1,0,0,Tidak,4,2
TRX-0952,IT Dept,Transfer Kas Internal,55.69,3,7,1,0,Tidak,4,3
TRX-0953,Bandung Branch,Pembayaran Gaji Lembur,10.64,13,6,0,1,Tidak,3,1
TRX-0954,IT Dept,Biaya Perjalanan Dinas,123.91,8,7,0,0,Tidak,5,3
TRX-0955,Surabaya Branch,Pembayaran Tagihan Listrik,28.13,8,3,0,0,Tidak,5,1
TRX-0956,Surabaya Branch,Biaya Jamuan Klien,25.16,22,1,0,1,Tidak,2,3
TRX-0957,IT Dept,Pembayaran Vendor,37.59,17,4,0,1,Tidak,4,2
TRX-0958,Bandung Branch,Reimbursement Operasional,3.41,9,1,0,0,Tidak,1,2
TRX-0959,IT Dept,Pembayaran Tagihan Listrik,10.09,20,5,0,1,Tidak,3,1
TRX-0960,IT Dept,Reimbursement Operasional,67.98,3,1,0,0,Tidak,4,1
TRX-0961,Jakarta Branch,Pembayaran Tagihan Listrik,5.32,11,7,0,0,Tidak,3,1
TRX-0962,Bandung Branch,Pembelian Material Gudang,47.21,7,5,0,1,Tidak,4,1
TRX-0963,Jakarta Branch,Reimbursement Operasional,15.08,1,5,1,0,Ya (Anomali),2,3
TRX-0964,Finance Dept,Pembayaran Tagihan Listrik,25.66,21,5,1,0,Tidak,2,2
TRX-0965,Operations Dept,Pengadaan Perangkat IT,18.03,12,4,0,1,Tidak,3,2
TRX-0966,IT Dept,Reimbursement Operasional,22.98,20,1,1,0,Tidak,3,1
TRX-0967,Finance Dept,Pembayaran Tagihan Listrik,64.48,15,7,1,0,Tidak,4,3
TRX-0968,Bandung Branch,Biaya Perjalanan Dinas,18.63,1,1,0,1,Ya (Anomali),4,3
TRX-0969,IT Dept,Pembayaran Vendor,42.78,10,4,0,1,Tidak,5,1
TRX-0970,Operations Dept,Biaya Perjalanan Dinas,33.32,9,3,1,1,Tidak,4,3
TRX-0971,Finance Dept,Transfer Kas Internal,55.48,14,2,0,1,Tidak,5,1
TRX-0972,Medan Branch,Pembayaran Tagihan Listrik,139.1,16,7,0,0,Tidak,5,1
TRX-0973,Surabaya Branch,Jasa Konsultan Audit,66.95,7,7,1,1,Ya (Anomali),4,4
TRX-0974,IT Dept,Biaya Jamuan Klien,13.1,17,1,0,0,Tidak,3,1
TRX-0975,Operations Dept,Biaya Perjalanan Dinas,2.58,22,2,0,1,Ya (Anomali),1,3
TRX-0976,Surabaya Branch,Reimbursement Operasional,16.21,8,6,1,0,Tidak,4,2
TRX-0977,Jakarta Branch,Pembelian Material Gudang,46.2,7,6,0,0,Tidak,4,1
TRX-0978,Finance Dept,Biaya Jamuan Klien,3.64,13,4,0,0,Tidak,2,2
TRX-0979,Jakarta Branch,Jasa Konsultan Audit,35.3,17,6,0,0,Tidak,4,1
TRX-0980,Operations Dept,Pembayaran Gaji Lembur,46.42,21,7,0,1,Tidak,3,2
TRX-0981,IT Dept,Pembayaran Tagihan Listrik,21.34,19,6,1,0,Tidak,2,2
TRX-0982,Surabaya Branch,Pembelian Material Gudang,74.68,19,3,0,0,Tidak,4,1
TRX-0983,Surabaya Branch,Pembayaran Tagihan Listrik,6.64,20,3,0,0,Tidak,2,1
TRX-0984,Finance Dept,Transfer Kas Internal,4.91,11,3,0,0,Tidak,2,1
TRX-0985,IT Dept,Jasa Konsultan Audit,66.13,18,6,0,1,Tidak,4,2
TRX-0986,Medan Branch,Pembayaran Tagihan Listrik,35.21,13,4,0,1,Tidak,4,2
TRX-0987,Medan Branch,Reimbursement Operasional,59.3,16,5,1,1,Tidak,4,4
TRX-0988,Finance Dept,Transfer Kas Internal,29.53,23,5,0,1,Ya (Anomali),4,3
TRX-0989,IT Dept,Pengadaan Perangkat IT,15.14,20,2,0,1,Tidak,4,2
TRX-0990,Finance Dept,Pembayaran Gaji Lembur,86.49,2,5,0,0,Ya (Anomali),5,3
TRX-0991,IT Dept,Jasa Konsultan Audit,81.33,22,5,1,1,Ya (Anomali),5,5
TRX-0992,Operations Dept,Pembayaran Vendor,60.32,6,3,1,1,Tidak,4,3
TRX-0993,Operations Dept,Pembelian Material Gudang,16.88,16,3,1,0,Tidak,3,3
TRX-0994,Jakarta Branch,Biaya Perjalanan Dinas,45.61,11,6,1,1,Ya (Anomali),3,3
TRX-0995,Finance Dept,Pembayaran Tagihan Listrik,23.39,8,2,1,1,Tidak,3,3
TRX-0996,IT Dept,Pembelian Material Gudang,5.8,14,1,0,0,Tidak,2,1
TRX-0997,Medan Branch,Pembelian Material Gudang,125.63,17,7,0,0,Tidak,5,3
TRX-0998,IT Dept,Pembayaran Vendor,8.36,20,2,0,0,Tidak,3,1
TRX-0999,Operations Dept,Pembayaran Vendor,151.02,12,2,1,1,Ya (Anomali),5,4
TRX-1000,IT Dept,Transfer Kas Internal,30.53,20,4,1,1,Tidak,4,2
TRX-1001,Finance Dept,Jasa Konsultan Audit,11.24,7,6,0,0,Tidak,3,1
TRX-1002,Jakarta Branch,Reimbursement Operasional,40.03,13,4,1,1,Tidak,4,2
TRX-1003,Jakarta Branch,Pembayaran Gaji Lembur,104.16,7,2,0,0,Tidak,4,1
TRX-1004,Jakarta Branch,Pembayaran Vendor,66.88,13,2,0,0,Tidak,4,1
TRX-1005,Jakarta Branch,Pembayaran Vendor,83.14,6,2,0,1,Tidak,5,1
TRX-1006,Operations Dept,Biaya Perjalanan Dinas,54.76,22,5,0,1,Ya (Anomali),4,5
TRX-1007,Bandung Branch,Pengadaan Perangkat IT,59.93,11,7,0,0,Tidak,4,2
TRX-1008,Finance Dept,Pembayaran Vendor,95.59,10,7,0,0,Tidak,5,1
TRX-1009,Surabaya Branch,Pengadaan Perangkat IT,15.36,21,4,0,0,Tidak,2,1
TRX-1010,Finance Dept,Transfer Kas Internal,34.61,21,2,0,0,Tidak,4,1
TRX-1011,Bandung Branch,Reimbursement Operasional,13.5,10,7,1,0,Tidak,3,2
TRX-1012,Jakarta Branch,Pembelian Material Gudang,220.78,21,3,1,0,Ya (Anomali),4,3
TRX-1013,Bandung Branch,Pembayaran Vendor,145.17,12,7,1,0,Ya (Anomali),5,5
TRX-1014,Medan Branch,Pembayaran Tagihan Listrik,3.01,17,6,0,0,Tidak,2,1
TRX-1015,Medan Branch,Pengadaan Perangkat IT,62.14,1,6,0,0,Tidak,4,3
TRX-1016,Operations Dept,Biaya Perjalanan Dinas,130.68,20,7,0,0,Tidak,5,2
TRX-1017,Finance Dept,Pembayaran Gaji Lembur,10.96,14,3,0,1,Tidak,3,1
TRX-1018,Finance Dept,Biaya Perjalanan Dinas,42.96,19,6,0,1,Tidak,4,2
TRX-1019,Surabaya Branch,Pembayaran Vendor,124.54,17,5,0,0,Tidak,5,2
TRX-1020,Operations Dept,Jasa Konsultan Audit,2.73,14,7,0,0,Tidak,2,2
TRX-1021,Surabaya Branch,Pembelian Material Gudang,60.77,18,5,0,0,Tidak,4,1
TRX-1022,Medan Branch,Reimbursement Operasional,18.64,22,7,0,0,Tidak,2,2
TRX-1023,Jakarta Branch,Pembayaran Tagihan Listrik,130.11,23,1,0,0,Ya (Anomali),4,4
TRX-1024,Bandung Branch,Jasa Konsultan Audit,178.12,11,1,0,0,Tidak,5,2
TRX-1025,Surabaya Branch,Biaya Perjalanan Dinas,145.36,12,1,0,0,Tidak,5,2
TRX-1026,IT Dept,Pengadaan Perangkat IT,33.14,21,6,0,1,Tidak,4,1
TRX-1027,Surabaya Branch,Pengadaan Perangkat IT,100.04,10,5,0,0,Tidak,4,1
TRX-1028,Jakarta Branch,Jasa Konsultan Audit,94.07,4,5,0,0,Tidak,5,1
TRX-1029,Jakarta Branch,Pengadaan Perangkat IT,20.22,0,5,0,1,Ya (Anomali),3,3
TRX-1030,Finance Dept,Biaya Perjalanan Dinas,89.28,23,3,0,0,Tidak,5,1
TRX-1031,Bandung Branch,Jasa Konsultan Audit,2.89,2,5,0,0,Tidak,2,3
TRX-1032,Jakarta Branch,Biaya Perjalanan Dinas,46.35,21,3,0,0,Tidak,4,1
TRX-1033,Operations Dept,Pembayaran Tagihan Listrik,14.07,18,1,0,0,Tidak,3,1
TRX-1034,Surabaya Branch,Pembelian Material Gudang,7.42,22,1,1,1,Ya (Anomali),2,5
TRX-1035,Surabaya Branch,Pembayaran Gaji Lembur,5.0,6,6,0,0,Tidak,2,1
TRX-1036,Medan Branch,Pembayaran Tagihan Listrik,60.58,11,7,0,0,Tidak,4,1
TRX-1037,Jakarta Branch,Pembayaran Tagihan Listrik,21.77,14,1,0,0,Tidak,3,1
TRX-1038,IT Dept,Pengadaan Perangkat IT,65.51,4,7,0,0,Tidak,5,2
TRX-1039,Finance Dept,Pembayaran Vendor,4.38,14,7,0,1,Tidak,3,1
TRX-1040,Bandung Branch,Biaya Jamuan Klien,19.94,7,6,0,1,Tidak,4,2
TRX-1041,IT Dept,Pengadaan Perangkat IT,39.77,9,2,1,0,Tidak,4,2
TRX-1042,Finance Dept,Pembayaran Vendor,79.2,15,2,0,0,Tidak,5,1
TRX-1043,Surabaya Branch,Biaya Perjalanan Dinas,20.19,7,4,0,0,Tidak,2,1
TRX-1044,IT Dept,Biaya Jamuan Klien,50.16,0,6,0,1,Tidak,4,2
TRX-1045,Finance Dept,Pengadaan Perangkat IT,109.57,11,4,1,0,Tidak,5,1
TRX-1046,Surabaya Branch,Biaya Jamuan Klien,48.84,4,4,0,0,Tidak,4,2
TRX-1047,Surabaya Branch,Biaya Jamuan Klien,14.26,2,2,1,0,Tidak,3,2
TRX-1048,Surabaya Branch,Transfer Kas Internal,2.24,0,6,0,0,Tidak,2,1
TRX-1049,Surabaya Branch,Pembelian Material Gudang,103.05,3,2,1,0,Ya (Anomali),4,3
TRX-1050,Operations Dept,Transfer Kas Internal,2.07,7,4,1,0,Tidak,2,1
TRX-1051,Surabaya Branch,Pembayaran Vendor,104.85,2,6,0,0,Ya (Anomali),5,3
TRX-1052,Medan Branch,Reimbursement Operasional,38.64,9,4,0,0,Tidak,4,1
TRX-1053,IT Dept,Jasa Konsultan Audit,140.9,1,5,0,0,Ya (Anomali),5,4
TRX-1054,Finance Dept,Pembayaran Gaji Lembur,81.17,10,7,0,1,Tidak,5,1
TRX-1055,Medan Branch,Reimbursement Operasional,310.11,9,6,0,0,Tidak,5,2
TRX-1056,Operations Dept,Jasa Konsultan Audit,22.59,20,6,0,0,Tidak,3,1
TRX-1057,Medan Branch,Pembayaran Vendor,73.88,13,7,0,1,Tidak,4,1
TRX-1058,Jakarta Branch,Pembayaran Vendor,26.7,6,4,0,0,Tidak,4,1
TRX-1059,Jakarta Branch,Biaya Perjalanan Dinas,33.68,1,5,1,0,Ya (Anomali),3,4
TRX-1060,Jakarta Branch,Pembayaran Gaji Lembur,50.38,8,3,0,1,Tidak,4,1
TRX-1061,Bandung Branch,Pembelian Material Gudang,104.45,15,7,0,0,Tidak,5,1
TRX-1062,Jakarta Branch,Biaya Jamuan Klien,208.02,12,2,0,1,Ya (Anomali),5,4
TRX-1063,Finance Dept,Transfer Kas Internal,74.11,8,4,1,0,Tidak,4,2
TRX-1064,Medan Branch,Transfer Kas Internal,28.04,19,7,0,0,Tidak,4,1
TRX-1065,Finance Dept,Pembayaran Vendor,28.35,3,7,0,0,Tidak,5,2
TRX-1066,IT Dept,Transfer Kas Internal,67.89,21,6,0,0,Tidak,4,2
TRX-1067,Jakarta Branch,Pembayaran Vendor,14.64,9,2,0,1,Tidak,3,1
TRX-1068,Operations Dept,Biaya Jamuan Klien,6.85,21,2,0,1,Tidak,2,1
TRX-1069,Bandung Branch,Pembayaran Vendor,22.9,11,2,1,1,Tidak,4,3
TRX-1070,IT Dept,Biaya Perjalanan Dinas,17.93,16,7,1,1,Tidak,3,3
TRX-1071,Operations Dept,Pembelian Material Gudang,18.57,13,3,0,1,Tidak,3,1
TRX-1072,Bandung Branch,Pembayaran Tagihan Listrik,14.3,13,1,1,0,Tidak,3,2
TRX-1073,IT Dept,Pengadaan Perangkat IT,3.15,1,4,0,0,Tidak,2,1
TRX-1074,Medan Branch,Pembelian Material Gudang,1.9,20,1,0,0,Tidak,1,1
TRX-1075,Finance Dept,Pembelian Material Gudang,221.0,19,7,1,0,Ya (Anomali),5,5
TRX-1076,Surabaya Branch,Reimbursement Operasional,28.91,10,1,0,1,Tidak,4,2
TRX-1077,Finance Dept,Pembayaran Gaji Lembur,25.25,15,7,1,0,Tidak,3,1
TRX-1078,Jakarta Branch,Pembayaran Gaji Lembur,57.92,18,1,0,0,Tidak,4,1
TRX-1079,Operations Dept,Jasa Konsultan Audit,13.31,22,2,0,0,Tidak,3,3
TRX-1080,Surabaya Branch,Pengadaan Perangkat IT,150.75,5,5,0,0,Ya (Anomali),5,3
TRX-1081,Bandung Branch,Biaya Jamuan Klien,78.17,23,2,0,0,Tidak,5,2
TRX-1082,Medan Branch,Pembayaran Tagihan Listrik,5.68,18,2,0,0,Tidak,2,1
TRX-1083,Medan Branch,Pembayaran Tagihan Listrik,28.03,4,6,1,0,Tidak,4,3
TRX-1084,Bandung Branch,Pembayaran Gaji Lembur,106.65,3,6,0,0,Tidak,5,1
TRX-1085,Jakarta Branch,Pembelian Material Gudang,145.78,14,1,1,1,Ya (Anomali),5,5
TRX-1086,Bandung Branch,Biaya Perjalanan Dinas,32.5,3,7,1,0,Ya (Anomali),4,3
TRX-1087,IT Dept,Jasa Konsultan Audit,48.52,19,2,0,0,Tidak,4,1
TRX-1088,Operations Dept,Pembayaran Vendor,10.14,9,1,0,0,Tidak,2,2
TRX-1089,Operations Dept,Jasa Konsultan Audit,237.47,23,6,0,0,Ya (Anomali),5,4
TRX-1090,Jakarta Branch,Reimbursement Operasional,14.18,21,5,0,0,Tidak,3,2
TRX-1091,Surabaya Branch,Jasa Konsultan Audit,144.0,2,4,1,0,Ya (Anomali),5,5
TRX-1092,Bandung Branch,Pembelian Material Gudang,53.44,4,1,0,0,Tidak,4,2
TRX-1093,Jakarta Branch,Biaya Jamuan Klien,47.79,5,5,0,0,Tidak,5,2
TRX-1094,Operations Dept,Pembelian Material Gudang,36.94,20,4,0,0,Tidak,3,1
TRX-1095,Surabaya Branch,Pembayaran Gaji Lembur,14.11,21,3,0,0,Tidak,3,1
TRX-1096,Bandung Branch,Biaya Jamuan Klien,10.71,7,1,0,1,Tidak,4,2
TRX-1097,Medan Branch,Transfer Kas Internal,13.45,6,1,0,0,Tidak,3,1
TRX-1098,Bandung Branch,Biaya Jamuan Klien,11.32,20,3,0,1,Tidak,2,2
TRX-1099,Finance Dept,Jasa Konsultan Audit,76.61,9,3,0,0,Tidak,4,1
TRX-1100,Bandung Branch,Jasa Konsultan Audit,22.55,5,1,0,0,Tidak,3,1
TRX-1101,Finance Dept,Jasa Konsultan Audit,3.98,13,3,0,1,Tidak,2,3
TRX-1102,Surabaya Branch,Transfer Kas Internal,174.85,3,2,0,1,Ya (Anomali),5,4
TRX-1103,Bandung Branch,Pembayaran Gaji Lembur,108.62,12,4,1,0,Tidak,5,3
TRX-1104,Surabaya Branch,Pembayaran Vendor,132.38,19,4,0,0,Tidak,5,1
TRX-1105,Surabaya Branch,Pengadaan Perangkat IT,265.0,16,4,0,0,Ya (Anomali),5,4
TRX-1106,Operations Dept,Pembayaran Gaji Lembur,10.55,22,2,0,0,Tidak,3,1
TRX-1107,Jakarta Branch,Jasa Konsultan Audit,26.23,6,7,0,0,Tidak,4,1
TRX-1108,Surabaya Branch,Pembayaran Gaji Lembur,71.99,3,3,1,0,Ya (Anomali),4,2
TRX-1109,Surabaya Branch,Reimbursement Operasional,60.54,13,5,0,0,Tidak,4,1
TRX-1110,Operations Dept,Pembayaran Tagihan Listrik,9.36,2,3,0,0,Ya (Anomali),3,4
TRX-1111,Operations Dept,Pembayaran Tagihan Listrik,85.6,23,1,1,1,Ya (Anomali),5,5
TRX-1112,Bandung Branch,Pengadaan Perangkat IT,13.71,4,6,0,1,Tidak,3,4
TRX-1113,Operations Dept,Pengadaan Perangkat IT,13.67,15,4,0,1,Tidak,3,2
TRX-1114,Bandung Branch,Pembayaran Vendor,39.5,22,3,0,0,Tidak,4,3
TRX-1115,Medan Branch,Reimbursement Operasional,45.94,19,5,0,1,Tidak,4,2
TRX-1116,Operations Dept,Pembelian Material Gudang,44.39,3,1,0,1,Ya (Anomali),3,4
TRX-1117,Jakarta Branch,Pembayaran Gaji Lembur,5.8,23,2,0,0,Tidak,3,2
TRX-1118,Surabaya Branch,Biaya Jamuan Klien,105.97,23,7,1,0,Ya (Anomali),4,5
TRX-1119,Jakarta Branch,Biaya Jamuan Klien,16.44,1,2,1,1,Ya (Anomali),3,5
TRX-1120,Finance Dept,Pembelian Material Gudang,7.94,17,5,0,0,Tidak,2,1
TRX-1121,Operations Dept,Pembayaran Tagihan Listrik,110.8,18,1,0,0,Tidak,5,2
TRX-1122,Surabaya Branch,Pembelian Material Gudang,156.78,18,4,1,0,Ya (Anomali),5,2
TRX-1123,Jakarta Branch,Pembayaran Gaji Lembur,100.07,16,3,0,0,Tidak,5,1
TRX-1124,Operations Dept,Reimbursement Operasional,83.91,13,1,1,1,Tidak,4,2
TRX-1125,Operations Dept,Jasa Konsultan Audit,54.25,18,7,1,0,Tidak,4,3
TRX-1126,Medan Branch,Transfer Kas Internal,41.02,21,2,0,0,Tidak,4,1
TRX-1127,Medan Branch,Jasa Konsultan Audit,5.55,23,7,0,0,Tidak,2,1
TRX-1128,Surabaya Branch,Transfer Kas Internal,27.25,12,7,0,0,Tidak,4,1
TRX-1129,Finance Dept,Biaya Jamuan Klien,24.32,11,5,0,0,Tidak,4,1
TRX-1130,Medan Branch,Pengadaan Perangkat IT,16.04,5,5,1,0,Ya (Anomali),4,2
TRX-1131,Medan Branch,Pembayaran Gaji Lembur,65.26,20,3,0,1,Tidak,4,2
TRX-1132,Finance Dept,Jasa Konsultan Audit,35.25,3,5,1,0,Ya (Anomali),4,5
TRX-1133,Jakarta Branch,Pembelian Material Gudang,5.23,18,5,0,0,Tidak,2,1
TRX-1134,Medan Branch,Reimbursement Operasional,13.43,15,1,0,1,Tidak,4,1
TRX-1135,Bandung Branch,Reimbursement Operasional,58.48,12,4,0,0,Tidak,5,1
TRX-1136,IT Dept,Pembayaran Tagihan Listrik,4.96,3,3,0,1,Ya (Anomali),2,4
TRX-1137,IT Dept,Reimbursement Operasional,96.26,22,1,0,1,Ya (Anomali),5,3
TRX-1138,Medan Branch,Reimbursement Operasional,35.17,16,4,0,1,Tidak,4,2
TRX-1139,Jakarta Branch,Pengadaan Perangkat IT,33.75,22,7,1,0,Tidak,3,3
TRX-1140,Operations Dept,Pembelian Material Gudang,45.87,0,1,0,0,Tidak,3,2
TRX-1141,Jakarta Branch,Biaya Jamuan Klien,88.06,17,6,0,0,Tidak,5,1
TRX-1142,Surabaya Branch,Reimbursement Operasional,22.37,19,1,0,0,Tidak,3,1
TRX-1143,Bandung Branch,Biaya Jamuan Klien,57.66,16,5,1,1,Tidak,3,3
TRX-1144,Jakarta Branch,Pengadaan Perangkat IT,42.7,14,4,0,1,Tidak,4,2
TRX-1145,Finance Dept,Reimbursement Operasional,16.53,10,3,0,1,Tidak,3,2
TRX-1146,Bandung Branch,Pembayaran Gaji Lembur,106.45,21,3,1,1,Tidak,5,3
TRX-1147,IT Dept,Pembayaran Tagihan Listrik,80.83,12,4,1,1,Tidak,5,3
TRX-1148,Bandung Branch,Jasa Konsultan Audit,54.71,0,5,0,0,Tidak,4,1
TRX-1149,Finance Dept,Pembayaran Gaji Lembur,96.05,16,2,0,0,Tidak,5,1
TRX-1150,Medan Branch,Biaya Perjalanan Dinas,101.98,5,1,0,1,Tidak,5,2
TRX-1151,Finance Dept,Pembayaran Vendor,62.61,3,5,0,0,Ya (Anomali),4,4
TRX-1152,Finance Dept,Reimbursement Operasional,91.7,19,6,1,0,Tidak,5,1
TRX-1153,Medan Branch,Biaya Jamuan Klien,60.78,15,7,0,0,Tidak,4,2
TRX-1154,Medan Branch,Pembayaran Vendor,57.99,14,4,1,1,Tidak,4,2
TRX-1155,Medan Branch,Transfer Kas Internal,49.2,14,1,0,0,Tidak,4,1
TRX-1156,Medan Branch,Reimbursement Operasional,70.86,5,3,0,1,Ya (Anomali),4,2
TRX-1157,Medan Branch,Biaya Perjalanan Dinas,9.63,14,7,0,1,Tidak,2,2
TRX-1158,Finance Dept,Pengadaan Perangkat IT,107.38,13,2,0,0,Tidak,5,1
TRX-1159,Surabaya Branch,Pembayaran Tagihan Listrik,103.73,10,6,1,0,Tidak,4,1
TRX-1160,Surabaya Branch,Biaya Perjalanan Dinas,2.48,6,3,1,0,Tidak,2,3
TRX-1161,Jakarta Branch,Biaya Jamuan Klien,88.38,8,4,0,1,Tidak,5,2
TRX-1162,Surabaya Branch,Pengadaan Perangkat IT,7.9,15,1,0,1,Tidak,2,1
TRX-1163,IT Dept,Jasa Konsultan Audit,21.41,4,4,0,1,Tidak,3,3
TRX-1164,Surabaya Branch,Pengadaan Perangkat IT,69.03,19,7,0,0,Tidak,5,1
TRX-1165,Finance Dept,Reimbursement Operasional,9.76,9,1,0,0,Tidak,3,1
TRX-1166,Medan Branch,Pembayaran Vendor,86.18,17,5,0,0,Tidak,5,1
TRX-1167,Medan Branch,Pembayaran Vendor,90.23,2,2,0,1,Ya (Anomali),5,5
TRX-1168,Operations Dept,Biaya Jamuan Klien,36.41,12,5,1,0,Tidak,5,3
TRX-1169,Operations Dept,Pengadaan Perangkat IT,1.32,10,5,0,0,Tidak,1,1
TRX-1170,Operations Dept,Biaya Perjalanan Dinas,17.92,16,4,0,0,Tidak,3,1
TRX-1171,Finance Dept,Biaya Jamuan Klien,48.98,21,7,0,0,Tidak,4,1
TRX-1172,IT Dept,Pembayaran Tagihan Listrik,199.66,12,2,0,0,Tidak,5,2
TRX-1173,Surabaya Branch,Biaya Jamuan Klien,50.96,5,1,0,0,Tidak,4,2
TRX-1174,Finance Dept,Biaya Jamuan Klien,16.04,16,1,1,0,Tidak,3,2
TRX-1175,Jakarta Branch,Jasa Konsultan Audit,51.26,12,6,1,0,Tidak,4,1
TRX-1176,Medan Branch,Pembayaran Gaji Lembur,39.82,18,3,0,1,Tidak,4,2
TRX-1177,Operations Dept,Reimbursement Operasional,76.67,20,6,0,1,Tidak,4,2
TRX-1178,Bandung Branch,Jasa Konsultan Audit,6.66,18,6,0,0,Tidak,2,1
TRX-1179,Jakarta Branch,Pembayaran Vendor,72.57,9,1,1,1,Tidak,4,3
TRX-1180,Operations Dept,Pembayaran Vendor,39.96,2,4,0,0,Tidak,4,3
TRX-1181,IT Dept,Transfer Kas Internal,165.83,13,5,0,0,Ya (Anomali),5,3
TRX-1182,Jakarta Branch,Transfer Kas Internal,21.92,18,7,0,1,Tidak,2,1
TRX-1183,Finance Dept,Biaya Perjalanan Dinas,51.07,4,5,0,1,Ya (Anomali),4,3
TRX-1184,Surabaya Branch,Pembayaran Vendor,135.43,4,5,0,1,Ya (Anomali),5,5
TRX-1185,Medan Branch,Pembayaran Gaji Lembur,6.41,19,2,1,0,Tidak,1,4
TRX-1186,IT Dept,Jasa Konsultan Audit,139.41,16,1,0,0,Tidak,5,2
TRX-1187,IT Dept,Pembayaran Tagihan Listrik,59.22,20,7,0,1,Tidak,4,3
TRX-1188,Bandung Branch,Pembayaran Gaji Lembur,4.51,9,4,0,0,Tidak,2,1
TRX-1189,Jakarta Branch,Transfer Kas Internal,18.9,4,2,1,0,Ya (Anomali),2,2
TRX-1190,Bandung Branch,Pengadaan Perangkat IT,62.58,3,3,1,1,Ya (Anomali),5,5
TRX-1191,Surabaya Branch,Pembayaran Gaji Lembur,4.49,5,4,0,1,Tidak,2,2
TRX-1192,Operations Dept,Pembayaran Gaji Lembur,44.63,3,6,1,1,Ya (Anomali),4,5
TRX-1193,Surabaya Branch,Pembayaran Gaji Lembur,22.22,6,4,0,0,Tidak,3,1
TRX-1194,Operations Dept,Pembayaran Gaji Lembur,49.5,6,4,0,1,Tidak,4,3
TRX-1195,Bandung Branch,Pembayaran Gaji Lembur,3.34,17,5,0,0,Tidak,2,1
TRX-1196,Medan Branch,Transfer Kas Internal,103.61,2,4,0,0,Tidak,4,2
TRX-1197,Surabaya Branch,Pembayaran Vendor,182.51,0,6,0,0,Ya (Anomali),5,3
TRX-1198,Bandung Branch,Biaya Jamuan Klien,174.49,23,6,0,0,Ya (Anomali),5,5
TRX-1199,Jakarta Branch,Pembayaran Gaji Lembur,70.25,3,1,0,0,Tidak,4,3
TRX-1200,Bandung Branch,Pembayaran Gaji Lembur,7.97,5,4,1,1,Ya (Anomali),2,5
TX-2026-909,Medan Branch,Transfer luar biasa malam hari tanpa otorisasi,3400.0,23,7,1,1,Ya (Anomali),5,5
