ID Transaksi,Entitas,Deskripsi,amount (dalam Juta Rp),hour_of_day (0-23),day_of_week (1-7),"is_new_beneficiary (1=Ya, 0=Tidak)","is_round_amount (1=Ya, 0=Tidak)",is_anomaly (Ground Truth)
TRX-001,Jakarta Branch,Pembayaran vendor,15.5,10,2,0,0,Tidak
TRX-002,Finance Dept,Reimbursement,2.1,14,2,0,0,Tidak
TRX-003,Surabaya Branch,Pembayaran ke vendor baru,"1,500.00",23,6,1,1,Ya (Anomali)
TRX-004,IT Dept,Pembelian lisensi software,78,11,3,0,0,Tidak
TRX-005,Operations Dept,Klaim biaya operasional,500,2,1,1,1,Ya (Anomali)
TRX-006,Bandung Branch,Biaya perjalanan dinas,7.5,16,4,0,0,Tidak
TRX-007,HR Dept,Pembayaran jasa konsultan,45,13,4,0,0,Tidak
TRX-008,Jakarta Branch,Transfer dana antar kas,5,19,7,0,1,Ya (Anomali)
TRX-009,Finance Dept,Pembayaran pajak,210.3,9,5,0,0,Tidak
TRX-010,IT Dept,Perpanjangan server,125,15,5,0,0,Tidak
TRX-011,Bandung Branch,Biaya perjalanan dinas,15.5,10,4,0,0,Tidak
TRX-012,Jakarta Branch,Pembayaran ke vendor baru,1500,9,7,0,0,Tidak
TRX-013,IT Dept,Pembayaran jasa konsultan,125,14,1,0,0,Tidak
TRX-014,Bandung Branch,Pembayaran ke vendor baru,7.5,16,1,0,0,Ya (Anomali)
TRX-015,HR Dept,Transfer dana antar kas,125,13,4,1,0,Ya (Anomali)
TRX-016,Jakarta Branch,Pembayaran ke vendor baru,1500,9,5,0,1,Ya (Anomali)
TRX-017,Jakarta Branch,Pembayaran vendor,15.5,16,7,0,0,Tidak
TRX-018,HR Dept,Reimbursement,15.5,11,2,0,0,Tidak
TRX-019,Bandung Branch,Transfer dana antar kas,500,13,1,1,0,Ya (Anomali)
TRX-020,Finance Dept,Reimbursement,210.3,16,5,0,0,Ya (Anomali)
TRX-021,Jakarta Branch,Pembayaran pajak,15.5,14,3,0,0,Tidak
TRX-022,Finance Dept,Pembayaran jasa konsultan,5,16,7,0,0,Tidak
TRX-023,IT Dept,Biaya perjalanan dinas,45,14,2,0,1,Tidak
TRX-024,Bandung Branch,Pembayaran ke vendor baru,500,11,3,0,1,Tidak
TRX-025,IT Dept,Pembayaran vendor,7.5,23,3,0,0,Ya (Anomali)
TRX-026,Finance Dept,Reimbursement,500,14,3,0,0,Tidak
TRX-027,Surabaya Branch,Perpanjangan server,7.5,19,5,0,1,Ya (Anomali)
TRX-028,Finance Dept,Pembayaran ke vendor baru,500,9,5,0,1,Ya (Anomali)
TRX-029,IT Dept,Pembelian lisensi software,7.5,11,6,0,0,Tidak
TRX-030,Operations Dept,Reimbursement,45,11,2,0,0,Tidak
TRX-031,Jakarta Branch,Biaya perjalanan dinas,1500,10,6,0,0,Tidak
TRX-032,Surabaya Branch,Klaim biaya operasional,7.5,2,3,0,0,Tidak
TRX-033,Finance Dept,Pembayaran pajak,45,14,5,0,0,Tidak
TRX-034,Finance Dept,Reimbursement,15.5,23,3,0,0,Tidak
TRX-035,Surabaya Branch,Pembayaran jasa konsultan,15.5,13,4,0,0,Ya (Anomali)
TRX-036,Jakarta Branch,Pembayaran ke vendor baru,45,19,5,0,0,Ya (Anomali)
TRX-037,IT Dept,Transfer dana antar kas,15.5,23,5,0,1,Ya (Anomali)
TRX-038,Jakarta Branch,Klaim biaya operasional,2.1,13,2,0,0,Ya (Anomali)
TRX-039,Surabaya Branch,Pembayaran ke vendor baru,125,15,7,0,0,Tidak
TRX-040,IT Dept,Pembayaran jasa konsultan,7.5,2,6,0,0,Tidak
TRX-041,Jakarta Branch,Pembayaran vendor,500,23,6,1,0,Tidak
TRX-042,Operations Dept,Transfer dana antar kas,5,11,2,0,0,Tidak
TRX-043,Operations Dept,Pembayaran ke vendor baru,45,13,6,1,0,Tidak
TRX-044,Bandung Branch,Transfer dana antar kas,7.5,16,4,1,0,Ya (Anomali)
TRX-045,Bandung Branch,Biaya perjalanan dinas,78,2,1,0,0,Tidak
TRX-046,Jakarta Branch,Pembayaran jasa konsultan,78,23,2,0,1,Tidak
TRX-047,IT Dept,Pembayaran pajak,125,2,3,0,0,Tidak
TRX-048,Jakarta Branch,Transfer dana antar kas,7.5,2,5,0,0,Tidak
TRX-049,Finance Dept,Biaya perjalanan dinas,1500,15,5,0,1,Tidak
TRX-050,Jakarta Branch,Pembayaran jasa konsultan,5,14,5,0,0,Tidak
TRX-051,Surabaya Branch,Pembayaran ke vendor baru,210.3,13,6,1,1,Ya (Anomali)
TRX-052,Jakarta Branch,Perpanjangan server,5,15,4,0,0,Ya (Anomali)
TRX-053,Finance Dept,Klaim biaya operasional,2.1,13,7,1,0,Ya (Anomali)
TRX-054,Surabaya Branch,Pembayaran ke vendor baru,78,14,2,1,0,Tidak
TRX-055,IT Dept,Perpanjangan server,7.5,15,1,0,0,Ya (Anomali)
TRX-056,Finance Dept,Pembayaran jasa konsultan,2.1,19,4,0,0,Tidak
TRX-057,Finance Dept,Pembayaran ke vendor baru,15.5,23,5,0,1,Ya (Anomali)
TRX-058,Finance Dept,Pembelian lisensi software,2.1,10,4,0,0,Tidak
TRX-059,IT Dept,Pembayaran vendor,500,2,7,0,1,Tidak
TRX-060,HR Dept,Pembayaran pajak,7.5,16,7,0,1,Ya (Anomali)
TRX-061,Jakarta Branch,Biaya perjalanan dinas,1500,19,4,1,1,Tidak
TRX-062,IT Dept,Perpanjangan server,5,16,5,0,0,Ya (Anomali)
TRX-063,Jakarta Branch,Klaim biaya operasional,78,15,2,0,1,Tidak
TRX-064,Surabaya Branch,Klaim biaya operasional,45,2,4,0,0,Ya (Anomali)
TRX-065,Finance Dept,Biaya perjalanan dinas,1500,11,2,0,0,Ya (Anomali)
TRX-066,Finance Dept,Pembelian lisensi software,45,15,2,1,1,Ya (Anomali)
TRX-067,Jakarta Branch,Pembayaran vendor,78,14,7,1,0,Tidak
TRX-068,IT Dept,Pembayaran vendor,1500,2,2,0,1,Tidak
TRX-069,Bandung Branch,Transfer dana antar kas,500,13,2,0,0,Ya (Anomali)
TRX-070,IT Dept,Biaya perjalanan dinas,7.5,15,4,0,0,Ya (Anomali)
TRX-071,Finance Dept,Pembayaran jasa konsultan,500,11,6,0,1,Tidak
TRX-072,Operations Dept,Klaim biaya operasional,210.3,15,5,0,0,Tidak
TRX-073,IT Dept,Perpanjangan server,1500,9,2,0,0,Tidak
TRX-074,Jakarta Branch,Pembayaran vendor,210.3,2,2,0,0,Ya (Anomali)
TRX-075,Surabaya Branch,Klaim biaya operasional,15.5,16,7,0,1,Ya (Anomali)
TRX-076,HR Dept,Pembayaran vendor,2.1,9,3,0,1,Tidak
TRX-077,IT Dept,Pembelian lisensi software,45,14,5,1,1,Tidak
TRX-078,Operations Dept,Perpanjangan server,1500,16,4,0,0,Tidak
TRX-079,IT Dept,Pembayaran ke vendor baru,45,16,2,0,0,Tidak
TRX-080,Finance Dept,Pembelian lisensi software,5,15,2,0,0,Tidak
TRX-081,Operations Dept,Pembayaran vendor,210.3,2,3,0,0,Ya (Anomali)
TRX-082,Surabaya Branch,Pembelian lisensi software,15.5,19,5,0,0,Tidak
TRX-083,Finance Dept,Perpanjangan server,78,2,7,0,0,Tidak
TRX-084,Surabaya Branch,Pembayaran jasa konsultan,2.1,16,5,1,1,Tidak
TRX-085,HR Dept,Pembayaran jasa konsultan,7.5,9,4,0,0,Tidak
TRX-086,Jakarta Branch,Pembayaran jasa konsultan,7.5,19,1,0,1,Tidak
TRX-087,Finance Dept,Pembayaran ke vendor baru,7.5,16,1,1,1,Tidak
TRX-088,IT Dept,Pembayaran vendor,5,13,5,1,0,Tidak
TRX-089,IT Dept,Transfer dana antar kas,45,2,4,1,1,Tidak
TRX-090,HR Dept,Pembayaran pajak,2.1,2,5,0,0,Tidak
TRX-091,HR Dept,Biaya perjalanan dinas,7.5,11,6,0,0,Tidak
TRX-092,Finance Dept,Pembayaran vendor,15.5,10,2,0,1,Tidak
TRX-093,IT Dept,Reimbursement,2.1,23,2,0,0,Tidak
TRX-094,Finance Dept,Biaya perjalanan dinas,1500,15,1,1,0,Tidak
TRX-095,Finance Dept,Pembayaran pajak,78,2,2,1,1,Ya (Anomali)
TRX-096,Finance Dept,Pembayaran ke vendor baru,5,23,1,0,1,Ya (Anomali)
TRX-097,IT Dept,Pembayaran jasa konsultan,1500,15,1,0,1,Tidak
TRX-098,Jakarta Branch,Pembayaran vendor,45,11,4,0,0,Tidak
TRX-099,Jakarta Branch,Pembayaran pajak,5,13,1,0,1,Tidak
TRX-100,Jakarta Branch,Pembayaran ke vendor baru,125,19,2,0,0,Tidak
TRX-101,HR Dept,Pembayaran vendor,78,9,2,0,0,Tidak
TRX-102,IT Dept,Pembayaran ke vendor baru,5,9,6,0,1,Tidak
TRX-103,IT Dept,Pembayaran vendor,15.5,10,7,0,0,Ya (Anomali)
TRX-104,Finance Dept,Reimbursement,2.1,10,5,0,1,Tidak
TRX-105,Operations Dept,Pembayaran ke vendor baru,1500,11,7,0,0,Tidak
TRX-106,Bandung Branch,Pembayaran vendor,5,23,1,0,0,Tidak
TRX-107,IT Dept,Pembayaran ke vendor baru,15.5,9,2,0,1,Tidak
TRX-108,Jakarta Branch,Perpanjangan server,78,11,2,0,0,Tidak
TRX-109,IT Dept,Pembayaran pajak,7.5,10,7,0,0,Tidak
TRX-110,Operations Dept,Pembayaran jasa konsultan,5,19,1,0,0,Ya (Anomali)
TRX-111,Finance Dept,Pembayaran ke vendor baru,210.3,10,5,0,0,Tidak
TRX-112,Operations Dept,Reimbursement,5,9,7,0,0,Tidak
TRX-113,Finance Dept,Pembelian lisensi software,2.1,16,6,1,0,Tidak
TRX-114,Surabaya Branch,Pembelian lisensi software,500,15,7,0,0,Tidak
TRX-115,IT Dept,Klaim biaya operasional,45,14,5,1,0,Ya (Anomali)
TRX-116,Operations Dept,Pembayaran jasa konsultan,1500,11,1,1,0,Tidak
TRX-117,HR Dept,Pembayaran pajak,210.3,2,3,0,0,Tidak
TRX-118,Finance Dept,Transfer dana antar kas,78,23,6,0,0,Ya (Anomali)
TRX-119,Operations Dept,Biaya perjalanan dinas,7.5,14,5,1,1,Tidak
TRX-120,Operations Dept,Pembayaran ke vendor baru,500,13,3,0,0,Tidak
TRX-121,Bandung Branch,Pembayaran ke vendor baru,1500,11,2,0,0,Tidak
TRX-122,Finance Dept,Klaim biaya operasional,125,16,7,1,1,Ya (Anomali)
TRX-123,IT Dept,Biaya perjalanan dinas,1500,23,1,0,0,Ya (Anomali)
TRX-124,Finance Dept,Perpanjangan server,210.3,2,2,0,1,Ya (Anomali)
TRX-125,HR Dept,Perpanjangan server,210.3,2,2,0,0,Tidak
TRX-126,IT Dept,Biaya perjalanan dinas,45,16,4,0,1,Ya (Anomali)
TRX-127,IT Dept,Pembayaran ke vendor baru,210.3,2,1,0,0,Tidak
TRX-128,IT Dept,Perpanjangan server,500,11,4,0,0,Tidak
TRX-129,Bandung Branch,Transfer dana antar kas,500,9,5,1,0,Tidak
TRX-130,Bandung Branch,Reimbursement,125,23,6,0,0,Tidak
TRX-131,Finance Dept,Pembayaran pajak,210.3,13,2,0,0,Tidak
TRX-132,Jakarta Branch,Transfer dana antar kas,125,14,2,0,0,Tidak
TRX-133,Finance Dept,Perpanjangan server,210.3,13,5,0,0,Ya (Anomali)
TRX-134,Operations Dept,Biaya perjalanan dinas,2.1,15,3,0,0,Tidak
TRX-135,Jakarta Branch,Biaya perjalanan dinas,2.1,9,4,0,0,Tidak
TRX-136,Jakarta Branch,Klaim biaya operasional,500,9,1,0,0,Tidak
TRX-137,Jakarta Branch,Pembelian lisensi software,15.5,2,5,0,1,Tidak
TRX-138,Surabaya Branch,Pembayaran pajak,45,16,1,0,1,Tidak
TRX-139,Surabaya Branch,Reimbursement,125,15,6,0,0,Tidak
TRX-140,Jakarta Branch,Klaim biaya operasional,1500,2,2,0,0,Ya (Anomali)
TRX-141,Jakarta Branch,Reimbursement,125,11,5,0,0,Tidak
TRX-142,Jakarta Branch,Klaim biaya operasional,500,19,5,0,0,Tidak
TRX-143,IT Dept,Pembayaran vendor,1500,10,7,0,0,Tidak
TRX-144,Bandung Branch,Pembayaran pajak,45,19,2,0,1,Tidak
TRX-145,Bandung Branch,Biaya perjalanan dinas,1500,2,6,0,0,Ya (Anomali)
TRX-146,IT Dept,Pembayaran pajak,2.1,11,2,0,1,Tidak
TRX-147,IT Dept,Klaim biaya operasional,15.5,19,4,0,0,Tidak
TRX-148,HR Dept,Pembayaran ke vendor baru,500,11,2,0,0,Tidak
TRX-149,Operations Dept,Pembayaran jasa konsultan,500,16,2,0,0,Tidak
TRX-150,IT Dept,Pembelian lisensi software,45,11,2,0,0,Tidak
TRX-151,IT Dept,Pembayaran vendor,500,19,5,0,0,Tidak
TRX-152,Finance Dept,Klaim biaya operasional,45,11,4,0,0,Tidak
TRX-153,Jakarta Branch,Pembayaran vendor,2.1,23,2,0,0,Tidak
TRX-154,IT Dept,Pembayaran pajak,1500,19,1,0,0,Tidak
TRX-155,Jakarta Branch,Pembayaran vendor,125,11,5,0,1,Tidak
TRX-156,Bandung Branch,Pembelian lisensi software,125,14,2,0,0,Ya (Anomali)
TRX-157,IT Dept,Perpanjangan server,2.1,14,4,1,0,Tidak
TRX-158,Jakarta Branch,Transfer dana antar kas,7.5,2,6,1,0,Ya (Anomali)
TRX-159,IT Dept,Klaim biaya operasional,78,2,3,0,0,Tidak
TRX-160,IT Dept,Pembayaran ke vendor baru,500,9,4,1,1,Tidak
TRX-161,Jakarta Branch,Pembayaran vendor,7.5,2,2,0,0,Tidak
TRX-162,Operations Dept,Klaim biaya operasional,500,14,7,0,0,Tidak
TRX-163,Operations Dept,Transfer dana antar kas,125,2,3,0,0,Tidak
TRX-164,Jakarta Branch,Klaim biaya operasional,7.5,10,2,0,0,Tidak
TRX-165,IT Dept,Pembayaran vendor,5,10,1,0,0,Tidak
TRX-166,Bandung Branch,Pembelian lisensi software,45,16,5,0,0,Tidak
TRX-167,Jakarta Branch,Perpanjangan server,1500,14,6,1,1,Ya (Anomali)
TRX-168,Surabaya Branch,Pembayaran pajak,15.5,15,5,0,0,Ya (Anomali)
TRX-169,Finance Dept,Pembayaran ke vendor baru,1500,11,1,0,0,Tidak
TRX-170,Jakarta Branch,Pembayaran vendor,1500,13,7,0,0,Tidak
TRX-171,Jakarta Branch,Perpanjangan server,2.1,10,3,0,0,Tidak
TRX-172,Surabaya Branch,Pembelian lisensi software,125,11,4,0,0,Tidak
TRX-173,Surabaya Branch,Perpanjangan server,210.3,19,4,1,1,Tidak
TRX-174,HR Dept,Reimbursement,15.5,11,5,0,1,Tidak
TRX-175,HR Dept,Pembelian lisensi software,15.5,2,5,0,0,Tidak
TRX-176,Operations Dept,Pembayaran ke vendor baru,5,13,4,0,1,Ya (Anomali)
TRX-177,HR Dept,Perpanjangan server,78,2,4,1,0,Tidak
TRX-178,IT Dept,Klaim biaya operasional,2.1,11,4,0,0,Tidak
TRX-179,IT Dept,Biaya perjalanan dinas,5,11,2,0,0,Tidak
TRX-180,IT Dept,Pembayaran jasa konsultan,7.5,11,6,0,1,Ya (Anomali)
TRX-181,Operations Dept,Reimbursement,45,15,5,0,0,Tidak
TRX-182,Operations Dept,Pembayaran ke vendor baru,78,14,3,0,0,Tidak
TRX-183,Jakarta Branch,Reimbursement,210.3,19,1,0,1,Tidak
TRX-184,Surabaya Branch,Pembelian lisensi software,45,11,4,0,1,Tidak
TRX-185,Finance Dept,Pembayaran vendor,15.5,14,6,0,0,Ya (Anomali)
TRX-186,Finance Dept,Perpanjangan server,2.1,23,2,0,0,Ya (Anomali)
TRX-187,Finance Dept,Reimbursement,7.5,2,5,0,0,Tidak
TRX-188,Finance Dept,Pembayaran ke vendor baru,78,10,1,1,1,Ya (Anomali)
TRX-189,Bandung Branch,Pembayaran ke vendor baru,45,15,7,0,0,Tidak
TRX-190,HR Dept,Biaya perjalanan dinas,5,15,5,1,0,Tidak
TRX-191,Operations Dept,Klaim biaya operasional,5,23,5,0,1,Ya (Anomali)
TRX-192,IT Dept,Pembayaran vendor,125,9,2,1,1,Ya (Anomali)
TRX-193,Jakarta Branch,Pembelian lisensi software,7.5,15,1,0,0,Ya (Anomali)
TRX-194,IT Dept,Pembayaran jasa konsultan,15.5,2,4,0,0,Tidak
TRX-195,Jakarta Branch,Biaya perjalanan dinas,2.1,10,2,0,0,Tidak
TRX-196,Jakarta Branch,Pembayaran ke vendor baru,5,10,2,0,0,Ya (Anomali)
TRX-197,Jakarta Branch,Pembayaran jasa konsultan,5,15,7,0,0,Ya (Anomali)
TRX-198,Finance Dept,Reimbursement,2.1,11,6,0,1,Tidak
TRX-199,IT Dept,Biaya perjalanan dinas,2.1,14,2,0,0,Tidak
TRX-200,Finance Dept,Pembayaran ke vendor baru,5,23,2,0,0,Tidak
TRX-201,Finance Dept,Pembelian lisensi software,2.1,13,5,1,0,Tidak
TRX-202,Finance Dept,Perpanjangan server,1500,15,4,0,0,Tidak
TRX-203,IT Dept,Pembayaran jasa konsultan,210.3,14,7,1,0,Ya (Anomali)
TRX-204,IT Dept,Pembayaran vendor,210.3,15,1,0,0,Tidak
TRX-205,IT Dept,Pembayaran pajak,210.3,2,2,1,0,Ya (Anomali)
TRX-206,Operations Dept,Perpanjangan server,15.5,10,6,0,1,Ya (Anomali)
TRX-207,Jakarta Branch,Pembelian lisensi software,1500,2,5,1,1,Ya (Anomali)
TRX-208,Finance Dept,Biaya perjalanan dinas,210.3,16,1,1,1,Tidak
TRX-209,Finance Dept,Perpanjangan server,45,10,3,0,0,Tidak
TRX-210,Jakarta Branch,Pembayaran pajak,7.5,15,7,1,1,Tidak
TRX-211,Jakarta Branch,Transfer dana antar kas,45,16,7,0,1,Tidak
TRX-212,Jakarta Branch,Pembayaran jasa konsultan,5,19,1,0,0,Ya (Anomali)
TRX-213,IT Dept,Reimbursement,7.5,16,5,1,0,Tidak
TRX-214,Surabaya Branch,Reimbursement,15.5,23,1,0,0,Ya (Anomali)
TRX-215,Surabaya Branch,Biaya perjalanan dinas,210.3,9,5,0,1,Ya (Anomali)
TRX-216,IT Dept,Pembayaran ke vendor baru,125,2,7,0,0,Tidak
TRX-217,Finance Dept,Pembayaran pajak,500,11,7,0,0,Tidak
TRX-218,Operations Dept,Pembayaran jasa konsultan,7.5,23,5,1,0,Ya (Anomali)
TRX-219,Surabaya Branch,Klaim biaya operasional,7.5,2,1,0,0,Tidak
TRX-220,Jakarta Branch,Transfer dana antar kas,125,13,5,0,0,Ya (Anomali)
TRX-221,IT Dept,Pembayaran jasa konsultan,2.1,23,2,0,0,Ya (Anomali)
TRX-222,HR Dept,Pembayaran vendor,210.3,2,4,0,0,Tidak
TRX-223,Jakarta Branch,Biaya perjalanan dinas,5,16,5,1,0,Tidak
TRX-224,Bandung Branch,Biaya perjalanan dinas,125,13,2,0,0,Tidak
TRX-225,Finance Dept,Klaim biaya operasional,7.5,14,5,0,0,Tidak
TRX-226,Operations Dept,Pembayaran pajak,500,13,3,1,0,Tidak
TRX-227,Jakarta Branch,Biaya perjalanan dinas,7.5,19,1,0,0,Ya (Anomali)
TRX-228,Finance Dept,Transfer dana antar kas,78,10,2,0,0,Tidak
TRX-229,Bandung Branch,Reimbursement,2.1,2,7,0,1,Tidak
TRX-230,Finance Dept,Biaya perjalanan dinas,78,19,3,0,1,Tidak
TRX-231,HR Dept,Transfer dana antar kas,125,14,4,0,0,Ya (Anomali)
TRX-232,Bandung Branch,Pembayaran pajak,45,23,5,0,1,Tidak
TRX-233,Surabaya Branch,Pembayaran jasa konsultan,15.5,14,7,0,0,Tidak
TRX-234,Bandung Branch,Perpanjangan server,7.5,14,1,0,1,Tidak
TRX-235,Surabaya Branch,Perpanjangan server,78,19,5,0,0,Tidak
TRX-236,Finance Dept,Klaim biaya operasional,2.1,2,7,0,0,Tidak
TRX-237,Surabaya Branch,Biaya perjalanan dinas,5,19,5,1,0,Tidak
TRX-238,HR Dept,Reimbursement,2.1,2,5,0,0,Tidak
TRX-239,Operations Dept,Pembayaran ke vendor baru,125,19,4,1,0,Ya (Anomali)
TRX-240,Jakarta Branch,Reimbursement,1500,9,7,1,1,Tidak
TRX-241,Jakarta Branch,Pembayaran ke vendor baru,125,2,2,1,0,Tidak
TRX-242,Operations Dept,Reimbursement,210.3,13,4,0,0,Tidak
TRX-243,Surabaya Branch,Pembayaran vendor,125,10,5,0,1,Ya (Anomali)
TRX-244,Jakarta Branch,Pembelian lisensi software,45,9,7,0,1,Tidak
TRX-245,Jakarta Branch,Transfer dana antar kas,125,15,3,0,0,Tidak
TRX-246,IT Dept,Perpanjangan server,125,13,6,1,0,Tidak
TRX-247,Finance Dept,Reimbursement,2.1,9,7,0,1,Tidak
TRX-248,HR Dept,Perpanjangan server,210.3,19,4,0,1,Ya (Anomali)
TRX-249,Finance Dept,Pembayaran pajak,7.5,19,6,0,0,Ya (Anomali)
TRX-250,Finance Dept,Reimbursement,78,9,2,0,1,Tidak
TRX-251,HR Dept,Klaim biaya operasional,500,10,2,1,0,Tidak
TRX-252,Surabaya Branch,Pembayaran jasa konsultan,5,14,3,0,0,Ya (Anomali)
TRX-253,IT Dept,Klaim biaya operasional,2.1,9,5,0,1,Tidak
TRX-254,Finance Dept,Pembayaran jasa konsultan,125,23,7,1,0,Tidak
TRX-255,Jakarta Branch,Biaya perjalanan dinas,45,14,2,0,1,Ya (Anomali)
TRX-256,IT Dept,Transfer dana antar kas,125,2,2,0,0,Tidak
TRX-257,IT Dept,Perpanjangan server,2.1,14,7,0,0,Tidak
TRX-258,IT Dept,Transfer dana antar kas,500,10,4,0,0,Tidak
TRX-259,Finance Dept,Klaim biaya operasional,2.1,23,5,0,0,Ya (Anomali)
TRX-260,Operations Dept,Pembayaran jasa konsultan,210.3,9,3,1,0,Tidak
TRX-261,HR Dept,Pembayaran ke vendor baru,15.5,9,1,0,0,Ya (Anomali)
TRX-262,Jakarta Branch,Klaim biaya operasional,125,13,4,0,0,Tidak
TRX-263,HR Dept,Biaya perjalanan dinas,78,10,1,0,0,Tidak
TRX-264,Surabaya Branch,Klaim biaya operasional,45,11,3,0,0,Ya (Anomali)
TRX-265,Finance Dept,Pembelian lisensi software,78,16,6,0,0,Tidak
TRX-266,Jakarta Branch,Klaim biaya operasional,1500,19,5,1,0,Ya (Anomali)
TRX-267,Finance Dept,Pembelian lisensi software,210.3,19,4,0,0,Tidak
TRX-268,Operations Dept,Pembelian lisensi software,45,16,7,0,0,Tidak
TRX-269,HR Dept,Pembelian lisensi software,210.3,23,4,0,0,Tidak
TRX-270,Surabaya Branch,Klaim biaya operasional,78,13,4,1,1,Tidak
TRX-271,Bandung Branch,Pembayaran ke vendor baru,1500,19,5,0,0,Tidak
TRX-272,Finance Dept,Pembayaran ke vendor baru,45,14,4,0,0,Tidak
TRX-273,Jakarta Branch,Pembayaran ke vendor baru,2.1,10,7,1,0,Tidak
TRX-274,HR Dept,Transfer dana antar kas,5,15,7,0,0,Ya (Anomali)
TRX-275,Finance Dept,Pembelian lisensi software,1500,14,2,0,1,Tidak
TRX-276,Finance Dept,Pembayaran jasa konsultan,500,10,2,1,0,Tidak
TRX-277,IT Dept,Klaim biaya operasional,2.1,9,6,0,0,Tidak
TRX-278,Jakarta Branch,Biaya perjalanan dinas,7.5,14,3,0,1,Ya (Anomali)
TRX-279,HR Dept,Reimbursement,78,9,6,0,0,Ya (Anomali)
TRX-280,Finance Dept,Pembayaran pajak,500,11,6,0,1,Ya (Anomali)
TRX-281,HR Dept,Reimbursement,78,11,4,1,1,Tidak
TRX-282,Finance Dept,Pembelian lisensi software,125,14,2,1,0,Tidak
TRX-283,Bandung Branch,Pembayaran ke vendor baru,1500,13,2,1,0,Tidak
TRX-284,IT Dept,Pembayaran vendor,15.5,15,2,0,0,Tidak
TRX-285,IT Dept,Klaim biaya operasional,5,19,3,0,0,Tidak
TRX-286,Jakarta Branch,Pembayaran ke vendor baru,15.5,15,2,1,1,Tidak
TRX-287,HR Dept,Biaya perjalanan dinas,1500,16,5,1,1,Tidak
TRX-288,IT Dept,Pembayaran pajak,125,23,4,1,1,Ya (Anomali)
TRX-289,HR Dept,Pembayaran pajak,2.1,14,2,0,0,Tidak
TRX-290,Jakarta Branch,Pembayaran ke vendor baru,1500,2,7,0,0,Tidak
TRX-291,Jakarta Branch,Perpanjangan server,7.5,16,4,1,0,Tidak
TRX-292,Finance Dept,Biaya perjalanan dinas,15.5,16,4,1,0,Tidak
TRX-293,Operations Dept,Pembayaran ke vendor baru,7.5,19,4,1,1,Tidak
TRX-294,IT Dept,Transfer dana antar kas,1500,16,3,0,0,Tidak
TRX-295,Operations Dept,Biaya perjalanan dinas,500,16,3,1,0,Tidak
TRX-296,IT Dept,Klaim biaya operasional,500,15,4,0,1,Ya (Anomali)
TRX-297,HR Dept,Reimbursement,500,11,4,0,0,Tidak
TRX-298,Bandung Branch,Perpanjangan server,78,13,5,0,0,Ya (Anomali)
TRX-299,Jakarta Branch,Klaim biaya operasional,1500,13,2,0,1,Tidak
TRX-300,Bandung Branch,Pembayaran ke vendor baru,210.3,9,4,0,1,Tidak
TRX-301,IT Dept,Transfer dana antar kas,7.5,19,5,0,1,Ya (Anomali)
TRX-302,Bandung Branch,Biaya perjalanan dinas,15.5,13,1,0,1,Tidak
TRX-303,Operations Dept,Biaya perjalanan dinas,5,23,5,0,0,Ya (Anomali)
TRX-304,Surabaya Branch,Pembayaran jasa konsultan,210.3,2,1,0,0,Tidak
TRX-305,Jakarta Branch,Pembayaran pajak,7.5,23,1,0,0,Tidak
TRX-306,Jakarta Branch,Perpanjangan server,1500,2,4,0,0,Tidak
TRX-307,HR Dept,Klaim biaya operasional,78,11,7,0,1,Tidak
TRX-308,IT Dept,Pembayaran vendor,500,9,4,0,0,Ya (Anomali)
TRX-309,Jakarta Branch,Pembayaran pajak,78,9,4,0,0,Ya (Anomali)
TRX-310,Operations Dept,Pembayaran ke vendor baru,2.1,23,4,0,1,Ya (Anomali)
TRX-311,Surabaya Branch,Perpanjangan server,7.5,14,1,0,1,Ya (Anomali)
TRX-312,HR Dept,Perpanjangan server,45,14,5,1,1,Ya (Anomali)
TRX-313,HR Dept,Pembayaran ke vendor baru,78,16,2,1,1,Tidak
TRX-314,IT Dept,Klaim biaya operasional,210.3,23,4,0,0,Tidak
TRX-315,Jakarta Branch,Biaya perjalanan dinas,2.1,13,2,1,0,Tidak
TRX-316,Bandung Branch,Pembayaran pajak,500,10,3,1,0,Tidak
TRX-317,Surabaya Branch,Perpanjangan server,125,23,6,0,0,Tidak
TRX-318,Surabaya Branch,Transfer dana antar kas,125,2,3,0,0,Tidak
TRX-319,Finance Dept,Reimbursement,210.3,16,6,0,1,Tidak
TRX-320,Jakarta Branch,Reimbursement,2.1,14,4,1,0,Tidak
TRX-321,Jakarta Branch,Perpanjangan server,45,10,4,0,0,Ya (Anomali)
TRX-322,Jakarta Branch,Transfer dana antar kas,2.1,9,1,0,1,Ya (Anomali)
TRX-323,Jakarta Branch,Transfer dana antar kas,500,2,6,0,1,Tidak
TRX-324,Bandung Branch,Pembayaran jasa konsultan,7.5,9,4,0,1,Ya (Anomali)
TRX-325,Operations Dept,Pembayaran jasa konsultan,125,2,4,0,0,Tidak
TRX-326,Surabaya Branch,Pembelian lisensi software,2.1,13,4,0,0,Ya (Anomali)
TRX-327,Finance Dept,Perpanjangan server,45,9,2,1,0,Tidak
TRX-328,Surabaya Branch,Reimbursement,125,9,5,0,0,Tidak
TRX-329,IT Dept,Pembayaran vendor,78,23,4,0,0,Tidak
TRX-330,Bandung Branch,Perpanjangan server,7.5,10,2,0,1,Tidak
TRX-331,HR Dept,Transfer dana antar kas,78,16,2,0,0,Tidak
TRX-332,Finance Dept,Transfer dana antar kas,125,16,2,0,0,Tidak
TRX-333,Bandung Branch,Pembayaran ke vendor baru,15.5,23,6,0,0,Tidak
TRX-334,Bandung Branch,Transfer dana antar kas,1500,11,2,0,0,Tidak
TRX-335,Finance Dept,Pembayaran pajak,78,13,5,0,0,Tidak
TRX-336,Jakarta Branch,Biaya perjalanan dinas,210.3,10,4,0,1,Tidak
TRX-337,Bandung Branch,Reimbursement,500,13,2,0,0,Tidak
TRX-338,IT Dept,Biaya perjalanan dinas,210.3,9,4,0,0,Tidak
TRX-339,HR Dept,Pembayaran jasa konsultan,210.3,14,2,0,0,Ya (Anomali)
TRX-340,Operations Dept,Perpanjangan server,5,11,2,0,0,Tidak
TRX-341,Finance Dept,Reimbursement,1500,23,4,0,0,Tidak
TRX-342,HR Dept,Pembayaran vendor,7.5,2,2,0,0,Tidak
TRX-343,Surabaya Branch,Pembayaran ke vendor baru,1500,11,1,0,1,Tidak
TRX-344,Jakarta Branch,Transfer dana antar kas,210.3,19,4,1,1,Tidak
TRX-345,Operations Dept,Perpanjangan server,125,2,5,0,0,Ya (Anomali)
TRX-346,IT Dept,Biaya perjalanan dinas,78,11,2,0,0,Tidak
TRX-347,Finance Dept,Biaya perjalanan dinas,2.1,15,4,1,0,Ya (Anomali)
TRX-348,Operations Dept,Reimbursement,7.5,2,4,0,0,Ya (Anomali)
TRX-349,Jakarta Branch,Pembayaran jasa konsultan,5,23,4,1,1,Ya (Anomali)
TRX-350,Jakarta Branch,Pembayaran ke vendor baru,5,14,2,0,0,Tidak
TRX-351,Bandung Branch,Biaya perjalanan dinas,1500,13,7,0,1,Tidak
TRX-352,Finance Dept,Pembayaran vendor,2.1,16,1,0,1,Tidak
TRX-353,HR Dept,Pembelian lisensi software,500,10,3,0,0,Tidak
TRX-354,Finance Dept,Pembayaran pajak,125,19,5,0,0,Tidak
TRX-355,Bandung Branch,Transfer dana antar kas,2.1,10,2,0,1,Tidak
TRX-356,Surabaya Branch,Pembayaran jasa konsultan,5,10,2,0,0,Tidak
TRX-357,Finance Dept,Pembayaran jasa konsultan,500,13,2,0,1,Tidak
TRX-358,IT Dept,Klaim biaya operasional,500,2,5,0,0,Ya (Anomali)
TRX-359,Finance Dept,Pembayaran pajak,2.1,10,6,1,0,Tidak
TRX-360,Jakarta Branch,Pembayaran pajak,78,15,1,1,0,Tidak
TRX-361,IT Dept,Biaya perjalanan dinas,210.3,19,3,1,0,Ya (Anomali)
TRX-362,HR Dept,Pembayaran jasa konsultan,125,13,6,0,0,Ya (Anomali)
TRX-363,IT Dept,Pembayaran pajak,45,10,5,0,0,Tidak
TRX-364,Finance Dept,Biaya perjalanan dinas,5,15,4,0,0,Tidak
TRX-365,Surabaya Branch,Biaya perjalanan dinas,78,23,6,1,0,Tidak
TRX-366,Surabaya Branch,Pembayaran vendor,500,10,5,1,1,Tidak
TRX-367,Surabaya Branch,Klaim biaya operasional,1500,19,4,0,1,Tidak
TRX-368,Bandung Branch,Perpanjangan server,1500,23,5,0,1,Ya (Anomali)
TRX-369,Bandung Branch,Pembayaran pajak,1500,14,2,0,0,Ya (Anomali)
TRX-370,Operations Dept,Pembelian lisensi software,7.5,13,4,0,0,Tidak
TRX-371,Finance Dept,Pembayaran pajak,2.1,10,6,0,0,Tidak
TRX-372,Surabaya Branch,Pembayaran pajak,500,15,2,0,0,Ya (Anomali)
TRX-373,IT Dept,Pembayaran pajak,78,2,4,0,0,Tidak
TRX-374,Finance Dept,Pembayaran vendor,210.3,14,3,0,0,Tidak
TRX-375,Finance Dept,Pembayaran pajak,2.1,19,1,0,0,Ya (Anomali)
TRX-376,IT Dept,Pembelian lisensi software,78,11,4,0,0,Ya (Anomali)
TRX-377,Bandung Branch,Perpanjangan server,2.1,19,5,0,0,Tidak
TRX-378,IT Dept,Pembayaran ke vendor baru,210.3,13,2,0,0,Tidak
TRX-379,Jakarta Branch,Klaim biaya operasional,78,13,5,0,0,Tidak
TRX-380,Finance Dept,Transfer dana antar kas,210.3,13,2,1,0,Ya (Anomali)
TRX-381,Jakarta Branch,Reimbursement,78,9,4,1,0,Tidak
TRX-382,Finance Dept,Pembayaran pajak,125,2,2,0,0,Ya (Anomali)
TRX-383,IT Dept,Pembayaran pajak,15.5,9,5,0,1,Tidak
TRX-384,Bandung Branch,Pembayaran jasa konsultan,125,13,3,0,0,Tidak
TRX-385,Finance Dept,Pembayaran jasa konsultan,500,9,2,0,0,Tidak
TRX-386,IT Dept,Pembayaran ke vendor baru,125,16,2,0,0,Ya (Anomali)
TRX-387,Jakarta Branch,Pembelian lisensi software,78,10,7,0,0,Tidak
TRX-388,Surabaya Branch,Reimbursement,5,19,2,0,0,Ya (Anomali)
TRX-389,Finance Dept,Pembayaran pajak,7.5,10,5,0,0,Ya (Anomali)
TRX-390,IT Dept,Transfer dana antar kas,210.3,2,2,1,0,Tidak
TRX-391,Operations Dept,Klaim biaya operasional,78,11,4,0,0,Tidak
TRX-392,Operations Dept,Pembelian lisensi software,7.5,11,5,0,0,Tidak
TRX-393,Surabaya Branch,Pembayaran pajak,1500,13,1,0,0,Tidak
TRX-394,Finance Dept,Pembayaran vendor,7.5,15,4,0,0,Tidak
TRX-395,Operations Dept,Pembayaran vendor,2.1,14,4,0,1,Tidak
TRX-396,Finance Dept,Pembayaran ke vendor baru,1500,10,6,0,0,Tidak
TRX-397,Finance Dept,Pembayaran jasa konsultan,125,14,4,0,0,Ya (Anomali)
TRX-398,Jakarta Branch,Pembelian lisensi software,7.5,9,4,1,0,Ya (Anomali)
TRX-399,Finance Dept,Biaya perjalanan dinas,45,23,5,1,0,Ya (Anomali)
TRX-400,Finance Dept,Pembayaran jasa konsultan,15.5,23,4,0,1,Ya (Anomali)
TRX-401,Jakarta Branch,Transfer dana antar kas,78,19,3,0,0,Tidak
TRX-402,Jakarta Branch,Biaya perjalanan dinas,45,13,5,0,0,Tidak
TRX-403,Jakarta Branch,Transfer dana antar kas,125,14,7,0,1,Tidak
TRX-404,Operations Dept,Transfer dana antar kas,45,10,1,1,0,Ya (Anomali)
TRX-405,IT Dept,Biaya perjalanan dinas,210.3,11,4,0,0,Tidak
TRX-406,HR Dept,Pembayaran pajak,210.3,10,2,0,1,Tidak
TRX-407,Jakarta Branch,Reimbursement,5,19,6,0,0,Ya (Anomali)
TRX-408,Jakarta Branch,Pembayaran jasa konsultan,7.5,16,5,0,1,Tidak
TRX-409,IT Dept,Klaim biaya operasional,7.5,23,5,0,0,Ya (Anomali)
TRX-410,IT Dept,Pembayaran pajak,78,11,7,0,0,Ya (Anomali)
TRX-411,Surabaya Branch,Pembelian lisensi software,210.3,15,4,1,0,Tidak
TRX-412,HR Dept,Reimbursement,5,2,4,0,1,Tidak
TRX-413,Finance Dept,Pembayaran jasa konsultan,78,15,4,0,0,Tidak
TRX-414,Finance Dept,Reimbursement,2.1,2,2,0,0,Ya (Anomali)
TRX-415,Surabaya Branch,Klaim biaya operasional,210.3,16,2,0,0,Tidak
TRX-416,IT Dept,Pembayaran pajak,5,13,7,0,1,Tidak
TRX-417,Finance Dept,Pembayaran ke vendor baru,45,2,2,1,0,Ya (Anomali)
TRX-418,Finance Dept,Klaim biaya operasional,2.1,14,5,1,0,Ya (Anomali)
TRX-419,IT Dept,Transfer dana antar kas,125,9,1,0,0,Ya (Anomali)
TRX-420,Operations Dept,Klaim biaya operasional,2.1,10,2,1,0,Tidak
TRX-421,Jakarta Branch,Biaya perjalanan dinas,210.3,16,7,0,0,Tidak
TRX-422,Finance Dept,Pembayaran ke vendor baru,2.1,9,5,0,0,Tidak
TRX-423,Surabaya Branch,Pembayaran vendor,5,14,4,0,0,Tidak
TRX-424,Finance Dept,Transfer dana antar kas,125,14,4,0,0,Ya (Anomali)
TRX-425,HR Dept,Reimbursement,1500,23,7,0,1,Tidak
TRX-426,Jakarta Branch,Pembayaran ke vendor baru,5,10,5,1,0,Tidak
TRX-427,Bandung Branch,Pembelian lisensi software,210.3,10,5,0,0,Tidak
TRX-428,IT Dept,Klaim biaya operasional,45,11,7,0,0,Tidak
TRX-429,Finance Dept,Perpanjangan server,78,15,3,0,0,Tidak
TRX-430,HR Dept,Perpanjangan server,210.3,13,4,0,1,Tidak
TRX-431,Operations Dept,Pembayaran pajak,5,13,2,1,0,Tidak
TRX-432,Finance Dept,Pembayaran jasa konsultan,2.1,9,6,1,1,Tidak
TRX-433,IT Dept,Reimbursement,125,23,4,0,0,Tidak
TRX-434,Surabaya Branch,Reimbursement,500,23,2,0,0,Tidak
TRX-435,Bandung Branch,Reimbursement,2.1,23,4,1,1,Tidak
TRX-436,Jakarta Branch,Pembayaran jasa konsultan,500,13,6,1,0,Tidak
TRX-437,Jakarta Branch,Transfer dana antar kas,7.5,11,7,0,0,Tidak
TRX-438,Finance Dept,Pembayaran ke vendor baru,1500,15,7,0,0,Tidak
TRX-439,Finance Dept,Pembelian lisensi software,15.5,13,3,1,0,Tidak
TRX-440,HR Dept,Pembayaran pajak,45,13,5,0,0,Tidak
TRX-441,Finance Dept,Pembayaran jasa konsultan,7.5,11,5,0,0,Tidak
TRX-442,IT Dept,Pembayaran jasa konsultan,7.5,23,2,0,1,Ya (Anomali)
TRX-443,Jakarta Branch,Perpanjangan server,1500,13,5,0,0,Tidak
TRX-444,IT Dept,Pembayaran jasa konsultan,210.3,16,1,0,0,Ya (Anomali)
TRX-445,IT Dept,Pembayaran pajak,500,2,5,0,0,Ya (Anomali)
TRX-446,Finance Dept,Pembayaran vendor,45,16,4,0,0,Ya (Anomali)
TRX-447,IT Dept,Pembayaran pajak,15.5,16,5,0,0,Ya (Anomali)
TRX-448,IT Dept,Biaya perjalanan dinas,210.3,19,6,1,1,Tidak
TRX-449,Operations Dept,Pembelian lisensi software,125,10,5,1,0,Tidak
TRX-450,IT Dept,Pembayaran ke vendor baru,5,10,6,0,1,Tidak
TRX-451,HR Dept,Pembayaran jasa konsultan,2.1,11,2,0,0,Tidak
TRX-452,Jakarta Branch,Perpanjangan server,2.1,23,2,0,0,Ya (Anomali)
TRX-453,Finance Dept,Klaim biaya operasional,45,9,1,0,0,Tidak
TRX-454,Jakarta Branch,Reimbursement,15.5,13,4,1,1,Tidak
TRX-455,IT Dept,Perpanjangan server,45,11,5,0,0,Ya (Anomali)
TRX-456,IT Dept,Pembayaran ke vendor baru,2.1,13,7,0,0,Ya (Anomali)
TRX-457,Operations Dept,Perpanjangan server,7.5,19,3,0,0,Ya (Anomali)
TRX-458,Operations Dept,Pembayaran ke vendor baru,125,16,5,1,0,Ya (Anomali)
TRX-459,Finance Dept,Perpanjangan server,7.5,19,6,1,1,Tidak
TRX-460,Bandung Branch,Pembayaran jasa konsultan,210.3,10,5,1,0,Ya (Anomali)
TRX-461,IT Dept,Pembayaran jasa konsultan,1500,13,5,0,0,Ya (Anomali)
TRX-462,Operations Dept,Pembelian lisensi software,500,15,5,0,1,Tidak
TRX-463,Operations Dept,Pembayaran vendor,78,10,7,0,0,Tidak
TRX-464,Surabaya Branch,Biaya perjalanan dinas,45,10,4,0,0,Tidak
TRX-465,Finance Dept,Perpanjangan server,500,13,4,0,0,Ya (Anomali)
TRX-466,Finance Dept,Pembayaran pajak,1500,14,7,0,0,Tidak
TRX-467,Jakarta Branch,Transfer dana antar kas,78,23,2,0,0,Tidak
TRX-468,Operations Dept,Transfer dana antar kas,125,14,5,0,0,Tidak
TRX-469,Surabaya Branch,Pembayaran pajak,15.5,15,5,0,0,Tidak
TRX-470,Operations Dept,Transfer dana antar kas,210.3,23,5,1,0,Tidak
TRX-471,Operations Dept,Pembayaran jasa konsultan,15.5,10,3,0,0,Tidak
TRX-472,Finance Dept,Pembelian lisensi software,5,19,3,0,0,Tidak
TRX-473,Surabaya Branch,Pembayaran ke vendor baru,210.3,14,5,0,1,Tidak
TRX-474,HR Dept,Klaim biaya operasional,500,16,3,0,0,Tidak
TRX-475,Finance Dept,Klaim biaya operasional,45,15,2,0,0,Tidak
TRX-476,Jakarta Branch,Pembayaran vendor,45,2,2,1,0,Tidak
TRX-477,Surabaya Branch,Perpanjangan server,1500,13,4,1,0,Tidak
TRX-478,Bandung Branch,Pembelian lisensi software,7.5,23,3,0,0,Ya (Anomali)
TRX-479,Operations Dept,Pembayaran vendor,2.1,16,4,1,0,Ya (Anomali)
TRX-480,Bandung Branch,Pembayaran jasa konsultan,78,2,4,0,0,Tidak
TRX-481,IT Dept,Pembelian lisensi software,5,2,5,1,0,Tidak
TRX-482,Bandung Branch,Perpanjangan server,210.3,2,2,0,1,Ya (Anomali)
TRX-483,Bandung Branch,Pembayaran pajak,210.3,23,5,0,0,Tidak
TRX-484,Operations Dept,Biaya perjalanan dinas,2.1,11,5,0,1,Tidak
TRX-485,IT Dept,Pembelian lisensi software,7.5,9,3,0,0,Tidak
TRX-486,Jakarta Branch,Pembayaran ke vendor baru,5,10,4,0,1,Tidak
TRX-487,IT Dept,Reimbursement,2.1,23,5,1,1,Tidak
TRX-488,Finance Dept,Transfer dana antar kas,45,15,3,0,0,Tidak
TRX-489,Jakarta Branch,Transfer dana antar kas,500,2,1,1,0,Ya (Anomali)
TRX-490,Jakarta Branch,Klaim biaya operasional,45,23,4,0,0,Tidak
TRX-491,Operations Dept,Pembelian lisensi software,5,16,5,0,0,Tidak
TRX-492,IT Dept,Pembayaran ke vendor baru,45,2,1,0,0,Ya (Anomali)
TRX-493,Finance Dept,Perpanjangan server,15.5,15,2,0,0,Tidak
TRX-494,IT Dept,Reimbursement,1500,16,2,0,1,Tidak
TRX-495,Bandung Branch,Pembayaran vendor,1500,10,2,0,0,Tidak
TRX-496,Jakarta Branch,Pembayaran pajak,15.5,11,6,0,1,Tidak
TRX-497,Jakarta Branch,Pembayaran vendor,500,15,3,0,0,Ya (Anomali)
TRX-498,Finance Dept,Transfer dana antar kas,210.3,11,5,0,0,Ya (Anomali)
TRX-499,Jakarta Branch,Pembayaran vendor,78,19,5,0,0,Tidak
TRX-500,Bandung Branch,Pembayaran pajak,15.5,13,1,0,0,Tidak
TRX-501,Bandung Branch,Pembayaran vendor,500,14,1,0,1,Tidak
TRX-502,Operations Dept,Pembelian lisensi software,125,13,3,0,0,Ya (Anomali)
TRX-503,Surabaya Branch,Biaya perjalanan dinas,5,16,4,0,0,Tidak
TRX-504,Bandung Branch,Pembayaran ke vendor baru,5,9,5,0,0,Tidak
TRX-505,Bandung Branch,Klaim biaya operasional,500,16,3,0,1,Tidak
TRX-506,IT Dept,Pembayaran ke vendor baru,210.3,16,1,0,0,Tidak
TRX-507,Jakarta Branch,Biaya perjalanan dinas,7.5,10,5,0,0,Tidak
TRX-508,Bandung Branch,Perpanjangan server,2.1,11,5,0,1,Ya (Anomali)
TRX-509,Jakarta Branch,Klaim biaya operasional,125,2,7,0,0,Tidak
TRX-510,Finance Dept,Pembayaran pajak,15.5,15,3,0,0,Ya (Anomali)
TRX-511,Jakarta Branch,Biaya perjalanan dinas,500,16,5,0,0,Ya (Anomali)
TRX-512,Operations Dept,Pembayaran ke vendor baru,5,2,6,1,1,Tidak
TRX-513,IT Dept,Pembelian lisensi software,2.1,23,5,1,1,Tidak
TRX-514,Finance Dept,Pembayaran pajak,15.5,2,6,1,0,Ya (Anomali)
TRX-515,Surabaya Branch,Pembayaran vendor,2.1,19,5,0,0,Tidak
TRX-516,Bandung Branch,Perpanjangan server,125,9,5,0,0,Ya (Anomali)
TRX-517,Jakarta Branch,Klaim biaya operasional,500,2,4,0,0,Ya (Anomali)
TRX-518,IT Dept,Perpanjangan server,1500,14,5,1,1,Ya (Anomali)
TRX-519,Jakarta Branch,Transfer dana antar kas,210.3,11,7,0,1,Ya (Anomali)
TRX-520,Jakarta Branch,Biaya perjalanan dinas,125,14,7,1,0,Tidak
TRX-521,Jakarta Branch,Pembayaran vendor,7.5,13,4,1,0,Ya (Anomali)
TRX-522,IT Dept,Reimbursement,7.5,2,7,0,1,Tidak
TRX-523,Finance Dept,Reimbursement,210.3,9,6,0,0,Tidak
TRX-524,IT Dept,Reimbursement,45,11,5,1,0,Ya (Anomali)
TRX-525,Finance Dept,Pembayaran pajak,500,11,5,0,0,Tidak
TRX-526,Jakarta Branch,Pembelian lisensi software,78,13,6,0,1,Ya (Anomali)
TRX-527,Surabaya Branch,Klaim biaya operasional,15.5,19,7,0,0,Tidak
TRX-528,Jakarta Branch,Pembayaran jasa konsultan,1500,16,5,0,0,Ya (Anomali)
TRX-529,HR Dept,Pembayaran ke vendor baru,125,14,4,0,0,Ya (Anomali)
TRX-530,Operations Dept,Perpanjangan server,125,16,7,1,0,Ya (Anomali)
TRX-531,Jakarta Branch,Biaya perjalanan dinas,45,13,6,1,0,Ya (Anomali)
TRX-532,Operations Dept,Pembayaran pajak,2.1,2,5,1,0,Tidak
TRX-533,Jakarta Branch,Klaim biaya operasional,210.3,10,2,1,1,Tidak
TRX-534,IT Dept,Klaim biaya operasional,2.1,9,2,0,1,Tidak
TRX-535,Jakarta Branch,Perpanjangan server,15.5,14,1,0,0,Ya (Anomali)
TRX-536,Jakarta Branch,Klaim biaya operasional,15.5,11,4,0,0,Ya (Anomali)
TRX-537,Jakarta Branch,Biaya perjalanan dinas,15.5,2,3,1,0,Tidak
TRX-538,Operations Dept,Biaya perjalanan dinas,210.3,13,2,0,0,Tidak
TRX-539,Finance Dept,Pembayaran pajak,7.5,16,5,1,0,Tidak
TRX-540,HR Dept,Pembayaran pajak,1500,14,2,0,0,Ya (Anomali)
TRX-541,Finance Dept,Pembayaran ke vendor baru,210.3,19,4,0,0,Tidak
TRX-542,IT Dept,Perpanjangan server,15.5,15,2,0,0,Tidak
TRX-543,Surabaya Branch,Pembayaran vendor,125,10,1,0,0,Tidak
TRX-544,IT Dept,Pembelian lisensi software,210.3,14,2,1,1,Ya (Anomali)
TRX-545,Finance Dept,Klaim biaya operasional,125,19,4,0,1,Ya (Anomali)
TRX-546,Jakarta Branch,Klaim biaya operasional,78,10,4,0,1,Ya (Anomali)
TRX-547,Finance Dept,Pembelian lisensi software,45,14,5,0,1,Tidak
TRX-548,Bandung Branch,Transfer dana antar kas,15.5,9,5,0,0,Tidak
TRX-549,Jakarta Branch,Pembayaran vendor,2.1,15,4,0,0,Tidak
TRX-550,IT Dept,Pembayaran ke vendor baru,5,14,4,0,1,Tidak
TRX-551,Operations Dept,Reimbursement,2.1,13,5,1,0,Tidak
TRX-552,Bandung Branch,Perpanjangan server,125,16,2,0,1,Tidak
TRX-553,Operations Dept,Transfer dana antar kas,15.5,15,5,0,0,Tidak
TRX-554,HR Dept,Pembelian lisensi software,7.5,19,5,0,0,Tidak
TRX-555,IT Dept,Perpanjangan server,2.1,2,6,0,0,Tidak
TRX-556,Jakarta Branch,Pembayaran pajak,45,10,3,0,0,Tidak
TRX-557,IT Dept,Pembayaran vendor,125,2,4,0,1,Tidak
TRX-558,Finance Dept,Perpanjangan server,7.5,9,5,0,0,Ya (Anomali)
TRX-559,IT Dept,Pembayaran jasa konsultan,500,9,4,0,0,Ya (Anomali)
TRX-560,IT Dept,Pembayaran pajak,15.5,19,3,0,0,Tidak
TRX-561,HR Dept,Pembelian lisensi software,45,9,1,0,0,Tidak
TRX-562,Operations Dept,Pembayaran pajak,15.5,14,6,0,1,Tidak
TRX-563,Jakarta Branch,Perpanjangan server,5,16,5,0,1,Tidak
TRX-564,Finance Dept,Pembayaran jasa konsultan,125,2,4,0,0,Tidak
TRX-565,Jakarta Branch,Klaim biaya operasional,500,2,7,0,1,Tidak
TRX-566,Surabaya Branch,Klaim biaya operasional,15.5,16,5,0,0,Ya (Anomali)
TRX-567,Bandung Branch,Transfer dana antar kas,210.3,23,5,1,0,Tidak
TRX-568,Bandung Branch,Klaim biaya operasional,125,16,7,0,0,Tidak
TRX-569,HR Dept,Pembayaran ke vendor baru,2.1,13,4,0,0,Tidak
TRX-570,Finance Dept,Biaya perjalanan dinas,125,19,3,0,0,Ya (Anomali)
TRX-571,HR Dept,Klaim biaya operasional,15.5,15,4,0,0,Tidak
TRX-572,Finance Dept,Pembayaran ke vendor baru,210.3,23,5,0,0,Tidak
TRX-573,Operations Dept,Perpanjangan server,45,19,6,0,0,Tidak
TRX-574,HR Dept,Pembayaran ke vendor baru,7.5,16,4,0,0,Tidak
TRX-575,IT Dept,Pembayaran ke vendor baru,210.3,9,4,0,0,Tidak
TRX-576,Operations Dept,Transfer dana antar kas,500,14,2,1,1,Tidak
TRX-577,Jakarta Branch,Klaim biaya operasional,15.5,13,3,0,0,Tidak
TRX-578,Operations Dept,Reimbursement,7.5,23,5,0,0,Tidak
TRX-579,Surabaya Branch,Transfer dana antar kas,15.5,10,2,0,0,Tidak
TRX-580,Bandung Branch,Perpanjangan server,210.3,10,5,0,0,Tidak
TRX-581,Surabaya Branch,Pembayaran pajak,125,10,2,0,0,Tidak
TRX-582,Jakarta Branch,Transfer dana antar kas,45,11,1,0,0,Tidak
TRX-583,Jakarta Branch,Biaya perjalanan dinas,2.1,10,5,1,0,Ya (Anomali)
TRX-584,Operations Dept,Perpanjangan server,15.5,13,2,1,1,Ya (Anomali)
TRX-585,HR Dept,Pembelian lisensi software,15.5,15,2,0,0,Tidak
TRX-586,Finance Dept,Pembayaran vendor,500,23,5,0,1,Tidak
TRX-587,Bandung Branch,Perpanjangan server,210.3,13,5,0,1,Tidak
TRX-588,IT Dept,Biaya perjalanan dinas,78,11,7,0,0,Tidak
TRX-589,Finance Dept,Klaim biaya operasional,78,9,3,0,1,Ya (Anomali)
TRX-590,IT Dept,Klaim biaya operasional,500,16,7,0,0,Tidak
TRX-591,Finance Dept,Perpanjangan server,7.5,13,2,0,0,Ya (Anomali)
TRX-592,Jakarta Branch,Pembayaran pajak,1500,16,1,0,0,Tidak
TRX-593,Surabaya Branch,Pembayaran ke vendor baru,210.3,16,1,1,0,Ya (Anomali)
TRX-594,HR Dept,Biaya perjalanan dinas,78,2,5,0,0,Ya (Anomali)
TRX-595,Surabaya Branch,Klaim biaya operasional,2.1,19,7,1,0,Ya (Anomali)
TRX-596,IT Dept,Klaim biaya operasional,15.5,2,4,0,1,Tidak
TRX-597,Jakarta Branch,Klaim biaya operasional,2.1,9,4,0,0,Tidak
TRX-598,Finance Dept,Pembayaran vendor,5,13,3,0,0,Tidak
TRX-599,IT Dept,Pembayaran jasa konsultan,7.5,23,5,0,0,Ya (Anomali)
TRX-600,Finance Dept,Biaya perjalanan dinas,5,16,4,0,0,Tidak
TRX-601,Operations Dept,Pembayaran vendor,1500,2,7,1,0,Tidak
TRX-602,Jakarta Branch,Klaim biaya operasional,78,19,5,1,0,Tidak
TRX-603,Finance Dept,Biaya perjalanan dinas,500,19,6,0,0,Tidak
TRX-604,IT Dept,Pembayaran ke vendor baru,1500,14,7,0,0,Ya (Anomali)
TRX-605,IT Dept,Reimbursement,1500,10,5,0,0,Ya (Anomali)
TRX-606,Surabaya Branch,Reimbursement,78,9,4,0,0,Tidak
TRX-607,IT Dept,Transfer dana antar kas,5,15,4,0,0,Tidak
TRX-608,IT Dept,Transfer dana antar kas,5,2,4,0,1,Tidak
TRX-609,Finance Dept,Biaya perjalanan dinas,210.3,19,5,0,0,Tidak
TRX-610,HR Dept,Pembayaran pajak,125,14,4,0,0,Tidak
TRX-611,Surabaya Branch,Reimbursement,5,16,1,0,0,Tidak
TRX-612,Surabaya Branch,Pembayaran pajak,1500,13,5,0,0,Ya (Anomali)
TRX-613,IT Dept,Pembayaran ke vendor baru,1500,15,5,0,1,Ya (Anomali)
TRX-614,Bandung Branch,Biaya perjalanan dinas,500,14,5,0,0,Tidak
TRX-615,Operations Dept,Reimbursement,15.5,9,1,0,1,Ya (Anomali)
TRX-616,Surabaya Branch,Perpanjangan server,210.3,2,2,0,0,Ya (Anomali)
TRX-617,Surabaya Branch,Biaya perjalanan dinas,1500,2,2,1,0,Tidak
TRX-618,Finance Dept,Pembelian lisensi software,1500,15,4,0,1,Tidak
TRX-619,HR Dept,Biaya perjalanan dinas,210.3,15,2,0,0,Tidak
TRX-620,IT Dept,Perpanjangan server,2.1,14,5,0,0,Tidak
TRX-621,Jakarta Branch,Pembayaran pajak,78,14,7,0,0,Ya (Anomali)
TRX-622,Finance Dept,Perpanjangan server,5,13,7,0,1,Tidak
TRX-623,Jakarta Branch,Klaim biaya operasional,1500,15,4,0,0,Tidak
TRX-624,Finance Dept,Pembayaran vendor,2.1,9,5,0,0,Tidak
TRX-625,Jakarta Branch,Transfer dana antar kas,1500,19,7,0,0,Ya (Anomali)
TRX-626,Finance Dept,Biaya perjalanan dinas,500,2,4,0,0,Tidak
TRX-627,HR Dept,Pembayaran pajak,125,11,6,1,0,Ya (Anomali)
TRX-628,IT Dept,Klaim biaya operasional,78,9,5,0,0,Ya (Anomali)
TRX-629,Jakarta Branch,Reimbursement,2.1,15,5,0,0,Tidak
TRX-630,IT Dept,Pembayaran vendor,500,11,2,0,1,Tidak
TRX-631,IT Dept,Pembayaran vendor,500,13,4,0,0,Ya (Anomali)
TRX-632,Finance Dept,Biaya perjalanan dinas,125,19,3,1,0,Tidak
TRX-633,IT Dept,Reimbursement,78,23,2,0,0,Ya (Anomali)
TRX-634,Finance Dept,Klaim biaya operasional,15.5,14,4,1,0,Ya (Anomali)
TRX-635,Operations Dept,Pembayaran jasa konsultan,1500,19,2,1,0,Tidak
TRX-636,Finance Dept,Pembayaran vendor,45,11,5,0,0,Tidak
TRX-637,Surabaya Branch,Pembayaran ke vendor baru,45,11,2,1,1,Tidak
TRX-638,Finance Dept,Pembayaran ke vendor baru,45,2,4,1,0,Ya (Anomali)
TRX-639,HR Dept,Transfer dana antar kas,500,2,4,0,0,Tidak
TRX-640,Jakarta Branch,Pembayaran vendor,125,10,5,0,0,Ya (Anomali)
TRX-641,Jakarta Branch,Pembayaran pajak,45,19,2,0,1,Tidak
TRX-642,Surabaya Branch,Klaim biaya operasional,5,15,5,0,1,Ya (Anomali)
TRX-643,Jakarta Branch,Perpanjangan server,45,13,5,0,0,Tidak
TRX-644,Bandung Branch,Biaya perjalanan dinas,45,10,4,0,0,Tidak
TRX-645,Surabaya Branch,Klaim biaya operasional,125,11,4,0,1,Tidak
TRX-646,Bandung Branch,Pembayaran pajak,45,13,4,1,0,Tidak
TRX-647,Finance Dept,Pembayaran vendor,78,14,6,0,1,Ya (Anomali)
TRX-648,Finance Dept,Pembayaran pajak,125,15,3,0,0,Tidak
TRX-649,Finance Dept,Transfer dana antar kas,1500,16,2,0,0,Tidak
TRX-650,HR Dept,Reimbursement,500,15,2,1,0,Tidak
TRX-651,IT Dept,Reimbursement,45,15,1,0,1,Ya (Anomali)
TRX-652,Jakarta Branch,Perpanjangan server,15.5,19,6,1,0,Tidak
TRX-653,Bandung Branch,Biaya perjalanan dinas,15.5,9,4,0,1,Ya (Anomali)
TRX-654,Bandung Branch,Pembayaran pajak,15.5,11,6,0,0,Tidak
TRX-655,Operations Dept,Pembayaran vendor,78,11,2,0,0,Ya (Anomali)
TRX-656,Finance Dept,Biaya perjalanan dinas,2.1,11,5,0,0,Tidak
TRX-657,IT Dept,Transfer dana antar kas,2.1,13,2,0,1,Ya (Anomali)
TRX-658,Bandung Branch,Biaya perjalanan dinas,78,15,5,0,1,Ya (Anomali)
TRX-659,Operations Dept,Pembayaran ke vendor baru,125,14,2,0,0,Ya (Anomali)
TRX-660,IT Dept,Pembayaran jasa konsultan,500,2,4,0,0,Ya (Anomali)
TRX-661,Jakarta Branch,Perpanjangan server,5,16,2,1,0,Tidak
TRX-662,Jakarta Branch,Perpanjangan server,7.5,9,5,0,0,Tidak
TRX-663,Bandung Branch,Pembayaran ke vendor baru,7.5,13,2,0,0,Tidak
TRX-664,Operations Dept,Pembayaran ke vendor baru,78,19,5,0,0,Tidak
TRX-665,HR Dept,Biaya perjalanan dinas,15.5,2,5,0,0,Tidak
TRX-666,IT Dept,Pembayaran ke vendor baru,125,11,5,1,1,Tidak
TRX-667,Surabaya Branch,Pembelian lisensi software,1500,11,6,1,0,Tidak
TRX-668,HR Dept,Transfer dana antar kas,2.1,9,4,0,0,Tidak
TRX-669,Jakarta Branch,Biaya perjalanan dinas,45,10,2,0,0,Tidak
TRX-670,Finance Dept,Transfer dana antar kas,125,10,4,0,0,Ya (Anomali)
TRX-671,Surabaya Branch,Pembelian lisensi software,125,15,4,0,0,Tidak
TRX-672,Jakarta Branch,Transfer dana antar kas,500,10,6,0,1,Tidak
TRX-673,Finance Dept,Reimbursement,1500,13,7,1,1,Tidak
TRX-674,Bandung Branch,Pembayaran ke vendor baru,500,11,2,0,0,Tidak
TRX-675,Finance Dept,Transfer dana antar kas,5,11,4,0,0,Tidak
TRX-676,Bandung Branch,Pembayaran pajak,1500,16,1,1,0,Tidak
TRX-677,Operations Dept,Pembayaran vendor,210.3,9,6,1,0,Tidak
TRX-678,Jakarta Branch,Transfer dana antar kas,2.1,11,2,0,1,Tidak
TRX-679,Operations Dept,Pembayaran jasa konsultan,15.5,16,1,0,1,Tidak
TRX-680,IT Dept,Pembayaran jasa konsultan,45,9,2,0,0,Tidak
TRX-681,Surabaya Branch,Biaya perjalanan dinas,210.3,23,3,0,0,Tidak
TRX-682,Bandung Branch,Perpanjangan server,125,9,7,0,1,Ya (Anomali)
TRX-683,Surabaya Branch,Reimbursement,7.5,2,1,1,0,Tidak
TRX-684,Operations Dept,Pembayaran jasa konsultan,210.3,15,2,0,0,Tidak
TRX-685,Finance Dept,Pembayaran pajak,15.5,15,6,0,1,Tidak
TRX-686,IT Dept,Pembelian lisensi software,1500,11,3,0,0,Tidak
TRX-687,Finance Dept,Transfer dana antar kas,7.5,13,1,1,1,Tidak
TRX-688,IT Dept,Perpanjangan server,45,13,5,0,0,Tidak
TRX-689,Finance Dept,Perpanjangan server,125,14,3,1,0,Ya (Anomali)
TRX-690,Operations Dept,Transfer dana antar kas,45,14,4,0,0,Tidak
TRX-691,Jakarta Branch,Transfer dana antar kas,210.3,15,4,0,0,Tidak
TRX-692,Operations Dept,Pembelian lisensi software,1500,15,4,0,0,Ya (Anomali)
TRX-693,Surabaya Branch,Pembayaran vendor,5,9,6,0,1,Tidak
TRX-694,Jakarta Branch,Pembayaran ke vendor baru,78,13,5,0,1,Tidak
TRX-695,Surabaya Branch,Pembayaran ke vendor baru,5,10,5,1,1,Tidak
TRX-696,Jakarta Branch,Pembayaran jasa konsultan,1500,2,4,0,0,Tidak
TRX-697,Surabaya Branch,Pembelian lisensi software,500,2,6,0,1,Tidak
TRX-698,Jakarta Branch,Reimbursement,7.5,13,2,0,0,Tidak
TRX-699,Finance Dept,Pembayaran vendor,2.1,2,3,1,0,Tidak
TRX-700,HR Dept,Pembayaran pajak,78,23,7,0,0,Tidak
TRX-701,Operations Dept,Pembelian lisensi software,1500,13,2,0,0,Tidak
TRX-702,IT Dept,Transfer dana antar kas,210.3,11,2,0,0,Tidak
TRX-703,Surabaya Branch,Pembayaran ke vendor baru,5,13,6,1,0,Tidak
TRX-704,Jakarta Branch,Pembayaran jasa konsultan,5,13,1,1,0,Ya (Anomali)
TRX-705,Surabaya Branch,Pembelian lisensi software,45,10,1,0,1,Tidak
TRX-706,Jakarta Branch,Transfer dana antar kas,5,15,2,0,0,Ya (Anomali)
TRX-707,Surabaya Branch,Reimbursement,500,11,6,0,1,Tidak
TRX-708,Finance Dept,Pembayaran ke vendor baru,5,2,7,1,0,Tidak
TRX-709,Surabaya Branch,Reimbursement,1500,15,5,1,1,Tidak
TRX-710,Jakarta Branch,Pembayaran pajak,15.5,19,5,0,0,Tidak
TRX-711,IT Dept,Pembelian lisensi software,500,9,5,0,1,Tidak
TRX-712,IT Dept,Pembayaran vendor,5,14,6,1,0,Tidak
TRX-713,IT Dept,Pembayaran pajak,125,11,2,1,0,Tidak
TRX-714,Jakarta Branch,Pembayaran vendor,7.5,10,5,0,1,Tidak
TRX-715,HR Dept,Pembayaran jasa konsultan,78,16,2,0,0,Tidak
TRX-716,Operations Dept,Pembayaran jasa konsultan,500,14,4,0,1,Tidak
TRX-717,Finance Dept,Pembayaran pajak,15.5,13,2,1,0,Tidak
TRX-718,Finance Dept,Reimbursement,125,11,6,0,0,Ya (Anomali)
TRX-719,Operations Dept,Transfer dana antar kas,5,19,5,0,1,Tidak
TRX-720,IT Dept,Pembayaran ke vendor baru,210.3,23,7,0,0,Tidak
TRX-721,Surabaya Branch,Transfer dana antar kas,78,16,2,1,0,Ya (Anomali)
TRX-722,Surabaya Branch,Reimbursement,7.5,23,2,0,1,Tidak
TRX-723,IT Dept,Reimbursement,78,9,2,1,1,Ya (Anomali)
TRX-724,Surabaya Branch,Pembayaran ke vendor baru,125,15,5,0,0,Tidak
TRX-725,Operations Dept,Pembayaran pajak,5,11,2,0,0,Tidak
TRX-726,Jakarta Branch,Perpanjangan server,210.3,13,5,0,0,Tidak
TRX-727,IT Dept,Pembayaran vendor,15.5,14,5,0,0,Tidak
TRX-728,Finance Dept,Pembelian lisensi software,125,9,1,0,0,Tidak
TRX-729,IT Dept,Biaya perjalanan dinas,78,2,6,0,0,Tidak
TRX-730,IT Dept,Pembayaran vendor,500,10,4,0,0,Ya (Anomali)
TRX-731,Operations Dept,Pembelian lisensi software,2.1,11,2,0,0,Ya (Anomali)
TRX-732,Bandung Branch,Klaim biaya operasional,5,13,5,0,0,Tidak
TRX-733,IT Dept,Pembelian lisensi software,7.5,19,5,0,0,Tidak
TRX-734,Finance Dept,Klaim biaya operasional,125,11,2,0,0,Tidak
TRX-735,Finance Dept,Reimbursement,125,16,5,0,0,Tidak
TRX-736,HR Dept,Perpanjangan server,45,23,2,1,0,Tidak
TRX-737,IT Dept,Pembayaran pajak,45,9,2,0,0,Ya (Anomali)
TRX-738,Finance Dept,Pembayaran jasa konsultan,1500,13,2,0,1,Ya (Anomali)
TRX-739,Finance Dept,Biaya perjalanan dinas,125,19,4,1,0,Ya (Anomali)
TRX-740,IT Dept,Pembayaran jasa konsultan,500,2,4,0,0,Tidak
TRX-741,Jakarta Branch,Transfer dana antar kas,2.1,9,2,0,0,Tidak
TRX-742,Surabaya Branch,Transfer dana antar kas,125,14,2,0,1,Tidak
TRX-743,IT Dept,Klaim biaya operasional,500,9,5,0,0,Tidak
TRX-744,IT Dept,Pembayaran ke vendor baru,5,10,7,0,0,Tidak
TRX-745,Jakarta Branch,Reimbursement,7.5,15,3,0,1,Tidak
TRX-746,Finance Dept,Transfer dana antar kas,78,9,7,0,0,Ya (Anomali)
TRX-747,Jakarta Branch,Pembayaran pajak,500,19,6,1,0,Ya (Anomali)
TRX-748,Bandung Branch,Pembayaran jasa konsultan,45,23,1,0,0,Ya (Anomali)
TRX-749,HR Dept,Pembayaran pajak,210.3,14,6,1,0,Tidak
TRX-750,Jakarta Branch,Pembayaran vendor,125,16,2,0,0,Tidak
TRX-751,Finance Dept,Pembelian lisensi software,45,2,6,1,0,Tidak
TRX-752,Finance Dept,Pembayaran pajak,7.5,16,5,0,0,Tidak
TRX-753,Jakarta Branch,Pembayaran pajak,1500,23,3,0,0,Tidak
TRX-754,HR Dept,Perpanjangan server,15.5,16,4,1,0,Tidak
TRX-755,Jakarta Branch,Perpanjangan server,2.1,10,7,0,1,Tidak
TRX-756,Finance Dept,Pembayaran ke vendor baru,78,9,6,0,0,Tidak
TRX-757,Surabaya Branch,Perpanjangan server,45,15,1,0,0,Tidak
TRX-758,Finance Dept,Pembayaran vendor,2.1,23,4,0,0,Tidak
TRX-759,IT Dept,Pembayaran ke vendor baru,2.1,23,2,0,1,Tidak
TRX-760,IT Dept,Pembayaran jasa konsultan,125,19,5,0,1,Ya (Anomali)
TRX-761,IT Dept,Pembelian lisensi software,210.3,23,5,0,0,Tidak
TRX-762,Finance Dept,Pembelian lisensi software,2.1,9,4,1,0,Tidak
TRX-763,IT Dept,Pembayaran vendor,5,9,4,0,0,Tidak
TRX-764,IT Dept,Pembayaran pajak,78,15,4,0,0,Tidak
TRX-765,Jakarta Branch,Perpanjangan server,1500,9,5,0,1,Tidak
TRX-766,IT Dept,Pembayaran vendor,210.3,16,4,0,0,Tidak
TRX-767,Operations Dept,Pembayaran jasa konsultan,45,15,2,0,0,Tidak
TRX-768,Operations Dept,Transfer dana antar kas,45,19,7,0,0,Ya (Anomali)
TRX-769,Jakarta Branch,Pembayaran jasa konsultan,500,16,5,0,0,Tidak
TRX-770,Bandung Branch,Reimbursement,1500,9,5,0,0,Tidak
TRX-771,Operations Dept,Klaim biaya operasional,5,15,4,0,0,Ya (Anomali)
TRX-772,Surabaya Branch,Transfer dana antar kas,45,19,4,0,0,Tidak
TRX-773,Finance Dept,Pembayaran vendor,125,23,5,0,0,Tidak
TRX-774,Operations Dept,Biaya perjalanan dinas,210.3,10,4,1,1,Tidak
TRX-775,Finance Dept,Reimbursement,2.1,10,2,0,0,Ya (Anomali)
TRX-776,Bandung Branch,Pembayaran vendor,5,2,4,0,0,Tidak
TRX-777,Surabaya Branch,Pembayaran jasa konsultan,500,13,1,0,0,Tidak
TRX-778,Finance Dept,Pembayaran vendor,500,13,6,0,1,Ya (Anomali)
TRX-779,Operations Dept,Pembayaran jasa konsultan,500,11,4,0,1,Tidak
TRX-780,Jakarta Branch,Reimbursement,500,15,7,0,0,Ya (Anomali)
TRX-781,Jakarta Branch,Klaim biaya operasional,7.5,9,5,1,0,Ya (Anomali)
TRX-782,Jakarta Branch,Reimbursement,2.1,11,1,0,1,Tidak
TRX-783,IT Dept,Perpanjangan server,45,10,2,1,0,Ya (Anomali)
TRX-784,Surabaya Branch,Klaim biaya operasional,78,11,2,1,1,Tidak
TRX-785,Surabaya Branch,Transfer dana antar kas,125,15,1,1,0,Tidak
TRX-786,IT Dept,Pembayaran ke vendor baru,45,13,4,0,1,Ya (Anomali)
TRX-787,IT Dept,Pembayaran vendor,125,11,5,1,0,Ya (Anomali)
TRX-788,IT Dept,Klaim biaya operasional,210.3,15,7,1,0,Ya (Anomali)
TRX-789,Jakarta Branch,Pembayaran ke vendor baru,5,10,7,0,0,Ya (Anomali)
TRX-790,Jakarta Branch,Pembelian lisensi software,78,23,5,0,1,Tidak
TRX-791,Finance Dept,Pembayaran jasa konsultan,5,14,1,0,0,Ya (Anomali)
TRX-792,IT Dept,Pembayaran jasa konsultan,500,9,2,1,0,Tidak
TRX-793,IT Dept,Pembayaran vendor,125,2,1,1,0,Ya (Anomali)
TRX-794,Finance Dept,Pembayaran pajak,7.5,9,5,0,1,Tidak
TRX-795,Operations Dept,Klaim biaya operasional,5,10,2,0,1,Tidak
TRX-796,HR Dept,Pembayaran pajak,500,16,6,0,1,Tidak
TRX-797,HR Dept,Klaim biaya operasional,500,16,4,1,1,Ya (Anomali)
TRX-798,Bandung Branch,Pembelian lisensi software,7.5,15,1,0,1,Tidak
TRX-799,Surabaya Branch,Klaim biaya operasional,2.1,15,2,0,0,Ya (Anomali)
TRX-800,Operations Dept,Pembayaran pajak,125,9,6,1,0,Tidak
TRX-801,Surabaya Branch,Pembayaran vendor,78,9,4,0,0,Tidak
TRX-802,Operations Dept,Klaim biaya operasional,210.3,19,4,0,0,Tidak
TRX-803,Finance Dept,Pembayaran pajak,7.5,11,5,1,0,Tidak
TRX-804,IT Dept,Pembayaran pajak,1500,9,5,0,0,Tidak
TRX-805,Finance Dept,Biaya perjalanan dinas,125,11,4,0,0,Tidak
TRX-806,Operations Dept,Perpanjangan server,7.5,9,5,0,0,Ya (Anomali)
TRX-807,Finance Dept,Perpanjangan server,5,9,2,0,0,Ya (Anomali)
TRX-808,Jakarta Branch,Pembayaran ke vendor baru,500,19,1,0,0,Ya (Anomali)
TRX-809,Surabaya Branch,Pembelian lisensi software,500,15,4,0,0,Ya (Anomali)
TRX-810,Jakarta Branch,Klaim biaya operasional,125,13,5,0,1,Tidak
TRX-811,Jakarta Branch,Biaya perjalanan dinas,125,19,2,0,0,Ya (Anomali)
TRX-812,Finance Dept,Pembayaran pajak,500,14,7,0,1,Ya (Anomali)
TRX-813,IT Dept,Reimbursement,1500,15,4,0,0,Tidak
TRX-814,HR Dept,Pembelian lisensi software,45,10,4,1,0,Ya (Anomali)
TRX-815,Finance Dept,Perpanjangan server,2.1,2,4,1,0,Tidak
TRX-816,IT Dept,Pembelian lisensi software,210.3,9,5,0,0,Tidak
TRX-817,Jakarta Branch,Klaim biaya operasional,125,14,3,0,0,Tidak
TRX-818,Surabaya Branch,Reimbursement,15.5,19,1,0,0,Tidak
TRX-819,Surabaya Branch,Pembayaran pajak,2.1,2,5,0,0,Tidak
TRX-820,Operations Dept,Pembayaran jasa konsultan,7.5,14,4,0,0,Ya (Anomali)
TRX-821,Surabaya Branch,Biaya perjalanan dinas,2.1,2,5,1,0,Tidak
TRX-822,Surabaya Branch,Pembayaran vendor,5,13,7,0,0,Tidak
TRX-823,Finance Dept,Reimbursement,7.5,19,1,0,0,Tidak
TRX-824,Surabaya Branch,Pembayaran ke vendor baru,1500,14,1,1,0,Tidak
TRX-825,IT Dept,Pembelian lisensi software,210.3,14,5,0,0,Ya (Anomali)
TRX-826,IT Dept,Transfer dana antar kas,5,14,7,0,0,Ya (Anomali)
TRX-827,IT Dept,Pembayaran jasa konsultan,45,19,4,0,0,Tidak
TRX-828,Jakarta Branch,Pembayaran ke vendor baru,125,15,5,1,1,Tidak
TRX-829,Bandung Branch,Transfer dana antar kas,210.3,19,7,0,0,Tidak
TRX-830,HR Dept,Pembayaran ke vendor baru,15.5,9,2,1,0,Tidak
TRX-831,Bandung Branch,Klaim biaya operasional,15.5,19,1,1,0,Tidak
TRX-832,Bandung Branch,Pembayaran pajak,210.3,16,3,0,0,Tidak
TRX-833,HR Dept,Pembayaran ke vendor baru,5,13,6,0,0,Tidak
TRX-834,IT Dept,Perpanjangan server,5,9,5,0,0,Tidak
TRX-835,Finance Dept,Pembayaran ke vendor baru,7.5,23,4,1,1,Tidak
TRX-836,Jakarta Branch,Pembayaran jasa konsultan,125,19,3,0,0,Tidak
TRX-837,Jakarta Branch,Transfer dana antar kas,1500,19,7,0,1,Tidak
TRX-838,Jakarta Branch,Pembayaran vendor,78,11,3,0,1,Tidak
TRX-839,Jakarta Branch,Pembayaran jasa konsultan,15.5,10,4,0,0,Tidak
TRX-840,Finance Dept,Pembayaran jasa konsultan,45,9,5,0,0,Ya (Anomali)
TRX-841,IT Dept,Transfer dana antar kas,500,10,4,0,0,Tidak
TRX-842,Jakarta Branch,Pembayaran pajak,500,15,5,0,1,Tidak
TRX-843,HR Dept,Pembayaran ke vendor baru,15.5,16,2,0,1,Tidak
TRX-844,Surabaya Branch,Reimbursement,2.1,23,2,0,1,Tidak
TRX-845,Surabaya Branch,Klaim biaya operasional,7.5,9,5,0,0,Tidak
TRX-846,IT Dept,Klaim biaya operasional,5,9,2,0,0,Tidak
TRX-847,Surabaya Branch,Transfer dana antar kas,78,14,5,1,0,Ya (Anomali)
TRX-848,Operations Dept,Pembayaran ke vendor baru,45,15,1,0,1,Ya (Anomali)
TRX-849,Operations Dept,Perpanjangan server,125,23,2,0,0,Ya (Anomali)
TRX-850,Surabaya Branch,Reimbursement,1500,16,2,0,0,Ya (Anomali)
TRX-851,Surabaya Branch,Transfer dana antar kas,7.5,23,7,0,0,Tidak
TRX-852,Finance Dept,Pembayaran pajak,78,19,5,0,0,Tidak
TRX-853,Jakarta Branch,Transfer dana antar kas,500,15,1,0,1,Tidak
TRX-854,HR Dept,Pembelian lisensi software,500,9,5,0,0,Ya (Anomali)
TRX-855,Jakarta Branch,Klaim biaya operasional,45,16,2,0,0,Tidak
TRX-856,HR Dept,Pembayaran ke vendor baru,1500,16,6,0,0,Tidak
TRX-857,Operations Dept,Perpanjangan server,78,16,1,0,0,Tidak
TRX-858,Jakarta Branch,Perpanjangan server,7.5,2,5,1,0,Tidak
TRX-859,Finance Dept,Reimbursement,2.1,2,7,1,1,Tidak
TRX-860,IT Dept,Pembayaran vendor,125,10,3,0,0,Tidak
TRX-861,Bandung Branch,Transfer dana antar kas,500,16,5,0,1,Tidak
TRX-862,Jakarta Branch,Pembelian lisensi software,7.5,15,5,1,0,Tidak
TRX-863,Surabaya Branch,Reimbursement,45,19,2,0,0,Tidak
TRX-864,IT Dept,Pembelian lisensi software,210.3,14,6,0,1,Ya (Anomali)
TRX-865,HR Dept,Perpanjangan server,500,16,3,0,0,Tidak
TRX-866,Bandung Branch,Pembayaran ke vendor baru,7.5,23,5,0,0,Tidak
TRX-867,IT Dept,Reimbursement,7.5,23,3,1,0,Tidak
TRX-868,Surabaya Branch,Transfer dana antar kas,7.5,15,1,0,0,Ya (Anomali)
TRX-869,IT Dept,Perpanjangan server,500,14,3,0,0,Tidak
TRX-870,Jakarta Branch,Pembayaran jasa konsultan,500,16,4,0,0,Tidak
TRX-871,HR Dept,Klaim biaya operasional,45,9,2,0,0,Tidak
TRX-872,Finance Dept,Pembayaran ke vendor baru,500,19,6,0,0,Tidak
TRX-873,HR Dept,Pembelian lisensi software,500,14,4,0,0,Tidak
TRX-874,Finance Dept,Klaim biaya operasional,2.1,11,3,1,0,Ya (Anomali)
TRX-875,IT Dept,Klaim biaya operasional,2.1,13,2,1,1,Tidak
TRX-876,Finance Dept,Pembayaran jasa konsultan,2.1,2,2,0,0,Tidak
TRX-877,Jakarta Branch,Biaya perjalanan dinas,15.5,2,4,0,0,Tidak
TRX-878,Finance Dept,Biaya perjalanan dinas,7.5,23,4,0,0,Tidak
TRX-879,Jakarta Branch,Pembayaran pajak,500,14,4,1,1,Ya (Anomali)
TRX-880,Jakarta Branch,Pembayaran ke vendor baru,78,16,6,1,0,Tidak
TRX-881,Jakarta Branch,Reimbursement,1500,19,4,1,1,Tidak
TRX-882,Finance Dept,Transfer dana antar kas,210.3,23,7,0,0,Tidak
TRX-883,Operations Dept,Pembelian lisensi software,500,11,4,1,0,Tidak
TRX-884,HR Dept,Perpanjangan server,78,15,5,0,1,Tidak
TRX-885,Jakarta Branch,Pembayaran jasa konsultan,1500,13,3,0,0,Tidak
TRX-886,Operations Dept,Pembayaran pajak,1500,2,2,0,1,Tidak
TRX-887,Jakarta Branch,Pembayaran vendor,45,13,1,1,1,Tidak
TRX-888,Finance Dept,Perpanjangan server,125,11,4,0,0,Tidak
TRX-889,Finance Dept,Transfer dana antar kas,125,19,4,0,0,Ya (Anomali)
TRX-890,Operations Dept,Klaim biaya operasional,5,14,3,0,0,Ya (Anomali)
TRX-891,HR Dept,Pembayaran vendor,15.5,9,7,0,1,Tidak
TRX-892,Finance Dept,Biaya perjalanan dinas,45,23,3,1,0,Tidak
TRX-893,HR Dept,Pembayaran ke vendor baru,7.5,14,4,0,0,Tidak
TRX-894,Finance Dept,Pembayaran jasa konsultan,210.3,13,2,0,1,Tidak
TRX-895,IT Dept,Pembayaran ke vendor baru,5,19,6,0,0,Ya (Anomali)
TRX-896,IT Dept,Pembayaran vendor,78,2,4,0,0,Tidak
TRX-897,Bandung Branch,Transfer dana antar kas,500,19,5,0,0,Tidak
TRX-898,Jakarta Branch,Pembayaran jasa konsultan,210.3,15,2,0,1,Ya (Anomali)
TRX-899,IT Dept,Pembayaran pajak,210.3,15,4,0,0,Ya (Anomali)
TRX-900,IT Dept,Pembayaran pajak,125,13,3,0,0,Tidak
TRX-901,Operations Dept,Pembayaran ke vendor baru,1500,23,2,0,0,Tidak
TRX-902,Finance Dept,Pembelian lisensi software,45,16,7,0,1,Tidak
TRX-903,Operations Dept,Pembayaran vendor,7.5,23,4,0,0,Tidak
TRX-904,IT Dept,Pembayaran pajak,1500,14,5,1,0,Tidak
TRX-905,Jakarta Branch,Biaya perjalanan dinas,1500,14,5,0,1,Ya (Anomali)
TRX-906,Jakarta Branch,Biaya perjalanan dinas,5,11,2,0,1,Tidak
TRX-907,Surabaya Branch,Perpanjangan server,210.3,16,2,1,1,Tidak
TRX-908,Operations Dept,Pembayaran ke vendor baru,1500,14,5,1,1,Tidak
TRX-909,IT Dept,Pembelian lisensi software,125,9,5,0,1,Ya (Anomali)
TRX-910,IT Dept,Pembayaran pajak,5,13,3,0,0,Tidak