ID KPI,Nama KPI,Periode,TARGET: Nilai Aktual (%),TARGET: Impact (1-5),TARGET: Likelihood (1-5)
KPI-0001,Net Promoter Score,Bulan 01 2015,53.0,1,1
KPI-0002,Net Promoter Score,Bulan 02 2015,62.8,1,4
KPI-0003,Net Promoter Score,Bulan 03 2015,65.0,1,5
KPI-0004,Net Promoter Score,Bulan 04 2015,69.2,1,5
KPI-0005,Net Promoter Score,Bulan 05 2015,61.1,1,5
KPI-0006,Net Promoter Score,Bulan 06 2015,58.8,3,5
KPI-0007,Net Promoter Score,Bulan 07 2015,55.2,2,5
KPI-0008,Net Promoter Score,Bulan 08 2015,50.2,3,5
KPI-0009,Net Promoter Score,Bulan 09 2015,40.1,4,5
KPI-0010,Net Promoter Score,Bulan 10 2015,55.2,2,5
KPI-0011,Net Promoter Score,Bulan 11 2015,55.4,1,5
KPI-0012,Net Promoter Score,Bulan 12 2015,47.3,2,5
KPI-0013,Net Promoter Score,Bulan 01 2016,55.6,2,5
KPI-0014,Net Promoter Score,Bulan 02 2016,57.5,2,5
KPI-0015,Net Promoter Score,Bulan 03 2016,60.1,1,5
KPI-0016,Net Promoter Score,Bulan 04 2016,54.5,2,3
KPI-0017,Net Promoter Score,Bulan 05 2016,60.4,1,3
KPI-0018,Net Promoter Score,Bulan 06 2016,63.4,1,3
KPI-0019,Net Promoter Score,Bulan 07 2016,68.8,1,4
KPI-0020,Net Promoter Score,Bulan 08 2016,55.6,2,4
KPI-0021,Net Promoter Score,Bulan 09 2016,51.9,3,5
KPI-0022,Net Promoter Score,Bulan 10 2016,48.1,3,5
KPI-0023,Net Promoter Score,Bulan 11 2016,48.6,4,5
KPI-0024,Net Promoter Score,Bulan 12 2016,58.0,2,5
KPI-0025,Net Promoter Score,Bulan 01 2017,58.3,1,5
KPI-0026,Net Promoter Score,Bulan 02 2017,57.5,1,4
KPI-0027,Net Promoter Score,Bulan 03 2017,58.2,1,5
KPI-0028,Net Promoter Score,Bulan 04 2017,62.9,1,5
KPI-0029,Net Promoter Score,Bulan 05 2017,60.3,1,4
KPI-0030,Net Promoter Score,Bulan 06 2017,60.2,1,2
KPI-0031,Net Promoter Score,Bulan 07 2017,55.8,2,1
KPI-0032,Net Promoter Score,Bulan 08 2017,55.1,3,3
KPI-0033,Net Promoter Score,Bulan 09 2017,45.2,3,5
KPI-0034,Net Promoter Score,Bulan 10 2017,54.8,1,5
KPI-0035,Net Promoter Score,Bulan 11 2017,63.3,2,5
KPI-0036,Net Promoter Score,Bulan 12 2017,58.6,1,4
KPI-0037,Net Promoter Score,Bulan 01 2018,57.5,2,5
KPI-0038,Net Promoter Score,Bulan 02 2018,63.9,2,5
KPI-0039,Net Promoter Score,Bulan 03 2018,57.8,2,5
KPI-0040,Net Promoter Score,Bulan 04 2018,56.1,1,4
KPI-0041,Net Promoter Score,Bulan 05 2018,65.7,1,2
KPI-0042,Net Promoter Score,Bulan 06 2018,57.3,1,4
KPI-0043,Net Promoter Score,Bulan 07 2018,50.3,3,4
KPI-0044,Net Promoter Score,Bulan 08 2018,48.9,3,5
KPI-0045,Net Promoter Score,Bulan 09 2018,45.3,4,5
KPI-0046,Net Promoter Score,Bulan 10 2018,50.1,2,5
KPI-0047,Net Promoter Score,Bulan 11 2018,52.9,3,5
KPI-0048,Net Promoter Score,Bulan 12 2018,56.7,2,4
KPI-0049,Net Promoter Score,Bulan 01 2019,60.1,1,5
KPI-0050,Net Promoter Score,Bulan 02 2019,62.8,2,5
KPI-0051,Net Promoter Score,Bulan 03 2019,60.9,2,5
KPI-0052,Net Promoter Score,Bulan 04 2019,59.9,1,4
KPI-0053,Net Promoter Score,Bulan 05 2019,55.0,2,3
KPI-0054,Net Promoter Score,Bulan 06 2019,64.2,2,4
KPI-0055,Net Promoter Score,Bulan 07 2019,55.0,2,3
KPI-0056,Net Promoter Score,Bulan 08 2019,50.6,3,4
KPI-0057,Net Promoter Score,Bulan 09 2019,55.2,2,4
KPI-0058,Net Promoter Score,Bulan 10 2019,44.9,3,5
KPI-0059,Net Promoter Score,Bulan 11 2019,53.6,1,4
KPI-0060,Net Promoter Score,Bulan 12 2019,53.6,1,5
KPI-0061,Net Promoter Score,Bulan 01 2020,50.9,2,2
KPI-0062,Net Promoter Score,Bulan 02 2020,58.6,1,4
KPI-0063,Net Promoter Score,Bulan 03 2020,65.7,1,5
KPI-0064,Net Promoter Score,Bulan 04 2020,65.8,1,5
KPI-0065,Net Promoter Score,Bulan 05 2020,68.0,1,5
KPI-0066,Net Promoter Score,Bulan 06 2020,60.3,2,5
KPI-0067,Net Promoter Score,Bulan 07 2020,70.5,1,5
KPI-0068,Net Promoter Score,Bulan 08 2020,47.8,3,5
KPI-0069,Net Promoter Score,Bulan 09 2020,47.6,3,5
KPI-0070,Net Promoter Score,Bulan 10 2020,48.2,3,5
KPI-0071,Net Promoter Score,Bulan 11 2020,43.0,4,5
KPI-0072,Net Promoter Score,Bulan 12 2020,56.5,1,5
KPI-0073,Net Promoter Score,Bulan 01 2021,59.2,1,5
KPI-0074,Net Promoter Score,Bulan 02 2021,58.5,1,5
KPI-0075,Net Promoter Score,Bulan 03 2021,58.5,2,5
KPI-0076,Net Promoter Score,Bulan 04 2021,55.0,2,5
KPI-0077,Net Promoter Score,Bulan 05 2021,57.3,2,5
KPI-0078,Net Promoter Score,Bulan 06 2021,61.6,1,2
KPI-0079,Net Promoter Score,Bulan 07 2021,53.9,1,2
KPI-0080,Net Promoter Score,Bulan 08 2021,49.5,4,2
KPI-0081,Net Promoter Score,Bulan 09 2021,51.2,3,3
KPI-0082,Net Promoter Score,Bulan 10 2021,53.2,1,4
KPI-0083,Net Promoter Score,Bulan 11 2021,50.0,3,4
KPI-0084,Net Promoter Score,Bulan 12 2021,52.7,2,4
KPI-0085,Net Promoter Score,Bulan 01 2022,60.8,1,2
KPI-0086,Net Promoter Score,Bulan 02 2022,58.8,1,4
KPI-0087,Net Promoter Score,Bulan 03 2022,59.0,1,4
KPI-0088,Net Promoter Score,Bulan 04 2022,64.3,1,4
KPI-0089,Net Promoter Score,Bulan 05 2022,59.2,1,4
KPI-0090,Net Promoter Score,Bulan 06 2022,56.2,3,3
KPI-0091,Net Promoter Score,Bulan 07 2022,60.1,2,1
KPI-0092,Net Promoter Score,Bulan 08 2022,49.7,3,3
KPI-0093,Net Promoter Score,Bulan 09 2022,36.5,4,5
KPI-0094,Net Promoter Score,Bulan 10 2022,49.1,3,5
KPI-0095,Net Promoter Score,Bulan 11 2022,46.6,3,5
KPI-0096,Net Promoter Score,Bulan 12 2022,49.5,2,5
KPI-0097,Net Promoter Score,Bulan 01 2023,56.2,1,5
KPI-0098,Net Promoter Score,Bulan 02 2023,56.7,2,5
KPI-0099,Net Promoter Score,Bulan 03 2023,60.9,1,5
KPI-0100,Net Promoter Score,Bulan 04 2023,51.7,3,3
KPI-0101,Net Promoter Score,Bulan 05 2023,55.6,1,3
KPI-0102,Net Promoter Score,Bulan 06 2023,63.7,1,5
KPI-0103,Net Promoter Score,Bulan 07 2023,53.8,1,5
KPI-0104,Net Promoter Score,Bulan 08 2023,43.0,3,4
KPI-0105,Net Promoter Score,Bulan 09 2023,43.2,3,5
KPI-0106,Net Promoter Score,Bulan 10 2023,42.6,4,5
KPI-0107,Net Promoter Score,Bulan 11 2023,48.4,3,5
KPI-0108,Net Promoter Score,Bulan 12 2023,48.4,2,5
KPI-0109,Net Promoter Score,Bulan 01 2024,50.7,3,5
KPI-0110,Net Promoter Score,Bulan 02 2024,57.0,1,4
KPI-0111,Net Promoter Score,Bulan 03 2024,61.6,2,5
KPI-0112,Net Promoter Score,Bulan 04 2024,59.1,2,5
KPI-0113,Net Promoter Score,Bulan 05 2024,56.8,1,4
KPI-0114,Net Promoter Score,Bulan 06 2024,55.0,3,3
KPI-0115,Net Promoter Score,Bulan 07 2024,55.0,3,3
KPI-0116,Net Promoter Score,Bulan 08 2024,50.0,4,3
KPI-0117,Net Promoter Score,Bulan 09 2024,51.0,4,4
KPI-0118,Net Promoter Score,Bulan 10 2024,41.4,3,5
KPI-0119,Net Promoter Score,Bulan 11 2024,43.9,3,5
KPI-0120,Net Promoter Score,Bulan 12 2024,53.3,2,5
KPI-0121,Net Promoter Score,Bulan 01 2025,49.6,2,4
KPI-0122,Net Promoter Score,Bulan 02 2025,62.8,1,5
KPI-0123,Net Promoter Score,Bulan 03 2025,65.3,1,5
KPI-0124,Net Promoter Score,Bulan 04 2025,66.1,1,5
KPI-0125,Net Promoter Score,Bulan 05 2025,54.9,3,5
KPI-0126,Net Promoter Score,Bulan 06 2025,56.7,2,4
KPI-0127,Net Promoter Score,Bulan 07 2025,50.7,3,5
KPI-0128,Net Promoter Score,Bulan 08 2025,53.7,2,5
KPI-0129,Net Promoter Score,Bulan 09 2025,54.7,1,4
KPI-0130,Net Promoter Score,Bulan 10 2025,50.0,3,4
KPI-0131,Net Promoter Score,Bulan 11 2025,47.0,3,2
KPI-0132,Net Promoter Score,Bulan 12 2025,47.7,4,2
KPI-0133,Customer Lifetime Value,Bulan 01 2015,663.5,1,1
KPI-0134,Customer Lifetime Value,Bulan 02 2015,714.4,2,4
KPI-0135,Customer Lifetime Value,Bulan 03 2015,674.9,1,2
KPI-0136,Customer Lifetime Value,Bulan 04 2015,683.4,1,2
KPI-0137,Customer Lifetime Value,Bulan 05 2015,700.5,1,2
KPI-0138,Customer Lifetime Value,Bulan 06 2015,699.0,1,2
KPI-0139,Customer Lifetime Value,Bulan 07 2015,691.1,1,2
KPI-0140,Customer Lifetime Value,Bulan 08 2015,705.7,1,1
KPI-0141,Customer Lifetime Value,Bulan 09 2015,664.9,2,3
KPI-0142,Customer Lifetime Value,Bulan 10 2015,622.3,3,3
KPI-0143,Customer Lifetime Value,Bulan 11 2015,634.3,4,3
KPI-0144,Customer Lifetime Value,Bulan 12 2015,619.1,3,3
KPI-0145,Customer Lifetime Value,Bulan 01 2016,679.8,1,3
KPI-0146,Customer Lifetime Value,Bulan 02 2016,696.7,1,2
KPI-0147,Customer Lifetime Value,Bulan 03 2016,737.3,1,4
KPI-0148,Customer Lifetime Value,Bulan 04 2016,704.1,1,4
KPI-0149,Customer Lifetime Value,Bulan 05 2016,744.3,1,5
KPI-0150,Customer Lifetime Value,Bulan 06 2016,760.6,1,4
KPI-0151,Customer Lifetime Value,Bulan 07 2016,676.9,1,2
KPI-0152,Customer Lifetime Value,Bulan 08 2016,668.6,2,2
KPI-0153,Customer Lifetime Value,Bulan 09 2016,659.5,2,3
KPI-0154,Customer Lifetime Value,Bulan 10 2016,614.3,3,5
KPI-0155,Customer Lifetime Value,Bulan 11 2016,643.3,1,4
KPI-0156,Customer Lifetime Value,Bulan 12 2016,655.1,1,5
KPI-0157,Customer Lifetime Value,Bulan 01 2017,684.4,1,2
KPI-0158,Customer Lifetime Value,Bulan 02 2017,680.2,2,3
KPI-0159,Customer Lifetime Value,Bulan 03 2017,727.4,2,3
KPI-0160,Customer Lifetime Value,Bulan 04 2017,751.0,1,4
KPI-0161,Customer Lifetime Value,Bulan 05 2017,777.4,1,4
KPI-0162,Customer Lifetime Value,Bulan 06 2017,741.0,1,4
KPI-0163,Customer Lifetime Value,Bulan 07 2017,756.6,1,2
KPI-0164,Customer Lifetime Value,Bulan 08 2017,628.1,3,4
KPI-0165,Customer Lifetime Value,Bulan 09 2017,666.3,2,4
KPI-0166,Customer Lifetime Value,Bulan 10 2017,635.2,3,5
KPI-0167,Customer Lifetime Value,Bulan 11 2017,712.5,1,5
KPI-0168,Customer Lifetime Value,Bulan 12 2017,626.9,3,5
KPI-0169,Customer Lifetime Value,Bulan 01 2018,652.0,1,3
KPI-0170,Customer Lifetime Value,Bulan 02 2018,686.8,1,2
KPI-0171,Customer Lifetime Value,Bulan 03 2018,652.6,1,4
KPI-0172,Customer Lifetime Value,Bulan 04 2018,715.7,1,4
KPI-0173,Customer Lifetime Value,Bulan 05 2018,700.5,1,3
KPI-0174,Customer Lifetime Value,Bulan 06 2018,713.2,2,3
KPI-0175,Customer Lifetime Value,Bulan 07 2018,693.6,1,2
KPI-0176,Customer Lifetime Value,Bulan 08 2018,721.1,1,3
KPI-0177,Customer Lifetime Value,Bulan 09 2018,669.6,3,3
KPI-0178,Customer Lifetime Value,Bulan 10 2018,609.1,3,3
KPI-0179,Customer Lifetime Value,Bulan 11 2018,604.9,4,3
KPI-0180,Customer Lifetime Value,Bulan 12 2018,672.8,1,4
KPI-0181,Customer Lifetime Value,Bulan 01 2019,635.7,2,5
KPI-0182,Customer Lifetime Value,Bulan 02 2019,772.3,1,5
KPI-0183,Customer Lifetime Value,Bulan 03 2019,768.7,1,5
KPI-0184,Customer Lifetime Value,Bulan 04 2019,718.1,1,5
KPI-0185,Customer Lifetime Value,Bulan 05 2019,667.6,2,5
KPI-0186,Customer Lifetime Value,Bulan 06 2019,755.8,1,5
KPI-0187,Customer Lifetime Value,Bulan 07 2019,678.2,2,5
KPI-0188,Customer Lifetime Value,Bulan 08 2019,699.3,1,4
KPI-0189,Customer Lifetime Value,Bulan 09 2019,581.0,3,5
KPI-0190,Customer Lifetime Value,Bulan 10 2019,608.8,4,5
KPI-0191,Customer Lifetime Value,Bulan 11 2019,637.0,3,5
KPI-0192,Customer Lifetime Value,Bulan 12 2019,657.8,1,5
KPI-0193,Customer Lifetime Value,Bulan 01 2020,666.6,2,4
KPI-0194,Customer Lifetime Value,Bulan 02 2020,730.5,1,5
KPI-0195,Customer Lifetime Value,Bulan 03 2020,690.6,1,4
KPI-0196,Customer Lifetime Value,Bulan 04 2020,730.0,1,4
KPI-0197,Customer Lifetime Value,Bulan 05 2020,732.2,1,3
KPI-0198,Customer Lifetime Value,Bulan 06 2020,726.9,2,3
KPI-0199,Customer Lifetime Value,Bulan 07 2020,707.5,1,2
KPI-0200,Customer Lifetime Value,Bulan 08 2020,617.1,3,4
KPI-0201,Customer Lifetime Value,Bulan 09 2020,583.6,3,5
KPI-0202,Customer Lifetime Value,Bulan 10 2020,675.0,3,5
KPI-0203,Customer Lifetime Value,Bulan 11 2020,649.0,1,5
KPI-0204,Customer Lifetime Value,Bulan 12 2020,630.4,2,5
KPI-0205,Customer Lifetime Value,Bulan 01 2021,737.2,1,4
KPI-0206,Customer Lifetime Value,Bulan 02 2021,713.2,2,4
KPI-0207,Customer Lifetime Value,Bulan 03 2021,769.7,1,5
KPI-0208,Customer Lifetime Value,Bulan 04 2021,737.9,2,4
KPI-0209,Customer Lifetime Value,Bulan 05 2021,800.6,1,5
KPI-0210,Customer Lifetime Value,Bulan 06 2021,770.8,1,5
KPI-0211,Customer Lifetime Value,Bulan 07 2021,674.4,2,5
KPI-0212,Customer Lifetime Value,Bulan 08 2021,690.9,2,4
KPI-0213,Customer Lifetime Value,Bulan 09 2021,660.3,2,5
KPI-0214,Customer Lifetime Value,Bulan 10 2021,678.6,1,5
KPI-0215,Customer Lifetime Value,Bulan 11 2021,604.0,3,5
KPI-0216,Customer Lifetime Value,Bulan 12 2021,681.1,1,5
KPI-0217,Customer Lifetime Value,Bulan 01 2022,720.4,2,3
KPI-0218,Customer Lifetime Value,Bulan 02 2022,648.1,1,4
KPI-0219,Customer Lifetime Value,Bulan 03 2022,687.5,2,2
KPI-0220,Customer Lifetime Value,Bulan 04 2022,664.6,2,3
KPI-0221,Customer Lifetime Value,Bulan 05 2022,719.6,1,4
KPI-0222,Customer Lifetime Value,Bulan 06 2022,734.9,2,4
KPI-0223,Customer Lifetime Value,Bulan 07 2022,736.2,1,2
KPI-0224,Customer Lifetime Value,Bulan 08 2022,660.0,3,4
KPI-0225,Customer Lifetime Value,Bulan 09 2022,695.2,2,4
KPI-0226,Customer Lifetime Value,Bulan 10 2022,582.9,4,5
KPI-0227,Customer Lifetime Value,Bulan 11 2022,578.7,3,5
KPI-0228,Customer Lifetime Value,Bulan 12 2022,655.6,2,5
KPI-0229,Customer Lifetime Value,Bulan 01 2023,697.3,2,4
KPI-0230,Customer Lifetime Value,Bulan 02 2023,709.0,1,4
KPI-0231,Customer Lifetime Value,Bulan 03 2023,657.0,1,5
KPI-0232,Customer Lifetime Value,Bulan 04 2023,733.3,1,5
KPI-0233,Customer Lifetime Value,Bulan 05 2023,683.8,2,4
KPI-0234,Customer Lifetime Value,Bulan 06 2023,733.7,1,3
KPI-0235,Customer Lifetime Value,Bulan 07 2023,696.9,2,2
KPI-0236,Customer Lifetime Value,Bulan 08 2023,625.0,3,3
KPI-0237,Customer Lifetime Value,Bulan 09 2023,620.7,4,4
KPI-0238,Customer Lifetime Value,Bulan 10 2023,594.6,3,5
KPI-0239,Customer Lifetime Value,Bulan 11 2023,636.6,2,4
KPI-0240,Customer Lifetime Value,Bulan 12 2023,691.5,1,5
KPI-0241,Customer Lifetime Value,Bulan 01 2024,649.8,1,3
KPI-0242,Customer Lifetime Value,Bulan 02 2024,728.3,1,5
KPI-0243,Customer Lifetime Value,Bulan 03 2024,711.3,1,4
KPI-0244,Customer Lifetime Value,Bulan 04 2024,709.2,1,4
KPI-0245,Customer Lifetime Value,Bulan 05 2024,726.2,1,4
KPI-0246,Customer Lifetime Value,Bulan 06 2024,674.5,2,2
KPI-0247,Customer Lifetime Value,Bulan 07 2024,665.2,2,3
KPI-0248,Customer Lifetime Value,Bulan 08 2024,616.4,3,3
KPI-0249,Customer Lifetime Value,Bulan 09 2024,707.9,2,3
KPI-0250,Customer Lifetime Value,Bulan 10 2024,633.4,3,4
KPI-0251,Customer Lifetime Value,Bulan 11 2024,614.8,2,4
KPI-0252,Customer Lifetime Value,Bulan 12 2024,666.0,2,2
KPI-0253,Customer Lifetime Value,Bulan 01 2025,680.9,2,4
KPI-0254,Customer Lifetime Value,Bulan 02 2025,703.4,1,3
KPI-0255,Customer Lifetime Value,Bulan 03 2025,751.8,1,4
KPI-0256,Customer Lifetime Value,Bulan 04 2025,763.9,1,4
KPI-0257,Customer Lifetime Value,Bulan 05 2025,711.9,2,4
KPI-0258,Customer Lifetime Value,Bulan 06 2025,691.1,2,3
KPI-0259,Customer Lifetime Value,Bulan 07 2025,675.4,2,3
KPI-0260,Customer Lifetime Value,Bulan 08 2025,578.3,3,4
KPI-0261,Customer Lifetime Value,Bulan 09 2025,586.6,4,5
KPI-0262,Customer Lifetime Value,Bulan 10 2025,680.5,1,5
KPI-0263,Customer Lifetime Value,Bulan 11 2025,697.3,1,5
KPI-0264,Customer Lifetime Value,Bulan 12 2025,650.3,2,5
KPI-0265,Sales Conversion Rate,Bulan 01 2015,10.5,1,4
KPI-0266,Sales Conversion Rate,Bulan 02 2015,8.2,2,4
KPI-0267,Sales Conversion Rate,Bulan 03 2015,9.4,1,3
KPI-0268,Sales Conversion Rate,Bulan 04 2015,9.3,2,2
KPI-0269,Sales Conversion Rate,Bulan 05 2015,8.2,2,2
KPI-0270,Sales Conversion Rate,Bulan 06 2015,11.7,1,3
KPI-0271,Sales Conversion Rate,Bulan 07 2015,7.3,3,3
KPI-0272,Sales Conversion Rate,Bulan 08 2015,6.9,4,5
KPI-0273,Sales Conversion Rate,Bulan 09 2015,8.8,3,5
KPI-0274,Sales Conversion Rate,Bulan 10 2015,5.0,4,5
KPI-0275,Sales Conversion Rate,Bulan 11 2015,8.2,3,5
KPI-0276,Sales Conversion Rate,Bulan 12 2015,6.3,4,5
KPI-0277,Sales Conversion Rate,Bulan 01 2016,10.5,1,4
KPI-0278,Sales Conversion Rate,Bulan 02 2016,7.3,2,4
KPI-0279,Sales Conversion Rate,Bulan 03 2016,8.5,2,3
KPI-0280,Sales Conversion Rate,Bulan 04 2016,10.2,2,5
KPI-0281,Sales Conversion Rate,Bulan 05 2016,11.9,1,5
KPI-0282,Sales Conversion Rate,Bulan 06 2016,10.0,2,5
KPI-0283,Sales Conversion Rate,Bulan 07 2016,8.8,3,4
KPI-0284,Sales Conversion Rate,Bulan 08 2016,10.0,2,3
KPI-0285,Sales Conversion Rate,Bulan 09 2016,10.3,1,3
KPI-0286,Sales Conversion Rate,Bulan 10 2016,8.3,2,3
KPI-0287,Sales Conversion Rate,Bulan 11 2016,7.1,3,3
KPI-0288,Sales Conversion Rate,Bulan 12 2016,8.0,3,3
KPI-0289,Sales Conversion Rate,Bulan 01 2017,7.9,2,4
KPI-0290,Sales Conversion Rate,Bulan 02 2017,10.5,1,3
KPI-0291,Sales Conversion Rate,Bulan 03 2017,9.1,1,4
KPI-0292,Sales Conversion Rate,Bulan 04 2017,12.0,1,4
KPI-0293,Sales Conversion Rate,Bulan 05 2017,13.6,1,5
KPI-0294,Sales Conversion Rate,Bulan 06 2017,11.4,1,5
KPI-0295,Sales Conversion Rate,Bulan 07 2017,9.1,2,5
KPI-0296,Sales Conversion Rate,Bulan 08 2017,9.5,3,4
KPI-0297,Sales Conversion Rate,Bulan 09 2017,10.2,3,4
KPI-0298,Sales Conversion Rate,Bulan 10 2017,9.9,1,4
KPI-0299,Sales Conversion Rate,Bulan 11 2017,7.1,4,4
KPI-0300,Sales Conversion Rate,Bulan 12 2017,9.6,2,4
KPI-0301,Sales Conversion Rate,Bulan 01 2018,9.8,1,4
KPI-0302,Sales Conversion Rate,Bulan 02 2018,11.8,1,3
KPI-0303,Sales Conversion Rate,Bulan 03 2018,12.0,1,3
KPI-0304,Sales Conversion Rate,Bulan 04 2018,9.0,2,5
KPI-0305,Sales Conversion Rate,Bulan 05 2018,11.2,1,3
KPI-0306,Sales Conversion Rate,Bulan 06 2018,11.3,1,3
KPI-0307,Sales Conversion Rate,Bulan 07 2018,8.5,3,3
KPI-0308,Sales Conversion Rate,Bulan 08 2018,10.0,2,3
KPI-0309,Sales Conversion Rate,Bulan 09 2018,6.9,3,4
KPI-0310,Sales Conversion Rate,Bulan 10 2018,7.5,2,4
KPI-0311,Sales Conversion Rate,Bulan 11 2018,10.4,1,5
KPI-0312,Sales Conversion Rate,Bulan 12 2018,8.4,2,4
KPI-0313,Sales Conversion Rate,Bulan 01 2019,11.1,1,3
KPI-0314,Sales Conversion Rate,Bulan 02 2019,9.3,3,4
KPI-0315,Sales Conversion Rate,Bulan 03 2019,14.6,1,5
KPI-0316,Sales Conversion Rate,Bulan 04 2019,12.0,1,4
KPI-0317,Sales Conversion Rate,Bulan 05 2019,12.3,1,5
KPI-0318,Sales Conversion Rate,Bulan 06 2019,11.7,1,4
KPI-0319,Sales Conversion Rate,Bulan 07 2019,11.4,1,5
KPI-0320,Sales Conversion Rate,Bulan 08 2019,8.0,4,5
KPI-0321,Sales Conversion Rate,Bulan 09 2019,9.2,2,5
KPI-0322,Sales Conversion Rate,Bulan 10 2019,8.2,3,3
KPI-0323,Sales Conversion Rate,Bulan 11 2019,7.2,2,5
KPI-0324,Sales Conversion Rate,Bulan 12 2019,11.1,1,4
KPI-0325,Sales Conversion Rate,Bulan 01 2020,10.5,1,4
KPI-0326,Sales Conversion Rate,Bulan 02 2020,12.1,1,4
KPI-0327,Sales Conversion Rate,Bulan 03 2020,12.8,1,4
KPI-0328,Sales Conversion Rate,Bulan 04 2020,12.4,1,5
KPI-0329,Sales Conversion Rate,Bulan 05 2020,15.0,1,4
KPI-0330,Sales Conversion Rate,Bulan 06 2020,11.9,1,3
KPI-0331,Sales Conversion Rate,Bulan 07 2020,9.3,2,5
KPI-0332,Sales Conversion Rate,Bulan 08 2020,9.8,2,4
KPI-0333,Sales Conversion Rate,Bulan 09 2020,10.3,3,5
KPI-0334,Sales Conversion Rate,Bulan 10 2020,10.1,1,5
KPI-0335,Sales Conversion Rate,Bulan 11 2020,8.4,3,5
KPI-0336,Sales Conversion Rate,Bulan 12 2020,11.6,1,4
KPI-0337,Sales Conversion Rate,Bulan 01 2021,9.3,1,3
KPI-0338,Sales Conversion Rate,Bulan 02 2021,13.7,1,4
KPI-0339,Sales Conversion Rate,Bulan 03 2021,11.4,1,5
KPI-0340,Sales Conversion Rate,Bulan 04 2021,13.0,1,5
KPI-0341,Sales Conversion Rate,Bulan 05 2021,14.4,1,5
KPI-0342,Sales Conversion Rate,Bulan 06 2021,12.6,1,4
KPI-0343,Sales Conversion Rate,Bulan 07 2021,12.6,1,4
KPI-0344,Sales Conversion Rate,Bulan 08 2021,11.5,1,2
KPI-0345,Sales Conversion Rate,Bulan 09 2021,11.7,1,4
KPI-0346,Sales Conversion Rate,Bulan 10 2021,11.2,1,3
KPI-0347,Sales Conversion Rate,Bulan 11 2021,9.7,2,2
KPI-0348,Sales Conversion Rate,Bulan 12 2021,11.7,1,3
KPI-0349,Sales Conversion Rate,Bulan 01 2022,10.0,2,3
KPI-0350,Sales Conversion Rate,Bulan 02 2022,12.7,1,2
KPI-0351,Sales Conversion Rate,Bulan 03 2022,14.5,1,4
KPI-0352,Sales Conversion Rate,Bulan 04 2022,13.9,1,4
KPI-0353,Sales Conversion Rate,Bulan 05 2022,14.1,1,4
KPI-0354,Sales Conversion Rate,Bulan 06 2022,12.7,1,4
KPI-0355,Sales Conversion Rate,Bulan 07 2022,13.5,1,4
KPI-0356,Sales Conversion Rate,Bulan 08 2022,11.1,1,3
KPI-0357,Sales Conversion Rate,Bulan 09 2022,10.1,3,4
KPI-0358,Sales Conversion Rate,Bulan 10 2022,11.5,1,4
KPI-0359,Sales Conversion Rate,Bulan 11 2022,9.0,2,4
KPI-0360,Sales Conversion Rate,Bulan 12 2022,12.0,1,3
KPI-0361,Sales Conversion Rate,Bulan 01 2023,11.1,1,3
KPI-0362,Sales Conversion Rate,Bulan 02 2023,14.8,1,4
KPI-0363,Sales Conversion Rate,Bulan 03 2023,13.7,1,5
KPI-0364,Sales Conversion Rate,Bulan 04 2023,14.4,1,4
KPI-0365,Sales Conversion Rate,Bulan 05 2023,14.6,1,4
KPI-0366,Sales Conversion Rate,Bulan 06 2023,11.1,1,4
KPI-0367,Sales Conversion Rate,Bulan 07 2023,11.8,1,4
KPI-0368,Sales Conversion Rate,Bulan 08 2023,13.0,1,4
KPI-0369,Sales Conversion Rate,Bulan 09 2023,12.1,1,2
KPI-0370,Sales Conversion Rate,Bulan 10 2023,11.2,1,3
KPI-0371,Sales Conversion Rate,Bulan 11 2023,9.6,3,3
KPI-0372,Sales Conversion Rate,Bulan 12 2023,12.6,1,2
KPI-0373,Sales Conversion Rate,Bulan 01 2024,13.7,1,3
KPI-0374,Sales Conversion Rate,Bulan 02 2024,13.8,1,4
KPI-0375,Sales Conversion Rate,Bulan 03 2024,15.9,1,5
KPI-0376,Sales Conversion Rate,Bulan 04 2024,13.9,1,4
KPI-0377,Sales Conversion Rate,Bulan 05 2024,13.9,1,4
KPI-0378,Sales Conversion Rate,Bulan 06 2024,10.9,3,4
KPI-0379,Sales Conversion Rate,Bulan 07 2024,14.2,1,3
KPI-0380,Sales Conversion Rate,Bulan 08 2024,12.6,2,3
KPI-0381,Sales Conversion Rate,Bulan 09 2024,9.6,2,5
KPI-0382,Sales Conversion Rate,Bulan 10 2024,9.3,2,5
KPI-0383,Sales Conversion Rate,Bulan 11 2024,10.6,2,5
KPI-0384,Sales Conversion Rate,Bulan 12 2024,13.3,1,3
KPI-0385,Sales Conversion Rate,Bulan 01 2025,12.9,1,4
KPI-0386,Sales Conversion Rate,Bulan 02 2025,13.3,1,4
KPI-0387,Sales Conversion Rate,Bulan 03 2025,13.7,1,4
KPI-0388,Sales Conversion Rate,Bulan 04 2025,14.0,1,5
KPI-0389,Sales Conversion Rate,Bulan 05 2025,12.7,1,2
KPI-0390,Sales Conversion Rate,Bulan 06 2025,13.0,1,1
KPI-0391,Sales Conversion Rate,Bulan 07 2025,12.3,1,2
KPI-0392,Sales Conversion Rate,Bulan 08 2025,13.5,1,3
KPI-0393,Sales Conversion Rate,Bulan 09 2025,11.9,2,2
KPI-0394,Sales Conversion Rate,Bulan 10 2025,10.9,2,3
KPI-0395,Sales Conversion Rate,Bulan 11 2025,14.9,1,4
KPI-0396,Sales Conversion Rate,Bulan 12 2025,12.0,1,4
KPI-0397,Customer Acquisition Cost,Bulan 01 2015,48.4,2,2
KPI-0398,Customer Acquisition Cost,Bulan 02 2015,43.1,1,4
KPI-0399,Customer Acquisition Cost,Bulan 03 2015,51.1,2,2
KPI-0400,Customer Acquisition Cost,Bulan 04 2015,47.7,2,3
KPI-0401,Customer Acquisition Cost,Bulan 05 2015,46.4,1,3
KPI-0402,Customer Acquisition Cost,Bulan 06 2015,48.4,3,3
KPI-0403,Customer Acquisition Cost,Bulan 07 2015,44.7,1,3
KPI-0404,Customer Acquisition Cost,Bulan 08 2015,33.4,1,5
KPI-0405,Customer Acquisition Cost,Bulan 09 2015,43.0,1,4
KPI-0406,Customer Acquisition Cost,Bulan 10 2015,41.9,1,5
KPI-0407,Customer Acquisition Cost,Bulan 11 2015,35.1,1,5
KPI-0408,Customer Acquisition Cost,Bulan 12 2015,41.1,2,4
KPI-0409,Customer Acquisition Cost,Bulan 01 2016,44.4,1,4
KPI-0410,Customer Acquisition Cost,Bulan 02 2016,46.4,3,4
KPI-0411,Customer Acquisition Cost,Bulan 03 2016,45.4,2,4
KPI-0412,Customer Acquisition Cost,Bulan 04 2016,45.7,1,4
KPI-0413,Customer Acquisition Cost,Bulan 05 2016,47.5,3,4
KPI-0414,Customer Acquisition Cost,Bulan 06 2016,50.0,3,4
KPI-0415,Customer Acquisition Cost,Bulan 07 2016,44.8,1,2
KPI-0416,Customer Acquisition Cost,Bulan 08 2016,38.5,1,3
KPI-0417,Customer Acquisition Cost,Bulan 09 2016,40.8,2,5
KPI-0418,Customer Acquisition Cost,Bulan 10 2016,26.3,1,5
KPI-0419,Customer Acquisition Cost,Bulan 11 2016,42.3,2,5
KPI-0420,Customer Acquisition Cost,Bulan 12 2016,33.5,1,5
KPI-0421,Customer Acquisition Cost,Bulan 01 2017,41.6,2,5
KPI-0422,Customer Acquisition Cost,Bulan 02 2017,41.6,1,5
KPI-0423,Customer Acquisition Cost,Bulan 03 2017,43.1,2,5
KPI-0424,Customer Acquisition Cost,Bulan 04 2017,53.2,4,5
KPI-0425,Customer Acquisition Cost,Bulan 05 2017,46.3,1,4
KPI-0426,Customer Acquisition Cost,Bulan 06 2017,47.3,2,5
KPI-0427,Customer Acquisition Cost,Bulan 07 2017,43.0,1,4
KPI-0428,Customer Acquisition Cost,Bulan 08 2017,42.2,1,4
KPI-0429,Customer Acquisition Cost,Bulan 09 2017,38.6,1,4
KPI-0430,Customer Acquisition Cost,Bulan 10 2017,32.7,1,5
KPI-0431,Customer Acquisition Cost,Bulan 11 2017,42.2,1,5
KPI-0432,Customer Acquisition Cost,Bulan 12 2017,38.7,1,4
KPI-0433,Customer Acquisition Cost,Bulan 01 2018,37.5,1,5
KPI-0434,Customer Acquisition Cost,Bulan 02 2018,44.7,1,3
KPI-0435,Customer Acquisition Cost,Bulan 03 2018,54.2,4,5
KPI-0436,Customer Acquisition Cost,Bulan 04 2018,52.5,3,5
KPI-0437,Customer Acquisition Cost,Bulan 05 2018,47.2,2,5
KPI-0438,Customer Acquisition Cost,Bulan 06 2018,45.2,1,5
KPI-0439,Customer Acquisition Cost,Bulan 07 2018,42.5,1,5
KPI-0440,Customer Acquisition Cost,Bulan 08 2018,48.8,2,4
KPI-0441,Customer Acquisition Cost,Bulan 09 2018,40.3,1,5
KPI-0442,Customer Acquisition Cost,Bulan 10 2018,39.7,1,4
KPI-0443,Customer Acquisition Cost,Bulan 11 2018,42.8,2,3
KPI-0444,Customer Acquisition Cost,Bulan 12 2018,41.9,1,3
KPI-0445,Customer Acquisition Cost,Bulan 01 2019,42.9,1,3
KPI-0446,Customer Acquisition Cost,Bulan 02 2019,46.1,2,3
KPI-0447,Customer Acquisition Cost,Bulan 03 2019,48.7,3,3
KPI-0448,Customer Acquisition Cost,Bulan 04 2019,49.6,3,3
KPI-0449,Customer Acquisition Cost,Bulan 05 2019,51.8,3,5
KPI-0450,Customer Acquisition Cost,Bulan 06 2019,47.2,2,3
KPI-0451,Customer Acquisition Cost,Bulan 07 2019,46.9,1,3
KPI-0452,Customer Acquisition Cost,Bulan 08 2019,41.0,1,3
KPI-0453,Customer Acquisition Cost,Bulan 09 2019,39.6,2,4
KPI-0454,Customer Acquisition Cost,Bulan 10 2019,31.0,1,5
KPI-0455,Customer Acquisition Cost,Bulan 11 2019,42.9,2,5
KPI-0456,Customer Acquisition Cost,Bulan 12 2019,42.8,1,4
KPI-0457,Customer Acquisition Cost,Bulan 01 2020,48.2,4,5
KPI-0458,Customer Acquisition Cost,Bulan 02 2020,36.3,1,5
KPI-0459,Customer Acquisition Cost,Bulan 03 2020,57.4,3,5
KPI-0460,Customer Acquisition Cost,Bulan 04 2020,49.7,2,5
KPI-0461,Customer Acquisition Cost,Bulan 05 2020,53.7,3,5
KPI-0462,Customer Acquisition Cost,Bulan 06 2020,43.5,2,5
KPI-0463,Customer Acquisition Cost,Bulan 07 2020,47.0,1,5
KPI-0464,Customer Acquisition Cost,Bulan 08 2020,37.8,1,5
KPI-0465,Customer Acquisition Cost,Bulan 09 2020,37.4,1,5
KPI-0466,Customer Acquisition Cost,Bulan 10 2020,46.3,1,5
KPI-0467,Customer Acquisition Cost,Bulan 11 2020,39.1,1,5
KPI-0468,Customer Acquisition Cost,Bulan 12 2020,42.8,2,4
KPI-0469,Customer Acquisition Cost,Bulan 01 2021,48.2,3,4
KPI-0470,Customer Acquisition Cost,Bulan 02 2021,49.7,4,5
KPI-0471,Customer Acquisition Cost,Bulan 03 2021,50.5,3,5
KPI-0472,Customer Acquisition Cost,Bulan 04 2021,52.1,2,5
KPI-0473,Customer Acquisition Cost,Bulan 05 2021,59.1,4,5
KPI-0474,Customer Acquisition Cost,Bulan 06 2021,47.7,3,5
KPI-0475,Customer Acquisition Cost,Bulan 07 2021,45.9,2,4
KPI-0476,Customer Acquisition Cost,Bulan 08 2021,46.3,1,4
KPI-0477,Customer Acquisition Cost,Bulan 09 2021,44.5,1,5
KPI-0478,Customer Acquisition Cost,Bulan 10 2021,44.1,1,5
KPI-0479,Customer Acquisition Cost,Bulan 11 2021,42.8,1,5
KPI-0480,Customer Acquisition Cost,Bulan 12 2021,38.1,1,4
KPI-0481,Customer Acquisition Cost,Bulan 01 2022,51.6,4,4
KPI-0482,Customer Acquisition Cost,Bulan 02 2022,43.9,1,4
KPI-0483,Customer Acquisition Cost,Bulan 03 2022,51.5,3,5
KPI-0484,Customer Acquisition Cost,Bulan 04 2022,48.3,2,4
KPI-0485,Customer Acquisition Cost,Bulan 05 2022,50.2,3,4
KPI-0486,Customer Acquisition Cost,Bulan 06 2022,49.7,2,4
KPI-0487,Customer Acquisition Cost,Bulan 07 2022,46.8,2,3
KPI-0488,Customer Acquisition Cost,Bulan 08 2022,44.4,2,3
KPI-0489,Customer Acquisition Cost,Bulan 09 2022,46.9,1,3
KPI-0490,Customer Acquisition Cost,Bulan 10 2022,41.7,1,2
KPI-0491,Customer Acquisition Cost,Bulan 11 2022,39.9,1,4
KPI-0492,Customer Acquisition Cost,Bulan 12 2022,46.6,1,3
KPI-0493,Customer Acquisition Cost,Bulan 01 2023,50.4,3,2
KPI-0494,Customer Acquisition Cost,Bulan 02 2023,44.1,2,3
KPI-0495,Customer Acquisition Cost,Bulan 03 2023,53.1,3,5
KPI-0496,Customer Acquisition Cost,Bulan 04 2023,54.3,2,5
KPI-0497,Customer Acquisition Cost,Bulan 05 2023,49.8,4,5
KPI-0498,Customer Acquisition Cost,Bulan 06 2023,54.1,2,3
KPI-0499,Customer Acquisition Cost,Bulan 07 2023,45.5,1,3
KPI-0500,Customer Acquisition Cost,Bulan 08 2023,43.7,1,3
KPI-0501,Customer Acquisition Cost,Bulan 09 2023,40.6,1,5
KPI-0502,Customer Acquisition Cost,Bulan 10 2023,40.6,2,5
KPI-0503,Customer Acquisition Cost,Bulan 11 2023,37.1,1,5
KPI-0504,Customer Acquisition Cost,Bulan 12 2023,38.0,1,5
KPI-0505,Customer Acquisition Cost,Bulan 01 2024,52.4,3,5
KPI-0506,Customer Acquisition Cost,Bulan 02 2024,46.0,2,4
KPI-0507,Customer Acquisition Cost,Bulan 03 2024,47.6,3,5
KPI-0508,Customer Acquisition Cost,Bulan 04 2024,44.0,2,5
KPI-0509,Customer Acquisition Cost,Bulan 05 2024,49.0,3,4
KPI-0510,Customer Acquisition Cost,Bulan 06 2024,44.3,1,4
KPI-0511,Customer Acquisition Cost,Bulan 07 2024,52.8,3,3
KPI-0512,Customer Acquisition Cost,Bulan 08 2024,47.6,3,2
KPI-0513,Customer Acquisition Cost,Bulan 09 2024,39.1,1,4
KPI-0514,Customer Acquisition Cost,Bulan 10 2024,49.5,2,4
KPI-0515,Customer Acquisition Cost,Bulan 11 2024,45.5,2,5
KPI-0516,Customer Acquisition Cost,Bulan 12 2024,42.7,2,4
KPI-0517,Customer Acquisition Cost,Bulan 01 2025,37.3,1,5
KPI-0518,Customer Acquisition Cost,Bulan 02 2025,58.4,3,5
KPI-0519,Customer Acquisition Cost,Bulan 03 2025,46.5,1,5
KPI-0520,Customer Acquisition Cost,Bulan 04 2025,46.4,2,5
KPI-0521,Customer Acquisition Cost,Bulan 05 2025,55.8,3,5
KPI-0522,Customer Acquisition Cost,Bulan 06 2025,59.1,4,5
KPI-0523,Customer Acquisition Cost,Bulan 07 2025,52.3,3,5
KPI-0524,Customer Acquisition Cost,Bulan 08 2025,46.4,2,5
KPI-0525,Customer Acquisition Cost,Bulan 09 2025,44.4,2,5
KPI-0526,Customer Acquisition Cost,Bulan 10 2025,44.7,1,5
KPI-0527,Customer Acquisition Cost,Bulan 11 2025,45.1,1,5
KPI-0528,Customer Acquisition Cost,Bulan 12 2025,45.5,1,5
KPI-0529,Gross Profit Margin,Bulan 01 2015,37.1,1,2
KPI-0530,Gross Profit Margin,Bulan 02 2015,38.4,1,1
KPI-0531,Gross Profit Margin,Bulan 03 2015,37.5,1,1
KPI-0532,Gross Profit Margin,Bulan 04 2015,39.2,1,2
KPI-0533,Gross Profit Margin,Bulan 05 2015,35.6,3,3
KPI-0534,Gross Profit Margin,Bulan 06 2015,36.2,2,2
KPI-0535,Gross Profit Margin,Bulan 07 2015,31.6,3,4
KPI-0536,Gross Profit Margin,Bulan 08 2015,32.8,4,3
KPI-0537,Gross Profit Margin,Bulan 09 2015,31.7,3,5
KPI-0538,Gross Profit Margin,Bulan 10 2015,34.8,1,4
KPI-0539,Gross Profit Margin,Bulan 11 2015,31.0,2,2
KPI-0540,Gross Profit Margin,Bulan 12 2015,33.0,1,3
KPI-0541,Gross Profit Margin,Bulan 01 2016,35.0,1,2
KPI-0542,Gross Profit Margin,Bulan 02 2016,35.2,2,3
KPI-0543,Gross Profit Margin,Bulan 03 2016,35.7,1,3
KPI-0544,Gross Profit Margin,Bulan 04 2016,40.8,1,4
KPI-0545,Gross Profit Margin,Bulan 05 2016,35.3,1,5
KPI-0546,Gross Profit Margin,Bulan 06 2016,33.4,3,3
KPI-0547,Gross Profit Margin,Bulan 07 2016,36.2,3,3
KPI-0548,Gross Profit Margin,Bulan 08 2016,35.7,1,2
KPI-0549,Gross Profit Margin,Bulan 09 2016,30.9,3,4
KPI-0550,Gross Profit Margin,Bulan 10 2016,30.6,3,5
KPI-0551,Gross Profit Margin,Bulan 11 2016,32.6,4,3
KPI-0552,Gross Profit Margin,Bulan 12 2016,31.7,2,3
KPI-0553,Gross Profit Margin,Bulan 01 2017,33.2,1,3
KPI-0554,Gross Profit Margin,Bulan 02 2017,38.6,1,5
KPI-0555,Gross Profit Margin,Bulan 03 2017,39.2,1,4
KPI-0556,Gross Profit Margin,Bulan 04 2017,41.3,1,5
KPI-0557,Gross Profit Margin,Bulan 05 2017,35.2,2,5
KPI-0558,Gross Profit Margin,Bulan 06 2017,35.7,2,5
KPI-0559,Gross Profit Margin,Bulan 07 2017,35.8,3,4
KPI-0560,Gross Profit Margin,Bulan 08 2017,31.6,4,4
KPI-0561,Gross Profit Margin,Bulan 09 2017,33.8,1,4
KPI-0562,Gross Profit Margin,Bulan 10 2017,34.7,1,5
KPI-0563,Gross Profit Margin,Bulan 11 2017,31.2,2,3
KPI-0564,Gross Profit Margin,Bulan 12 2017,33.8,1,3
KPI-0565,Gross Profit Margin,Bulan 01 2018,38.6,1,3
KPI-0566,Gross Profit Margin,Bulan 02 2018,41.1,1,5
KPI-0567,Gross Profit Margin,Bulan 03 2018,40.0,1,5
KPI-0568,Gross Profit Margin,Bulan 04 2018,40.2,1,5
KPI-0569,Gross Profit Margin,Bulan 05 2018,36.6,2,5
KPI-0570,Gross Profit Margin,Bulan 06 2018,38.1,1,4
KPI-0571,Gross Profit Margin,Bulan 07 2018,36.9,2,2
KPI-0572,Gross Profit Margin,Bulan 08 2018,33.6,2,4
KPI-0573,Gross Profit Margin,Bulan 09 2018,31.6,4,5
KPI-0574,Gross Profit Margin,Bulan 10 2018,29.7,3,4
KPI-0575,Gross Profit Margin,Bulan 11 2018,29.2,3,5
KPI-0576,Gross Profit Margin,Bulan 12 2018,29.9,2,5
KPI-0577,Gross Profit Margin,Bulan 01 2019,37.2,1,5
KPI-0578,Gross Profit Margin,Bulan 02 2019,37.9,1,5
KPI-0579,Gross Profit Margin,Bulan 03 2019,37.8,2,5
KPI-0580,Gross Profit Margin,Bulan 04 2019,38.6,1,5
KPI-0581,Gross Profit Margin,Bulan 05 2019,39.4,1,5
KPI-0582,Gross Profit Margin,Bulan 06 2019,37.4,1,4
KPI-0583,Gross Profit Margin,Bulan 07 2019,33.2,3,4
KPI-0584,Gross Profit Margin,Bulan 08 2019,36.6,2,3
KPI-0585,Gross Profit Margin,Bulan 09 2019,34.1,2,3
KPI-0586,Gross Profit Margin,Bulan 10 2019,33.6,1,3
KPI-0587,Gross Profit Margin,Bulan 11 2019,35.3,1,4
KPI-0588,Gross Profit Margin,Bulan 12 2019,32.9,1,2
KPI-0589,Gross Profit Margin,Bulan 01 2020,39.1,1,3
KPI-0590,Gross Profit Margin,Bulan 02 2020,37.8,1,2
KPI-0591,Gross Profit Margin,Bulan 03 2020,41.3,1,5
KPI-0592,Gross Profit Margin,Bulan 04 2020,41.4,1,5
KPI-0593,Gross Profit Margin,Bulan 05 2020,37.1,2,5
KPI-0594,Gross Profit Margin,Bulan 06 2020,39.4,1,4
KPI-0595,Gross Profit Margin,Bulan 07 2020,37.4,2,4
KPI-0596,Gross Profit Margin,Bulan 08 2020,35.1,2,3
KPI-0597,Gross Profit Margin,Bulan 09 2020,33.7,2,4
KPI-0598,Gross Profit Margin,Bulan 10 2020,33.3,3,4
KPI-0599,Gross Profit Margin,Bulan 11 2020,35.7,1,2
KPI-0600,Gross Profit Margin,Bulan 12 2020,36.5,1,4
KPI-0601,Gross Profit Margin,Bulan 01 2021,36.9,1,3
KPI-0602,Gross Profit Margin,Bulan 02 2021,35.3,2,2
KPI-0603,Gross Profit Margin,Bulan 03 2021,40.9,1,4
KPI-0604,Gross Profit Margin,Bulan 04 2021,41.9,1,5
KPI-0605,Gross Profit Margin,Bulan 05 2021,45.0,1,5
KPI-0606,Gross Profit Margin,Bulan 06 2021,41.1,1,5
KPI-0607,Gross Profit Margin,Bulan 07 2021,32.9,2,5
KPI-0608,Gross Profit Margin,Bulan 08 2021,35.7,2,5
KPI-0609,Gross Profit Margin,Bulan 09 2021,38.3,1,5
KPI-0610,Gross Profit Margin,Bulan 10 2021,35.3,2,5
KPI-0611,Gross Profit Margin,Bulan 11 2021,35.1,2,5
KPI-0612,Gross Profit Margin,Bulan 12 2021,37.7,1,3
KPI-0613,Gross Profit Margin,Bulan 01 2022,36.0,2,3
KPI-0614,Gross Profit Margin,Bulan 02 2022,40.1,1,3
KPI-0615,Gross Profit Margin,Bulan 03 2022,39.7,1,2
KPI-0616,Gross Profit Margin,Bulan 04 2022,40.7,1,5
KPI-0617,Gross Profit Margin,Bulan 05 2022,42.2,1,5
KPI-0618,Gross Profit Margin,Bulan 06 2022,37.2,2,4
KPI-0619,Gross Profit Margin,Bulan 07 2022,40.4,1,3
KPI-0620,Gross Profit Margin,Bulan 08 2022,35.1,2,5
KPI-0621,Gross Profit Margin,Bulan 09 2022,35.4,1,3
KPI-0622,Gross Profit Margin,Bulan 10 2022,31.3,3,5
KPI-0623,Gross Profit Margin,Bulan 11 2022,36.5,1,5
KPI-0624,Gross Profit Margin,Bulan 12 2022,39.3,1,3
KPI-0625,Gross Profit Margin,Bulan 01 2023,36.7,2,3
KPI-0626,Gross Profit Margin,Bulan 02 2023,37.1,2,5
KPI-0627,Gross Profit Margin,Bulan 03 2023,41.4,1,5
KPI-0628,Gross Profit Margin,Bulan 04 2023,44.5,1,5
KPI-0629,Gross Profit Margin,Bulan 05 2023,37.7,2,4
KPI-0630,Gross Profit Margin,Bulan 06 2023,37.3,2,4
KPI-0631,Gross Profit Margin,Bulan 07 2023,37.1,3,4
KPI-0632,Gross Profit Margin,Bulan 08 2023,34.7,2,5
KPI-0633,Gross Profit Margin,Bulan 09 2023,33.5,3,4
KPI-0634,Gross Profit Margin,Bulan 10 2023,30.3,3,5
KPI-0635,Gross Profit Margin,Bulan 11 2023,36.7,1,4
KPI-0636,Gross Profit Margin,Bulan 12 2023,37.4,2,4
KPI-0637,Gross Profit Margin,Bulan 01 2024,34.6,1,4
KPI-0638,Gross Profit Margin,Bulan 02 2024,43.2,1,5
KPI-0639,Gross Profit Margin,Bulan 03 2024,45.0,1,5
KPI-0640,Gross Profit Margin,Bulan 04 2024,40.1,1,5
KPI-0641,Gross Profit Margin,Bulan 05 2024,43.9,1,5
KPI-0642,Gross Profit Margin,Bulan 06 2024,38.9,1,4
KPI-0643,Gross Profit Margin,Bulan 07 2024,39.0,1,5
KPI-0644,Gross Profit Margin,Bulan 08 2024,35.1,3,5
KPI-0645,Gross Profit Margin,Bulan 09 2024,40.7,1,5
KPI-0646,Gross Profit Margin,Bulan 10 2024,34.7,2,5
KPI-0647,Gross Profit Margin,Bulan 11 2024,36.1,1,4
KPI-0648,Gross Profit Margin,Bulan 12 2024,35.6,2,4
KPI-0649,Gross Profit Margin,Bulan 01 2025,42.9,1,5
KPI-0650,Gross Profit Margin,Bulan 02 2025,44.6,1,5
KPI-0651,Gross Profit Margin,Bulan 03 2025,45.3,1,5
KPI-0652,Gross Profit Margin,Bulan 04 2025,44.3,1,5
KPI-0653,Gross Profit Margin,Bulan 05 2025,40.4,1,5
KPI-0654,Gross Profit Margin,Bulan 06 2025,42.5,1,5
KPI-0655,Gross Profit Margin,Bulan 07 2025,39.0,2,3
KPI-0656,Gross Profit Margin,Bulan 08 2025,40.3,1,5
KPI-0657,Gross Profit Margin,Bulan 09 2025,38.7,1,4
KPI-0658,Gross Profit Margin,Bulan 10 2025,34.4,2,5
KPI-0659,Gross Profit Margin,Bulan 11 2025,38.4,1,4
KPI-0660,Gross Profit Margin,Bulan 12 2025,39.1,1,4
KPI-0661,Customer Retention Rate,Bulan 01 2015,87.8,1,2
KPI-0662,Customer Retention Rate,Bulan 02 2015,89.5,1,2
KPI-0663,Customer Retention Rate,Bulan 03 2015,87.0,2,3
KPI-0664,Customer Retention Rate,Bulan 04 2015,92.6,1,3
KPI-0665,Customer Retention Rate,Bulan 05 2015,88.1,1,3
KPI-0666,Customer Retention Rate,Bulan 06 2015,90.1,1,3
KPI-0667,Customer Retention Rate,Bulan 07 2015,87.2,3,3
KPI-0668,Customer Retention Rate,Bulan 08 2015,89.0,1,2
KPI-0669,Customer Retention Rate,Bulan 09 2015,82.5,3,3
KPI-0670,Customer Retention Rate,Bulan 10 2015,81.7,4,5
KPI-0671,Customer Retention Rate,Bulan 11 2015,83.1,3,3
KPI-0672,Customer Retention Rate,Bulan 12 2015,83.8,2,4
KPI-0673,Customer Retention Rate,Bulan 01 2016,88.5,1,3
KPI-0674,Customer Retention Rate,Bulan 02 2016,84.4,2,4
KPI-0675,Customer Retention Rate,Bulan 03 2016,87.2,1,3
KPI-0676,Customer Retention Rate,Bulan 04 2016,87.7,1,3
KPI-0677,Customer Retention Rate,Bulan 05 2016,92.3,1,4
KPI-0678,Customer Retention Rate,Bulan 06 2016,92.8,1,3
KPI-0679,Customer Retention Rate,Bulan 07 2016,86.5,1,3
KPI-0680,Customer Retention Rate,Bulan 08 2016,84.5,3,5
KPI-0681,Customer Retention Rate,Bulan 09 2016,83.7,3,3
KPI-0682,Customer Retention Rate,Bulan 10 2016,86.0,1,4
KPI-0683,Customer Retention Rate,Bulan 11 2016,81.3,3,4
KPI-0684,Customer Retention Rate,Bulan 12 2016,85.6,2,4
KPI-0685,Customer Retention Rate,Bulan 01 2017,89.4,1,4
KPI-0686,Customer Retention Rate,Bulan 02 2017,90.1,1,5
KPI-0687,Customer Retention Rate,Bulan 03 2017,90.8,1,5
KPI-0688,Customer Retention Rate,Bulan 04 2017,93.3,1,5
KPI-0689,Customer Retention Rate,Bulan 05 2017,83.6,4,5
KPI-0690,Customer Retention Rate,Bulan 06 2017,90.7,1,4
KPI-0691,Customer Retention Rate,Bulan 07 2017,85.6,2,4
KPI-0692,Customer Retention Rate,Bulan 08 2017,80.8,3,5
KPI-0693,Customer Retention Rate,Bulan 09 2017,85.3,2,5
KPI-0694,Customer Retention Rate,Bulan 10 2017,87.0,2,5
KPI-0695,Customer Retention Rate,Bulan 11 2017,83.8,2,4
KPI-0696,Customer Retention Rate,Bulan 12 2017,87.9,1,3
KPI-0697,Customer Retention Rate,Bulan 01 2018,91.5,1,4
KPI-0698,Customer Retention Rate,Bulan 02 2018,92.6,1,5
KPI-0699,Customer Retention Rate,Bulan 03 2018,94.9,1,5
KPI-0700,Customer Retention Rate,Bulan 04 2018,93.2,1,4
KPI-0701,Customer Retention Rate,Bulan 05 2018,91.0,1,5
KPI-0702,Customer Retention Rate,Bulan 06 2018,85.5,2,4
KPI-0703,Customer Retention Rate,Bulan 07 2018,87.1,3,5
KPI-0704,Customer Retention Rate,Bulan 08 2018,83.7,3,5
KPI-0705,Customer Retention Rate,Bulan 09 2018,89.9,1,5
KPI-0706,Customer Retention Rate,Bulan 10 2018,83.6,3,4
KPI-0707,Customer Retention Rate,Bulan 11 2018,84.9,2,4
KPI-0708,Customer Retention Rate,Bulan 12 2018,87.4,2,4
KPI-0709,Customer Retention Rate,Bulan 01 2019,88.0,2,3
KPI-0710,Customer Retention Rate,Bulan 02 2019,94.1,1,5
KPI-0711,Customer Retention Rate,Bulan 03 2019,89.7,1,4
KPI-0712,Customer Retention Rate,Bulan 04 2019,92.3,1,5
KPI-0713,Customer Retention Rate,Bulan 05 2019,89.5,2,5
KPI-0714,Customer Retention Rate,Bulan 06 2019,86.7,3,2
KPI-0715,Customer Retention Rate,Bulan 07 2019,86.6,2,5
KPI-0716,Customer Retention Rate,Bulan 08 2019,86.2,2,5
KPI-0717,Customer Retention Rate,Bulan 09 2019,83.9,3,4
KPI-0718,Customer Retention Rate,Bulan 10 2019,82.8,3,4
KPI-0719,Customer Retention Rate,Bulan 11 2019,81.6,4,4
KPI-0720,Customer Retention Rate,Bulan 12 2019,86.3,1,3
KPI-0721,Customer Retention Rate,Bulan 01 2020,84.6,2,4
KPI-0722,Customer Retention Rate,Bulan 02 2020,92.2,1,4
KPI-0723,Customer Retention Rate,Bulan 03 2020,91.9,1,5
KPI-0724,Customer Retention Rate,Bulan 04 2020,88.6,1,5
KPI-0725,Customer Retention Rate,Bulan 05 2020,91.0,1,4
KPI-0726,Customer Retention Rate,Bulan 06 2020,88.6,3,4
KPI-0727,Customer Retention Rate,Bulan 07 2020,89.4,2,4
KPI-0728,Customer Retention Rate,Bulan 08 2020,90.2,1,3
KPI-0729,Customer Retention Rate,Bulan 09 2020,80.8,3,5
KPI-0730,Customer Retention Rate,Bulan 10 2020,85.3,2,5
KPI-0731,Customer Retention Rate,Bulan 11 2020,85.2,2,5
KPI-0732,Customer Retention Rate,Bulan 12 2020,88.6,1,4
KPI-0733,Customer Retention Rate,Bulan 01 2021,89.4,1,3
KPI-0734,Customer Retention Rate,Bulan 02 2021,88.9,1,4
KPI-0735,Customer Retention Rate,Bulan 03 2021,91.4,1,4
KPI-0736,Customer Retention Rate,Bulan 04 2021,90.8,1,4
KPI-0737,Customer Retention Rate,Bulan 05 2021,95.0,1,5
KPI-0738,Customer Retention Rate,Bulan 06 2021,91.0,1,4
KPI-0739,Customer Retention Rate,Bulan 07 2021,93.9,1,2
KPI-0740,Customer Retention Rate,Bulan 08 2021,87.1,3,5
KPI-0741,Customer Retention Rate,Bulan 09 2021,84.2,4,4
KPI-0742,Customer Retention Rate,Bulan 10 2021,81.7,4,5
KPI-0743,Customer Retention Rate,Bulan 11 2021,81.5,3,5
KPI-0744,Customer Retention Rate,Bulan 12 2021,83.5,3,5
KPI-0745,Customer Retention Rate,Bulan 01 2022,90.0,1,5
KPI-0746,Customer Retention Rate,Bulan 02 2022,92.5,1,5
KPI-0747,Customer Retention Rate,Bulan 03 2022,88.7,1,4
KPI-0748,Customer Retention Rate,Bulan 04 2022,95.5,1,5
KPI-0749,Customer Retention Rate,Bulan 05 2022,91.6,1,5
KPI-0750,Customer Retention Rate,Bulan 06 2022,91.8,1,5
KPI-0751,Customer Retention Rate,Bulan 07 2022,93.6,1,3
KPI-0752,Customer Retention Rate,Bulan 08 2022,90.0,1,3
KPI-0753,Customer Retention Rate,Bulan 09 2022,85.8,3,4
KPI-0754,Customer Retention Rate,Bulan 10 2022,83.7,3,4
KPI-0755,Customer Retention Rate,Bulan 11 2022,81.1,3,5
KPI-0756,Customer Retention Rate,Bulan 12 2022,86.1,1,5
KPI-0757,Customer Retention Rate,Bulan 01 2023,89.3,2,5
KPI-0758,Customer Retention Rate,Bulan 02 2023,89.3,1,5
KPI-0759,Customer Retention Rate,Bulan 03 2023,92.8,1,5
KPI-0760,Customer Retention Rate,Bulan 04 2023,93.9,1,5
KPI-0761,Customer Retention Rate,Bulan 05 2023,92.7,1,5
KPI-0762,Customer Retention Rate,Bulan 06 2023,90.3,1,4
KPI-0763,Customer Retention Rate,Bulan 07 2023,90.5,1,4
KPI-0764,Customer Retention Rate,Bulan 08 2023,89.3,2,3
KPI-0765,Customer Retention Rate,Bulan 09 2023,84.2,3,4
KPI-0766,Customer Retention Rate,Bulan 10 2023,90.0,1,4
KPI-0767,Customer Retention Rate,Bulan 11 2023,86.7,2,4
KPI-0768,Customer Retention Rate,Bulan 12 2023,88.5,2,4
KPI-0769,Customer Retention Rate,Bulan 01 2024,92.1,1,3
KPI-0770,Customer Retention Rate,Bulan 02 2024,92.8,1,4
KPI-0771,Customer Retention Rate,Bulan 03 2024,96.0,1,5
KPI-0772,Customer Retention Rate,Bulan 04 2024,94.9,1,3
KPI-0773,Customer Retention Rate,Bulan 05 2024,92.2,1,3
KPI-0774,Customer Retention Rate,Bulan 06 2024,93.3,2,3
KPI-0775,Customer Retention Rate,Bulan 07 2024,87.7,2,3
KPI-0776,Customer Retention Rate,Bulan 08 2024,89.0,2,4
KPI-0777,Customer Retention Rate,Bulan 09 2024,87.3,3,3
KPI-0778,Customer Retention Rate,Bulan 10 2024,86.4,2,3
KPI-0779,Customer Retention Rate,Bulan 11 2024,87.2,1,3
KPI-0780,Customer Retention Rate,Bulan 12 2024,84.2,3,3
KPI-0781,Customer Retention Rate,Bulan 01 2025,89.4,1,2
KPI-0782,Customer Retention Rate,Bulan 02 2025,92.9,1,4
KPI-0783,Customer Retention Rate,Bulan 03 2025,94.5,1,5
KPI-0784,Customer Retention Rate,Bulan 04 2025,92.1,1,5
KPI-0785,Customer Retention Rate,Bulan 05 2025,97.4,1,5
KPI-0786,Customer Retention Rate,Bulan 06 2025,90.7,1,5
KPI-0787,Customer Retention Rate,Bulan 07 2025,93.5,1,3
KPI-0788,Customer Retention Rate,Bulan 08 2025,90.3,1,3
KPI-0789,Customer Retention Rate,Bulan 09 2025,86.3,2,3
KPI-0790,Customer Retention Rate,Bulan 10 2025,91.8,1,4
KPI-0791,Customer Retention Rate,Bulan 11 2025,85.0,3,5
KPI-0792,Customer Retention Rate,Bulan 12 2025,91.7,1,4
KPI-0793,Average Order Value,Bulan 01 2015,137.0,2,1
KPI-0794,Average Order Value,Bulan 02 2015,139.6,1,1
KPI-0795,Average Order Value,Bulan 03 2015,143.5,1,2
KPI-0796,Average Order Value,Bulan 04 2015,151.3,1,2
KPI-0797,Average Order Value,Bulan 05 2015,151.9,1,3
KPI-0798,Average Order Value,Bulan 06 2015,141.1,2,2
KPI-0799,Average Order Value,Bulan 07 2015,106.4,4,5
KPI-0800,Average Order Value,Bulan 08 2015,127.4,3,5
KPI-0801,Average Order Value,Bulan 09 2015,107.3,4,5
KPI-0802,Average Order Value,Bulan 10 2015,117.5,2,5
KPI-0803,Average Order Value,Bulan 11 2015,107.6,5,5
KPI-0804,Average Order Value,Bulan 12 2015,112.9,2,5
KPI-0805,Average Order Value,Bulan 01 2016,146.9,1,5
KPI-0806,Average Order Value,Bulan 02 2016,138.8,2,5
KPI-0807,Average Order Value,Bulan 03 2016,143.5,2,5
KPI-0808,Average Order Value,Bulan 04 2016,154.2,1,5
KPI-0809,Average Order Value,Bulan 05 2016,143.6,1,5
KPI-0810,Average Order Value,Bulan 06 2016,162.9,1,5
KPI-0811,Average Order Value,Bulan 07 2016,131.5,3,3
KPI-0812,Average Order Value,Bulan 08 2016,130.4,4,3
KPI-0813,Average Order Value,Bulan 09 2016,130.9,3,5
KPI-0814,Average Order Value,Bulan 10 2016,135.2,1,4
KPI-0815,Average Order Value,Bulan 11 2016,113.7,3,5
KPI-0816,Average Order Value,Bulan 12 2016,122.4,2,5
KPI-0817,Average Order Value,Bulan 01 2017,146.8,1,4
KPI-0818,Average Order Value,Bulan 02 2017,149.6,1,5
KPI-0819,Average Order Value,Bulan 03 2017,157.7,2,5
KPI-0820,Average Order Value,Bulan 04 2017,135.2,2,5
KPI-0821,Average Order Value,Bulan 05 2017,162.4,1,5
KPI-0822,Average Order Value,Bulan 06 2017,133.7,3,5
KPI-0823,Average Order Value,Bulan 07 2017,135.7,1,4
KPI-0824,Average Order Value,Bulan 08 2017,124.8,3,5
KPI-0825,Average Order Value,Bulan 09 2017,111.9,3,5
KPI-0826,Average Order Value,Bulan 10 2017,104.6,5,5
KPI-0827,Average Order Value,Bulan 11 2017,103.2,4,5
KPI-0828,Average Order Value,Bulan 12 2017,127.3,3,5
KPI-0829,Average Order Value,Bulan 01 2018,118.3,2,5
KPI-0830,Average Order Value,Bulan 02 2018,129.7,3,4
KPI-0831,Average Order Value,Bulan 03 2018,144.3,1,5
KPI-0832,Average Order Value,Bulan 04 2018,122.1,2,4
KPI-0833,Average Order Value,Bulan 05 2018,154.2,2,5
KPI-0834,Average Order Value,Bulan 06 2018,116.8,3,5
KPI-0835,Average Order Value,Bulan 07 2018,132.5,2,4
KPI-0836,Average Order Value,Bulan 08 2018,125.9,4,4
KPI-0837,Average Order Value,Bulan 09 2018,125.6,2,5
KPI-0838,Average Order Value,Bulan 10 2018,117.8,3,5
KPI-0839,Average Order Value,Bulan 11 2018,140.3,1,5
KPI-0840,Average Order Value,Bulan 12 2018,127.8,2,3
KPI-0841,Average Order Value,Bulan 01 2019,143.6,1,3
KPI-0842,Average Order Value,Bulan 02 2019,133.3,3,3
KPI-0843,Average Order Value,Bulan 03 2019,147.2,1,4
KPI-0844,Average Order Value,Bulan 04 2019,163.4,1,5
KPI-0845,Average Order Value,Bulan 05 2019,143.5,1,4
KPI-0846,Average Order Value,Bulan 06 2019,142.3,2,5
KPI-0847,Average Order Value,Bulan 07 2019,142.6,2,3
KPI-0848,Average Order Value,Bulan 08 2019,117.9,4,5
KPI-0849,Average Order Value,Bulan 09 2019,98.2,5,5
KPI-0850,Average Order Value,Bulan 10 2019,120.3,3,5
KPI-0851,Average Order Value,Bulan 11 2019,129.6,2,5
KPI-0852,Average Order Value,Bulan 12 2019,111.6,2,5
KPI-0853,Average Order Value,Bulan 01 2020,139.3,1,5
KPI-0854,Average Order Value,Bulan 02 2020,146.8,1,5
KPI-0855,Average Order Value,Bulan 03 2020,122.8,2,5
KPI-0856,Average Order Value,Bulan 04 2020,138.1,1,5
KPI-0857,Average Order Value,Bulan 05 2020,141.5,2,4
KPI-0858,Average Order Value,Bulan 06 2020,138.1,1,4
KPI-0859,Average Order Value,Bulan 07 2020,124.9,3,3
KPI-0860,Average Order Value,Bulan 08 2020,116.8,4,5
KPI-0861,Average Order Value,Bulan 09 2020,136.0,1,4
KPI-0862,Average Order Value,Bulan 10 2020,116.2,2,5
KPI-0863,Average Order Value,Bulan 11 2020,112.3,2,4
KPI-0864,Average Order Value,Bulan 12 2020,124.2,4,4
KPI-0865,Average Order Value,Bulan 01 2021,137.5,2,3
KPI-0866,Average Order Value,Bulan 02 2021,140.1,1,4
KPI-0867,Average Order Value,Bulan 03 2021,143.0,2,5
KPI-0868,Average Order Value,Bulan 04 2021,140.5,2,5
KPI-0869,Average Order Value,Bulan 05 2021,138.3,1,5
KPI-0870,Average Order Value,Bulan 06 2021,133.4,2,3
KPI-0871,Average Order Value,Bulan 07 2021,135.3,1,2
KPI-0872,Average Order Value,Bulan 08 2021,114.4,4,4
KPI-0873,Average Order Value,Bulan 09 2021,122.7,3,5
KPI-0874,Average Order Value,Bulan 10 2021,130.9,2,3
KPI-0875,Average Order Value,Bulan 11 2021,122.0,3,3
KPI-0876,Average Order Value,Bulan 12 2021,120.5,2,3
KPI-0877,Average Order Value,Bulan 01 2022,118.7,4,3
KPI-0878,Average Order Value,Bulan 02 2022,154.9,2,4
KPI-0879,Average Order Value,Bulan 03 2022,132.9,2,5
KPI-0880,Average Order Value,Bulan 04 2022,155.0,2,5
KPI-0881,Average Order Value,Bulan 05 2022,150.9,2,5
KPI-0882,Average Order Value,Bulan 06 2022,136.6,1,5
KPI-0883,Average Order Value,Bulan 07 2022,128.8,4,4
KPI-0884,Average Order Value,Bulan 08 2022,105.5,4,5
KPI-0885,Average Order Value,Bulan 09 2022,121.6,4,5
KPI-0886,Average Order Value,Bulan 10 2022,122.5,3,5
KPI-0887,Average Order Value,Bulan 11 2022,107.4,3,5
KPI-0888,Average Order Value,Bulan 12 2022,122.1,3,5
KPI-0889,Average Order Value,Bulan 01 2023,131.5,2,4
KPI-0890,Average Order Value,Bulan 02 2023,144.5,1,5
KPI-0891,Average Order Value,Bulan 03 2023,144.1,1,5
KPI-0892,Average Order Value,Bulan 04 2023,129.8,2,5
KPI-0893,Average Order Value,Bulan 05 2023,138.7,1,5
KPI-0894,Average Order Value,Bulan 06 2023,140.7,1,2
KPI-0895,Average Order Value,Bulan 07 2023,139.3,2,2
KPI-0896,Average Order Value,Bulan 08 2023,117.2,3,4
KPI-0897,Average Order Value,Bulan 09 2023,139.7,1,2
KPI-0898,Average Order Value,Bulan 10 2023,96.9,4,5
KPI-0899,Average Order Value,Bulan 11 2023,112.1,2,5
KPI-0900,Average Order Value,Bulan 12 2023,122.4,3,5
KPI-0901,Average Order Value,Bulan 01 2024,128.7,2,5
KPI-0902,Average Order Value,Bulan 02 2024,125.8,2,5
KPI-0903,Average Order Value,Bulan 03 2024,148.1,1,5
KPI-0904,Average Order Value,Bulan 04 2024,149.3,2,5
KPI-0905,Average Order Value,Bulan 05 2024,144.0,1,4
KPI-0906,Average Order Value,Bulan 06 2024,141.3,2,3
KPI-0907,Average Order Value,Bulan 07 2024,126.2,3,4
KPI-0908,Average Order Value,Bulan 08 2024,106.7,5,5
KPI-0909,Average Order Value,Bulan 09 2024,110.2,3,5
KPI-0910,Average Order Value,Bulan 10 2024,116.9,2,5
KPI-0911,Average Order Value,Bulan 11 2024,118.9,2,5
KPI-0912,Average Order Value,Bulan 12 2024,123.2,2,4
KPI-0913,Average Order Value,Bulan 01 2025,135.7,2,4
KPI-0914,Average Order Value,Bulan 02 2025,131.8,2,3
KPI-0915,Average Order Value,Bulan 03 2025,143.4,2,4
KPI-0916,Average Order Value,Bulan 04 2025,150.8,1,5
KPI-0917,Average Order Value,Bulan 05 2025,142.2,1,4
KPI-0918,Average Order Value,Bulan 06 2025,125.1,3,3
KPI-0919,Average Order Value,Bulan 07 2025,120.3,4,4
KPI-0920,Average Order Value,Bulan 08 2025,130.7,3,4
KPI-0921,Average Order Value,Bulan 09 2025,130.8,2,4
KPI-0922,Average Order Value,Bulan 10 2025,126.6,2,4
KPI-0923,Average Order Value,Bulan 11 2025,119.1,4,4
KPI-0924,Average Order Value,Bulan 12 2025,110.2,3,2
KPI-0925,Return on Investment,Bulan 01 2015,26.5,1,3
KPI-0926,Return on Investment,Bulan 02 2015,28.1,1,2
KPI-0927,Return on Investment,Bulan 03 2015,29.8,1,2
KPI-0928,Return on Investment,Bulan 04 2015,25.6,1,3
KPI-0929,Return on Investment,Bulan 05 2015,31.7,1,2
KPI-0930,Return on Investment,Bulan 06 2015,30.6,1,3
KPI-0931,Return on Investment,Bulan 07 2015,24.6,2,4
KPI-0932,Return on Investment,Bulan 08 2015,23.1,3,3
KPI-0933,Return on Investment,Bulan 09 2015,17.4,4,5
KPI-0934,Return on Investment,Bulan 10 2015,22.6,2,5
KPI-0935,Return on Investment,Bulan 11 2015,23.4,2,5
KPI-0936,Return on Investment,Bulan 12 2015,23.2,2,5
KPI-0937,Return on Investment,Bulan 01 2016,28.6,1,4
KPI-0938,Return on Investment,Bulan 02 2016,26.7,1,4
KPI-0939,Return on Investment,Bulan 03 2016,30.8,1,5
KPI-0940,Return on Investment,Bulan 04 2016,26.9,1,4
KPI-0941,Return on Investment,Bulan 05 2016,29.2,1,4
KPI-0942,Return on Investment,Bulan 06 2016,27.3,2,2
KPI-0943,Return on Investment,Bulan 07 2016,26.4,2,2
KPI-0944,Return on Investment,Bulan 08 2016,22.6,4,5
KPI-0945,Return on Investment,Bulan 09 2016,21.8,4,4
KPI-0946,Return on Investment,Bulan 10 2016,24.0,2,4
KPI-0947,Return on Investment,Bulan 11 2016,21.0,2,3
KPI-0948,Return on Investment,Bulan 12 2016,19.3,3,5
KPI-0949,Return on Investment,Bulan 01 2017,30.9,1,4
KPI-0950,Return on Investment,Bulan 02 2017,32.0,1,5
KPI-0951,Return on Investment,Bulan 03 2017,26.1,2,5
KPI-0952,Return on Investment,Bulan 04 2017,32.2,1,5
KPI-0953,Return on Investment,Bulan 05 2017,28.3,2,5
KPI-0954,Return on Investment,Bulan 06 2017,29.0,2,5
KPI-0955,Return on Investment,Bulan 07 2017,27.0,2,2
KPI-0956,Return on Investment,Bulan 08 2017,23.5,3,5
KPI-0957,Return on Investment,Bulan 09 2017,20.4,3,5
KPI-0958,Return on Investment,Bulan 10 2017,20.2,3,5
KPI-0959,Return on Investment,Bulan 11 2017,20.2,3,5
KPI-0960,Return on Investment,Bulan 12 2017,22.0,2,4
KPI-0961,Return on Investment,Bulan 01 2018,26.3,1,4
KPI-0962,Return on Investment,Bulan 02 2018,26.6,2,4
KPI-0963,Return on Investment,Bulan 03 2018,32.1,1,5
KPI-0964,Return on Investment,Bulan 04 2018,34.9,1,5
KPI-0965,Return on Investment,Bulan 05 2018,28.6,1,5
KPI-0966,Return on Investment,Bulan 06 2018,29.4,2,5
KPI-0967,Return on Investment,Bulan 07 2018,28.1,2,3
KPI-0968,Return on Investment,Bulan 08 2018,25.9,2,4
KPI-0969,Return on Investment,Bulan 09 2018,23.3,4,5
KPI-0970,Return on Investment,Bulan 10 2018,24.7,3,5
KPI-0971,Return on Investment,Bulan 11 2018,24.6,1,3
KPI-0972,Return on Investment,Bulan 12 2018,21.3,2,4
KPI-0973,Return on Investment,Bulan 01 2019,29.4,1,3
KPI-0974,Return on Investment,Bulan 02 2019,31.5,1,5
KPI-0975,Return on Investment,Bulan 03 2019,28.5,2,5
KPI-0976,Return on Investment,Bulan 04 2019,31.3,1,5
KPI-0977,Return on Investment,Bulan 05 2019,32.6,1,5
KPI-0978,Return on Investment,Bulan 06 2019,28.6,1,4
KPI-0979,Return on Investment,Bulan 07 2019,30.2,1,2
KPI-0980,Return on Investment,Bulan 08 2019,31.7,1,2
KPI-0981,Return on Investment,Bulan 09 2019,21.4,3,5
KPI-0982,Return on Investment,Bulan 10 2019,19.2,3,5
KPI-0983,Return on Investment,Bulan 11 2019,24.5,3,5
KPI-0984,Return on Investment,Bulan 12 2019,27.3,1,5
KPI-0985,Return on Investment,Bulan 01 2020,26.8,1,5
KPI-0986,Return on Investment,Bulan 02 2020,33.6,1,5
KPI-0987,Return on Investment,Bulan 03 2020,27.4,2,5
KPI-0988,Return on Investment,Bulan 04 2020,33.7,1,5
KPI-0989,Return on Investment,Bulan 05 2020,29.5,3,5
KPI-0990,Return on Investment,Bulan 06 2020,34.5,1,5
KPI-0991,Return on Investment,Bulan 07 2020,33.2,1,4
KPI-0992,Return on Investment,Bulan 08 2020,23.4,3,5
KPI-0993,Return on Investment,Bulan 09 2020,22.5,3,5
KPI-0994,Return on Investment,Bulan 10 2020,26.0,3,5
KPI-0995,Return on Investment,Bulan 11 2020,23.1,3,5
KPI-0996,Return on Investment,Bulan 12 2020,25.6,1,5
KPI-0997,Return on Investment,Bulan 01 2021,28.0,1,5
KPI-0998,Return on Investment,Bulan 02 2021,24.6,1,3
KPI-0999,Return on Investment,Bulan 03 2021,31.6,1,5
KPI-1000,Return on Investment,Bulan 04 2021,30.3,1,4
KPI-1001,Return on Investment,Bulan 05 2021,30.3,1,4
KPI-1002,Return on Investment,Bulan 06 2021,34.2,1,5
KPI-1003,Return on Investment,Bulan 07 2021,24.6,3,5
KPI-1004,Return on Investment,Bulan 08 2021,28.3,2,5
KPI-1005,Return on Investment,Bulan 09 2021,23.8,4,5
KPI-1006,Return on Investment,Bulan 10 2021,23.3,2,5
KPI-1007,Return on Investment,Bulan 11 2021,26.9,1,4
KPI-1008,Return on Investment,Bulan 12 2021,27.2,2,5
KPI-1009,Return on Investment,Bulan 01 2022,30.0,1,4
KPI-1010,Return on Investment,Bulan 02 2022,33.2,1,5
KPI-1011,Return on Investment,Bulan 03 2022,31.1,1,4
KPI-1012,Return on Investment,Bulan 04 2022,31.0,1,4
KPI-1013,Return on Investment,Bulan 05 2022,29.1,2,3
KPI-1014,Return on Investment,Bulan 06 2022,28.3,2,3
KPI-1015,Return on Investment,Bulan 07 2022,36.9,1,4
KPI-1016,Return on Investment,Bulan 08 2022,30.0,1,3
KPI-1017,Return on Investment,Bulan 09 2022,21.3,4,5
KPI-1018,Return on Investment,Bulan 10 2022,20.8,4,5
KPI-1019,Return on Investment,Bulan 11 2022,26.5,3,5
KPI-1020,Return on Investment,Bulan 12 2022,28.2,1,5
KPI-1021,Return on Investment,Bulan 01 2023,30.4,1,5
KPI-1022,Return on Investment,Bulan 02 2023,30.3,1,5
KPI-1023,Return on Investment,Bulan 03 2023,32.2,1,5
KPI-1024,Return on Investment,Bulan 04 2023,34.1,1,5
KPI-1025,Return on Investment,Bulan 05 2023,32.9,1,4
KPI-1026,Return on Investment,Bulan 06 2023,24.9,3,5
KPI-1027,Return on Investment,Bulan 07 2023,28.4,2,4
KPI-1028,Return on Investment,Bulan 08 2023,24.6,2,5
KPI-1029,Return on Investment,Bulan 09 2023,26.0,2,5
KPI-1030,Return on Investment,Bulan 10 2023,33.4,1,5
KPI-1031,Return on Investment,Bulan 11 2023,26.6,1,4
KPI-1032,Return on Investment,Bulan 12 2023,26.3,1,4
KPI-1033,Return on Investment,Bulan 01 2024,31.9,1,4
KPI-1034,Return on Investment,Bulan 02 2024,32.8,1,4
KPI-1035,Return on Investment,Bulan 03 2024,34.2,1,5
KPI-1036,Return on Investment,Bulan 04 2024,35.3,1,5
KPI-1037,Return on Investment,Bulan 05 2024,38.9,1,5
KPI-1038,Return on Investment,Bulan 06 2024,28.5,2,5
KPI-1039,Return on Investment,Bulan 07 2024,30.9,1,5
KPI-1040,Return on Investment,Bulan 08 2024,24.9,2,5
KPI-1041,Return on Investment,Bulan 09 2024,27.6,2,5
KPI-1042,Return on Investment,Bulan 10 2024,22.9,3,5
KPI-1043,Return on Investment,Bulan 11 2024,24.9,1,5
KPI-1044,Return on Investment,Bulan 12 2024,26.8,2,5
KPI-1045,Return on Investment,Bulan 01 2025,32.5,1,5
KPI-1046,Return on Investment,Bulan 02 2025,34.5,1,5
KPI-1047,Return on Investment,Bulan 03 2025,30.0,1,5
KPI-1048,Return on Investment,Bulan 04 2025,34.3,1,5
KPI-1049,Return on Investment,Bulan 05 2025,31.6,1,5
KPI-1050,Return on Investment,Bulan 06 2025,28.6,1,3
KPI-1051,Return on Investment,Bulan 07 2025,29.4,2,3
KPI-1052,Return on Investment,Bulan 08 2025,27.1,2,4
KPI-1053,Return on Investment,Bulan 09 2025,33.3,1,5
KPI-1054,Return on Investment,Bulan 10 2025,27.2,1,4
KPI-1055,Return on Investment,Bulan 11 2025,22.7,4,5
KPI-1056,Return on Investment,Bulan 12 2025,26.6,2,4
KPI-1057,Monthly Recurring Revenue,Bulan 01 2015,183.5,1,2
KPI-1058,Monthly Recurring Revenue,Bulan 02 2015,189.9,1,1
KPI-1059,Monthly Recurring Revenue,Bulan 03 2015,209.8,1,4
KPI-1060,Monthly Recurring Revenue,Bulan 04 2015,196.4,1,3
KPI-1061,Monthly Recurring Revenue,Bulan 05 2015,193.2,1,3
KPI-1062,Monthly Recurring Revenue,Bulan 06 2015,183.0,2,2
KPI-1063,Monthly Recurring Revenue,Bulan 07 2015,183.9,1,4
KPI-1064,Monthly Recurring Revenue,Bulan 08 2015,174.4,3,3
KPI-1065,Monthly Recurring Revenue,Bulan 09 2015,156.1,3,5
KPI-1066,Monthly Recurring Revenue,Bulan 10 2015,159.5,3,5
KPI-1067,Monthly Recurring Revenue,Bulan 11 2015,156.1,3,5
KPI-1068,Monthly Recurring Revenue,Bulan 12 2015,162.1,2,3
KPI-1069,Monthly Recurring Revenue,Bulan 01 2016,158.8,2,4
KPI-1070,Monthly Recurring Revenue,Bulan 02 2016,185.7,1,3
KPI-1071,Monthly Recurring Revenue,Bulan 03 2016,174.6,2,3
KPI-1072,Monthly Recurring Revenue,Bulan 04 2016,191.8,1,5
KPI-1073,Monthly Recurring Revenue,Bulan 05 2016,187.6,1,5
KPI-1074,Monthly Recurring Revenue,Bulan 06 2016,200.9,1,5
KPI-1075,Monthly Recurring Revenue,Bulan 07 2016,167.1,3,4
KPI-1076,Monthly Recurring Revenue,Bulan 08 2016,161.1,4,5
KPI-1077,Monthly Recurring Revenue,Bulan 09 2016,159.0,4,5
KPI-1078,Monthly Recurring Revenue,Bulan 10 2016,154.2,2,5
KPI-1079,Monthly Recurring Revenue,Bulan 11 2016,180.0,3,4
KPI-1080,Monthly Recurring Revenue,Bulan 12 2016,156.4,3,5
KPI-1081,Monthly Recurring Revenue,Bulan 01 2017,174.5,2,4
KPI-1082,Monthly Recurring Revenue,Bulan 02 2017,192.0,1,4
KPI-1083,Monthly Recurring Revenue,Bulan 03 2017,205.1,1,5
KPI-1084,Monthly Recurring Revenue,Bulan 04 2017,192.4,1,5
KPI-1085,Monthly Recurring Revenue,Bulan 05 2017,171.5,4,5
KPI-1086,Monthly Recurring Revenue,Bulan 06 2017,186.0,2,5
KPI-1087,Monthly Recurring Revenue,Bulan 07 2017,195.0,2,3
KPI-1088,Monthly Recurring Revenue,Bulan 08 2017,173.1,2,3
KPI-1089,Monthly Recurring Revenue,Bulan 09 2017,166.0,3,3
KPI-1090,Monthly Recurring Revenue,Bulan 10 2017,147.9,4,5
KPI-1091,Monthly Recurring Revenue,Bulan 11 2017,149.1,3,5
KPI-1092,Monthly Recurring Revenue,Bulan 12 2017,169.8,2,5
KPI-1093,Monthly Recurring Revenue,Bulan 01 2018,161.4,3,5
KPI-1094,Monthly Recurring Revenue,Bulan 02 2018,196.9,1,5
KPI-1095,Monthly Recurring Revenue,Bulan 03 2018,183.9,2,5
KPI-1096,Monthly Recurring Revenue,Bulan 04 2018,196.1,1,5
KPI-1097,Monthly Recurring Revenue,Bulan 05 2018,171.4,3,5
KPI-1098,Monthly Recurring Revenue,Bulan 06 2018,182.6,1,4
KPI-1099,Monthly Recurring Revenue,Bulan 07 2018,164.1,4,5
KPI-1100,Monthly Recurring Revenue,Bulan 08 2018,141.4,5,5
KPI-1101,Monthly Recurring Revenue,Bulan 09 2018,169.2,2,5
KPI-1102,Monthly Recurring Revenue,Bulan 10 2018,179.9,2,4
KPI-1103,Monthly Recurring Revenue,Bulan 11 2018,176.1,2,4
KPI-1104,Monthly Recurring Revenue,Bulan 12 2018,177.3,3,3
KPI-1105,Monthly Recurring Revenue,Bulan 01 2019,173.1,3,4
KPI-1106,Monthly Recurring Revenue,Bulan 02 2019,196.7,1,5
KPI-1107,Monthly Recurring Revenue,Bulan 03 2019,208.3,1,4
KPI-1108,Monthly Recurring Revenue,Bulan 04 2019,197.6,1,3
KPI-1109,Monthly Recurring Revenue,Bulan 05 2019,179.3,3,4
KPI-1110,Monthly Recurring Revenue,Bulan 06 2019,180.9,4,4
KPI-1111,Monthly Recurring Revenue,Bulan 07 2019,198.3,2,4
KPI-1112,Monthly Recurring Revenue,Bulan 08 2019,167.9,3,5
KPI-1113,Monthly Recurring Revenue,Bulan 09 2019,122.3,4,5
KPI-1114,Monthly Recurring Revenue,Bulan 10 2019,142.1,5,5
KPI-1115,Monthly Recurring Revenue,Bulan 11 2019,157.0,2,5
KPI-1116,Monthly Recurring Revenue,Bulan 12 2019,181.1,3,5
KPI-1117,Monthly Recurring Revenue,Bulan 01 2020,174.3,2,5
KPI-1118,Monthly Recurring Revenue,Bulan 02 2020,199.2,1,5
KPI-1119,Monthly Recurring Revenue,Bulan 03 2020,186.8,2,5
KPI-1120,Monthly Recurring Revenue,Bulan 04 2020,171.9,2,5
KPI-1121,Monthly Recurring Revenue,Bulan 05 2020,187.1,2,3
KPI-1122,Monthly Recurring Revenue,Bulan 06 2020,190.5,1,3
KPI-1123,Monthly Recurring Revenue,Bulan 07 2020,180.5,2,2
KPI-1124,Monthly Recurring Revenue,Bulan 08 2020,153.3,3,4
KPI-1125,Monthly Recurring Revenue,Bulan 09 2020,157.5,4,5
KPI-1126,Monthly Recurring Revenue,Bulan 10 2020,191.5,2,5
KPI-1127,Monthly Recurring Revenue,Bulan 11 2020,146.8,3,5
KPI-1128,Monthly Recurring Revenue,Bulan 12 2020,176.1,2,4
KPI-1129,Monthly Recurring Revenue,Bulan 01 2021,152.0,3,5
KPI-1130,Monthly Recurring Revenue,Bulan 02 2021,196.4,1,5
KPI-1131,Monthly Recurring Revenue,Bulan 03 2021,181.9,2,5
KPI-1132,Monthly Recurring Revenue,Bulan 04 2021,199.8,1,5
KPI-1133,Monthly Recurring Revenue,Bulan 05 2021,177.1,4,5
KPI-1134,Monthly Recurring Revenue,Bulan 06 2021,189.4,1,5
KPI-1135,Monthly Recurring Revenue,Bulan 07 2021,166.0,3,5
KPI-1136,Monthly Recurring Revenue,Bulan 08 2021,159.3,3,4
KPI-1137,Monthly Recurring Revenue,Bulan 09 2021,166.5,3,4
KPI-1138,Monthly Recurring Revenue,Bulan 10 2021,153.6,2,5
KPI-1139,Monthly Recurring Revenue,Bulan 11 2021,165.7,2,4
KPI-1140,Monthly Recurring Revenue,Bulan 12 2021,165.4,3,4
KPI-1141,Monthly Recurring Revenue,Bulan 01 2022,177.4,2,2
KPI-1142,Monthly Recurring Revenue,Bulan 02 2022,190.9,1,5
KPI-1143,Monthly Recurring Revenue,Bulan 03 2022,187.9,1,5
KPI-1144,Monthly Recurring Revenue,Bulan 04 2022,182.6,1,4
KPI-1145,Monthly Recurring Revenue,Bulan 05 2022,185.7,1,3
KPI-1146,Monthly Recurring Revenue,Bulan 06 2022,199.8,1,2
KPI-1147,Monthly Recurring Revenue,Bulan 07 2022,177.8,2,4
KPI-1148,Monthly Recurring Revenue,Bulan 08 2022,157.2,3,4
KPI-1149,Monthly Recurring Revenue,Bulan 09 2022,165.6,3,4
KPI-1150,Monthly Recurring Revenue,Bulan 10 2022,163.9,2,4
KPI-1151,Monthly Recurring Revenue,Bulan 11 2022,166.9,3,4
KPI-1152,Monthly Recurring Revenue,Bulan 12 2022,155.5,2,4
KPI-1153,Monthly Recurring Revenue,Bulan 01 2023,168.0,2,2
KPI-1154,Monthly Recurring Revenue,Bulan 02 2023,177.0,3,3
KPI-1155,Monthly Recurring Revenue,Bulan 03 2023,187.3,1,3
KPI-1156,Monthly Recurring Revenue,Bulan 04 2023,200.5,1,3
KPI-1157,Monthly Recurring Revenue,Bulan 05 2023,195.1,1,5
KPI-1158,Monthly Recurring Revenue,Bulan 06 2023,189.5,1,5
KPI-1159,Monthly Recurring Revenue,Bulan 07 2023,192.2,1,3
KPI-1160,Monthly Recurring Revenue,Bulan 08 2023,175.1,3,2
KPI-1161,Monthly Recurring Revenue,Bulan 09 2023,158.5,4,3
KPI-1162,Monthly Recurring Revenue,Bulan 10 2023,143.6,4,5
KPI-1163,Monthly Recurring Revenue,Bulan 11 2023,151.6,4,5
KPI-1164,Monthly Recurring Revenue,Bulan 12 2023,163.6,2,5
KPI-1165,Monthly Recurring Revenue,Bulan 01 2024,185.6,2,5
KPI-1166,Monthly Recurring Revenue,Bulan 02 2024,184.3,1,5
KPI-1167,Monthly Recurring Revenue,Bulan 03 2024,183.3,2,5
KPI-1168,Monthly Recurring Revenue,Bulan 04 2024,184.8,1,5
KPI-1169,Monthly Recurring Revenue,Bulan 05 2024,190.3,1,4
KPI-1170,Monthly Recurring Revenue,Bulan 06 2024,195.2,1,3
KPI-1171,Monthly Recurring Revenue,Bulan 07 2024,194.5,1,2
KPI-1172,Monthly Recurring Revenue,Bulan 08 2024,163.9,4,2
KPI-1173,Monthly Recurring Revenue,Bulan 09 2024,159.2,4,4
KPI-1174,Monthly Recurring Revenue,Bulan 10 2024,142.8,5,5
KPI-1175,Monthly Recurring Revenue,Bulan 11 2024,183.0,1,5
KPI-1176,Monthly Recurring Revenue,Bulan 12 2024,149.4,2,5
KPI-1177,Monthly Recurring Revenue,Bulan 01 2025,189.3,1,5
KPI-1178,Monthly Recurring Revenue,Bulan 02 2025,179.8,2,5
KPI-1179,Monthly Recurring Revenue,Bulan 03 2025,183.5,1,4
KPI-1180,Monthly Recurring Revenue,Bulan 04 2025,179.8,2,4
KPI-1181,Monthly Recurring Revenue,Bulan 05 2025,219.5,2,5
KPI-1182,Monthly Recurring Revenue,Bulan 06 2025,186.7,1,5
KPI-1183,Monthly Recurring Revenue,Bulan 07 2025,175.2,2,4
KPI-1184,Monthly Recurring Revenue,Bulan 08 2025,176.6,4,5
KPI-1185,Monthly Recurring Revenue,Bulan 09 2025,151.5,3,5
KPI-1186,Monthly Recurring Revenue,Bulan 10 2025,156.9,3,5
KPI-1187,Monthly Recurring Revenue,Bulan 11 2025,159.9,3,5
KPI-1188,Monthly Recurring Revenue,Bulan 12 2025,159.6,2,4
KPI-1189,Employee Turnover Rate,Bulan 01 2015,11.7,2,1
KPI-1190,Employee Turnover Rate,Bulan 02 2015,16.3,3,4
KPI-1191,Employee Turnover Rate,Bulan 03 2015,17.1,2,4
KPI-1192,Employee Turnover Rate,Bulan 04 2015,13.2,1,3
KPI-1193,Employee Turnover Rate,Bulan 05 2015,14.1,1,3
KPI-1194,Employee Turnover Rate,Bulan 06 2015,14.6,2,3
KPI-1195,Employee Turnover Rate,Bulan 07 2015,13.2,1,3
KPI-1196,Employee Turnover Rate,Bulan 08 2015,10.2,1,4
KPI-1197,Employee Turnover Rate,Bulan 09 2015,12.0,1,4
KPI-1198,Employee Turnover Rate,Bulan 10 2015,11.4,2,3
KPI-1199,Employee Turnover Rate,Bulan 11 2015,10.9,1,4
KPI-1200,Employee Turnover Rate,Bulan 12 2015,10.8,1,2
KPI-1201,Employee Turnover Rate,Bulan 01 2016,15.4,3,3
KPI-1202,Employee Turnover Rate,Bulan 02 2016,17.8,3,4
KPI-1203,Employee Turnover Rate,Bulan 03 2016,14.9,3,3
KPI-1204,Employee Turnover Rate,Bulan 04 2016,15.0,3,4
KPI-1205,Employee Turnover Rate,Bulan 05 2016,16.6,2,4
KPI-1206,Employee Turnover Rate,Bulan 06 2016,14.0,1,3
KPI-1207,Employee Turnover Rate,Bulan 07 2016,13.0,1,4
KPI-1208,Employee Turnover Rate,Bulan 08 2016,13.2,2,3
KPI-1209,Employee Turnover Rate,Bulan 09 2016,7.4,1,5
KPI-1210,Employee Turnover Rate,Bulan 10 2016,12.8,2,4
KPI-1211,Employee Turnover Rate,Bulan 11 2016,10.9,1,3
KPI-1212,Employee Turnover Rate,Bulan 12 2016,11.0,3,4
KPI-1213,Employee Turnover Rate,Bulan 01 2017,12.9,1,2
KPI-1214,Employee Turnover Rate,Bulan 02 2017,14.3,2,5
KPI-1215,Employee Turnover Rate,Bulan 03 2017,12.2,2,4
KPI-1216,Employee Turnover Rate,Bulan 04 2017,18.3,3,3
KPI-1217,Employee Turnover Rate,Bulan 05 2017,15.3,2,4
KPI-1218,Employee Turnover Rate,Bulan 06 2017,15.0,3,4
KPI-1219,Employee Turnover Rate,Bulan 07 2017,14.5,1,2
KPI-1220,Employee Turnover Rate,Bulan 08 2017,9.6,1,3
KPI-1221,Employee Turnover Rate,Bulan 09 2017,11.2,1,5
KPI-1222,Employee Turnover Rate,Bulan 10 2017,9.5,1,5
KPI-1223,Employee Turnover Rate,Bulan 11 2017,11.8,3,5
KPI-1224,Employee Turnover Rate,Bulan 12 2017,7.4,1,5
KPI-1225,Employee Turnover Rate,Bulan 01 2018,12.4,2,4
KPI-1226,Employee Turnover Rate,Bulan 02 2018,12.8,1,3
KPI-1227,Employee Turnover Rate,Bulan 03 2018,15.6,3,4
KPI-1228,Employee Turnover Rate,Bulan 04 2018,16.0,3,5
KPI-1229,Employee Turnover Rate,Bulan 05 2018,13.5,1,4
KPI-1230,Employee Turnover Rate,Bulan 06 2018,12.4,1,4
KPI-1231,Employee Turnover Rate,Bulan 07 2018,12.1,2,4
KPI-1232,Employee Turnover Rate,Bulan 08 2018,9.3,1,4
KPI-1233,Employee Turnover Rate,Bulan 09 2018,11.4,1,3
KPI-1234,Employee Turnover Rate,Bulan 10 2018,8.8,1,4
KPI-1235,Employee Turnover Rate,Bulan 11 2018,4.6,1,5
KPI-1236,Employee Turnover Rate,Bulan 12 2018,10.1,2,3
KPI-1237,Employee Turnover Rate,Bulan 01 2019,10.2,1,5
KPI-1238,Employee Turnover Rate,Bulan 02 2019,10.5,2,4
KPI-1239,Employee Turnover Rate,Bulan 03 2019,12.1,1,4
KPI-1240,Employee Turnover Rate,Bulan 04 2019,14.9,3,4
KPI-1241,Employee Turnover Rate,Bulan 05 2019,16.6,3,5
KPI-1242,Employee Turnover Rate,Bulan 06 2019,13.8,1,4
KPI-1243,Employee Turnover Rate,Bulan 07 2019,10.7,1,5
KPI-1244,Employee Turnover Rate,Bulan 08 2019,11.3,1,4
KPI-1245,Employee Turnover Rate,Bulan 09 2019,8.6,1,4
KPI-1246,Employee Turnover Rate,Bulan 10 2019,7.8,1,5
KPI-1247,Employee Turnover Rate,Bulan 11 2019,7.3,1,5
KPI-1248,Employee Turnover Rate,Bulan 12 2019,7.1,1,4
KPI-1249,Employee Turnover Rate,Bulan 01 2020,10.9,2,3
KPI-1250,Employee Turnover Rate,Bulan 02 2020,13.2,2,3
KPI-1251,Employee Turnover Rate,Bulan 03 2020,13.7,3,4
KPI-1252,Employee Turnover Rate,Bulan 04 2020,13.4,2,5
KPI-1253,Employee Turnover Rate,Bulan 05 2020,12.1,1,4
KPI-1254,Employee Turnover Rate,Bulan 06 2020,13.8,1,4
KPI-1255,Employee Turnover Rate,Bulan 07 2020,9.0,1,3
KPI-1256,Employee Turnover Rate,Bulan 08 2020,11.4,1,3
KPI-1257,Employee Turnover Rate,Bulan 09 2020,7.1,1,4
KPI-1258,Employee Turnover Rate,Bulan 10 2020,7.2,1,5
KPI-1259,Employee Turnover Rate,Bulan 11 2020,6.2,1,4
KPI-1260,Employee Turnover Rate,Bulan 12 2020,8.9,1,5
KPI-1261,Employee Turnover Rate,Bulan 01 2021,12.9,2,3
KPI-1262,Employee Turnover Rate,Bulan 02 2021,13.4,2,5
KPI-1263,Employee Turnover Rate,Bulan 03 2021,15.1,3,5
KPI-1264,Employee Turnover Rate,Bulan 04 2021,14.6,2,5
KPI-1265,Employee Turnover Rate,Bulan 05 2021,11.3,1,5
KPI-1266,Employee Turnover Rate,Bulan 06 2021,11.7,1,4
KPI-1267,Employee Turnover Rate,Bulan 07 2021,9.5,1,3
KPI-1268,Employee Turnover Rate,Bulan 08 2021,11.9,1,3
KPI-1269,Employee Turnover Rate,Bulan 09 2021,6.3,1,4
KPI-1270,Employee Turnover Rate,Bulan 10 2021,9.7,1,5
KPI-1271,Employee Turnover Rate,Bulan 11 2021,10.0,1,4
KPI-1272,Employee Turnover Rate,Bulan 12 2021,12.6,2,3
KPI-1273,Employee Turnover Rate,Bulan 01 2022,9.9,1,3
KPI-1274,Employee Turnover Rate,Bulan 02 2022,13.2,2,4
KPI-1275,Employee Turnover Rate,Bulan 03 2022,17.0,3,5
KPI-1276,Employee Turnover Rate,Bulan 04 2022,12.1,2,4
KPI-1277,Employee Turnover Rate,Bulan 05 2022,10.1,1,3
KPI-1278,Employee Turnover Rate,Bulan 06 2022,8.4,1,4
KPI-1279,Employee Turnover Rate,Bulan 07 2022,11.7,2,4
KPI-1280,Employee Turnover Rate,Bulan 08 2022,5.6,1,5
KPI-1281,Employee Turnover Rate,Bulan 09 2022,7.3,1,5
KPI-1282,Employee Turnover Rate,Bulan 10 2022,8.4,1,5
KPI-1283,Employee Turnover Rate,Bulan 11 2022,8.2,1,3
KPI-1284,Employee Turnover Rate,Bulan 12 2022,9.6,1,2
KPI-1285,Employee Turnover Rate,Bulan 01 2023,10.6,2,3
KPI-1286,Employee Turnover Rate,Bulan 02 2023,13.8,2,5
KPI-1287,Employee Turnover Rate,Bulan 03 2023,10.7,2,4
KPI-1288,Employee Turnover Rate,Bulan 04 2023,11.5,2,2
KPI-1289,Employee Turnover Rate,Bulan 05 2023,10.9,1,3
KPI-1290,Employee Turnover Rate,Bulan 06 2023,12.8,3,2
KPI-1291,Employee Turnover Rate,Bulan 07 2023,11.5,1,3
KPI-1292,Employee Turnover Rate,Bulan 08 2023,9.3,1,4
KPI-1293,Employee Turnover Rate,Bulan 09 2023,9.6,1,1
KPI-1294,Employee Turnover Rate,Bulan 10 2023,5.0,1,3
KPI-1295,Employee Turnover Rate,Bulan 11 2023,10.4,1,4
KPI-1296,Employee Turnover Rate,Bulan 12 2023,11.1,1,5
KPI-1297,Employee Turnover Rate,Bulan 01 2024,11.0,2,4
KPI-1298,Employee Turnover Rate,Bulan 02 2024,14.2,3,5
KPI-1299,Employee Turnover Rate,Bulan 03 2024,9.0,1,5
KPI-1300,Employee Turnover Rate,Bulan 04 2024,11.3,1,5
KPI-1301,Employee Turnover Rate,Bulan 05 2024,10.5,1,2
KPI-1302,Employee Turnover Rate,Bulan 06 2024,12.1,2,3
KPI-1303,Employee Turnover Rate,Bulan 07 2024,7.5,1,2
KPI-1304,Employee Turnover Rate,Bulan 08 2024,9.4,1,5
KPI-1305,Employee Turnover Rate,Bulan 09 2024,9.5,1,3
KPI-1306,Employee Turnover Rate,Bulan 10 2024,7.9,1,2
KPI-1307,Employee Turnover Rate,Bulan 11 2024,7.5,1,4
KPI-1308,Employee Turnover Rate,Bulan 12 2024,6.1,1,3
KPI-1309,Employee Turnover Rate,Bulan 01 2025,7.7,1,2
KPI-1310,Employee Turnover Rate,Bulan 02 2025,12.8,3,3
KPI-1311,Employee Turnover Rate,Bulan 03 2025,12.9,3,4
KPI-1312,Employee Turnover Rate,Bulan 04 2025,11.7,2,5
KPI-1313,Employee Turnover Rate,Bulan 05 2025,10.6,1,4
KPI-1314,Employee Turnover Rate,Bulan 06 2025,6.7,1,5
KPI-1315,Employee Turnover Rate,Bulan 07 2025,7.0,1,3
KPI-1316,Employee Turnover Rate,Bulan 08 2025,11.0,1,4
KPI-1317,Employee Turnover Rate,Bulan 09 2025,4.2,1,5
KPI-1318,Employee Turnover Rate,Bulan 10 2025,6.5,1,4
KPI-1319,Employee Turnover Rate,Bulan 11 2025,8.3,1,4
KPI-1320,Employee Turnover Rate,Bulan 12 2025,5.2,1,3
