ID KPI,Nama KPI,Periode,TARGET: Nilai Aktual (%)
SO-IA01,Customer Acquisition Cost,Q1 2024,35.2
SO-IA02,Customer Lifetime Value,Q2 2024,34.8
SO-IA03,Net Promoter Score,Q3 2024,36.1
SO-IA04,Sales Conversion Rate,Q4 2024,35.5
SO-IA05,Employee Turnover Rate,Q1 2025,34.9
SO-IA06,Monthly Recurring Revenue,Q2 2025,33.8
SO-IA07,Customer Retention Rate,Q3 2025,34.5
SO-IA08,Average Order Value,Q4 2025,33.1
SO-IA09,Return on Investment,Q1 2026,33.3
SO-IA010,Gross Profit Margin,Q2 2026,32.9
SO-IA011,Customer Retention Rate,Q3 2026,32.5
SO-IA012,Employee Turnover Rate,Q4 2026,32.1
SO-IA013,Customer Retention Rate,Q1 2027,32.9
SO-IA014,Customer Acquisition Cost,Q2 2027,35.3
SO-IA015,Employee Turnover Rate,Q3 2027,36.9
SO-IA016,Monthly Recurring Revenue,Q4 2027,35.3
SO-IA017,Customer Retention Rate,Q1 2028,37.0
SO-IA018,Customer Lifetime Value,Q2 2028,35.2
SO-IA019,Customer Lifetime Value,Q3 2028,33.0
SO-IA020,Customer Retention Rate,Q4 2028,35.6
SO-IA021,Sales Conversion Rate,Q1 2029,36.9
SO-IA022,Sales Conversion Rate,Q2 2029,34.5
SO-IA023,Monthly Recurring Revenue,Q3 2029,33.3
SO-IA024,Customer Retention Rate,Q4 2029,34.6
SO-IA025,Customer Lifetime Value,Q1 2030,32.9
SO-IA026,Sales Conversion Rate,Q2 2030,32.7
SO-IA027,Net Promoter Score,Q3 2030,35.6
SO-IA028,Net Promoter Score,Q4 2030,34.8
SO-IA029,Net Promoter Score,Q1 2031,36.2
SO-IA030,Customer Acquisition Cost,Q2 2031,36.7
SO-IA031,Return on Investment,Q3 2031,33.1
SO-IA032,Customer Acquisition Cost,Q4 2031,32.0
SO-IA033,Net Promoter Score,Q1 2032,36.4
SO-IA034,Customer Retention Rate,Q2 2032,32.5
SO-IA035,Return on Investment,Q3 2032,33.6
SO-IA036,Monthly Recurring Revenue,Q4 2032,35.9
SO-IA037,Net Promoter Score,Q1 2033,36.9
SO-IA038,Sales Conversion Rate,Q2 2033,35.9
SO-IA039,Employee Turnover Rate,Q3 2033,35.6
SO-IA040,Customer Lifetime Value,Q4 2033,32.6
SO-IA041,Customer Acquisition Cost,Q1 2034,32.0
SO-IA042,Customer Retention Rate,Q2 2034,34.2
SO-IA043,Customer Lifetime Value,Q3 2034,33.8
SO-IA044,Customer Acquisition Cost,Q4 2034,36.1
SO-IA045,Customer Retention Rate,Q1 2035,36.8
SO-IA046,Gross Profit Margin,Q2 2035,32.9
SO-IA047,Customer Retention Rate,Q3 2035,34.8
SO-IA048,Gross Profit Margin,Q4 2035,35.7
SO-IA049,Customer Acquisition Cost,Q1 2036,34.6
SO-IA050,Return on Investment,Q2 2036,35.6
SO-IA051,Monthly Recurring Revenue,Q3 2036,34.9
SO-IA052,Customer Acquisition Cost,Q4 2036,34.1
SO-IA053,Customer Retention Rate,Q1 2037,34.1
SO-IA054,Customer Lifetime Value,Q2 2037,32.9
SO-IA055,Customer Lifetime Value,Q3 2037,35.5
SO-IA056,Customer Lifetime Value,Q4 2037,32.9
SO-IA057,Net Promoter Score,Q1 2038,33.7
SO-IA058,Monthly Recurring Revenue,Q2 2038,33.4
SO-IA059,Monthly Recurring Revenue,Q3 2038,35.2
SO-IA060,Return on Investment,Q4 2038,34.3
SO-IA061,Monthly Recurring Revenue,Q1 2039,36.5
SO-IA062,Average Order Value,Q2 2039,33.1
SO-IA063,Monthly Recurring Revenue,Q3 2039,36.5
SO-IA064,Customer Retention Rate,Q4 2039,33.9
SO-IA065,Customer Lifetime Value,Q1 2040,36.1
SO-IA066,Net Promoter Score,Q2 2040,36.2
SO-IA067,Sales Conversion Rate,Q3 2040,33.5
SO-IA068,Sales Conversion Rate,Q4 2040,35.6
SO-IA069,Net Promoter Score,Q1 2041,33.3
SO-IA070,Customer Acquisition Cost,Q2 2041,32.4
SO-IA071,Net Promoter Score,Q3 2041,36.8
SO-IA072,Customer Lifetime Value,Q4 2041,36.6
SO-IA073,Customer Lifetime Value,Q1 2042,34.3
SO-IA074,Employee Turnover Rate,Q2 2042,36.4
SO-IA075,Customer Lifetime Value,Q3 2042,35.1
SO-IA076,Gross Profit Margin,Q4 2042,33.2
SO-IA077,Customer Lifetime Value,Q1 2043,35.5
SO-IA078,Return on Investment,Q2 2043,35.6
SO-IA079,Gross Profit Margin,Q3 2043,36.2
SO-IA080,Average Order Value,Q4 2043,35.0
SO-IA081,Employee Turnover Rate,Q1 2044,32.2
SO-IA082,Customer Retention Rate,Q2 2044,34.8
SO-IA083,Net Promoter Score,Q3 2044,34.9
SO-IA084,Customer Lifetime Value,Q4 2044,34.5
SO-IA085,Customer Acquisition Cost,Q1 2045,32.7
SO-IA086,Sales Conversion Rate,Q2 2045,35.4
SO-IA087,Sales Conversion Rate,Q3 2045,34.8
SO-IA088,Customer Acquisition Cost,Q4 2045,33.6
SO-IA089,Sales Conversion Rate,Q1 2046,36.5
SO-IA090,Gross Profit Margin,Q2 2046,36.8
SO-IA091,Gross Profit Margin,Q3 2046,33.8
SO-IA092,Net Promoter Score,Q4 2046,36.3
SO-IA093,Net Promoter Score,Q1 2047,35.8
SO-IA094,Return on Investment,Q2 2047,33.1
SO-IA095,Employee Turnover Rate,Q3 2047,34.6
SO-IA096,Customer Retention Rate,Q4 2047,33.3
SO-IA097,Net Promoter Score,Q1 2048,34.9
SO-IA098,Employee Turnover Rate,Q2 2048,35.7
SO-IA099,Sales Conversion Rate,Q3 2048,34.5
SO-IA0100,Customer Lifetime Value,Q4 2048,33.1
SO-IA0101,Sales Conversion Rate,Q1 2049,36.6
SO-IA0102,Gross Profit Margin,Q2 2049,33.0
SO-IA0103,Customer Acquisition Cost,Q3 2049,35.5
SO-IA0104,Return on Investment,Q4 2049,35.9
SO-IA0105,Employee Turnover Rate,Q1 2050,35.7
SO-IA0106,Customer Acquisition Cost,Q2 2050,36.2
SO-IA0107,Monthly Recurring Revenue,Q3 2050,32.3
SO-IA0108,Net Promoter Score,Q4 2050,33.3
SO-IA0109,Sales Conversion Rate,Q1 2051,34.7
SO-IA0110,Customer Acquisition Cost,Q2 2051,34.5
SO-IA0111,Customer Acquisition Cost,Q3 2051,36.0
SO-IA0112,Customer Retention Rate,Q4 2051,34.4
SO-IA0113,Return on Investment,Q1 2052,32.2
SO-IA0114,Monthly Recurring Revenue,Q2 2052,34.2
SO-IA0115,Sales Conversion Rate,Q3 2052,36.1
SO-IA0116,Average Order Value,Q4 2052,32.6
SO-IA0117,Customer Acquisition Cost,Q1 2053,36.4
SO-IA0118,Sales Conversion Rate,Q2 2053,34.2
SO-IA0119,Gross Profit Margin,Q3 2053,33.7
SO-IA0120,Customer Lifetime Value,Q4 2053,34.5
SO-IA0121,Customer Lifetime Value,Q1 2054,35.3
SO-IA0122,Customer Retention Rate,Q2 2054,34.0
SO-IA0123,Customer Lifetime Value,Q3 2054,34.6
SO-IA0124,Customer Acquisition Cost,Q4 2054,33.8
SO-IA0125,Net Promoter Score,Q1 2055,33.3
SO-IA0126,Customer Retention Rate,Q2 2055,34.7
SO-IA0127,Return on Investment,Q3 2055,33.6
SO-IA0128,Customer Acquisition Cost,Q4 2055,35.7
SO-IA0129,Customer Lifetime Value,Q1 2056,33.6
SO-IA0130,Sales Conversion Rate,Q2 2056,33.3
SO-IA0131,Gross Profit Margin,Q3 2056,36.4
SO-IA0132,Employee Turnover Rate,Q4 2056,34.4
SO-IA0133,Net Promoter Score,Q1 2057,32.1
SO-IA0134,Employee Turnover Rate,Q2 2057,34.1
SO-IA0135,Sales Conversion Rate,Q3 2057,36.3
SO-IA0136,Monthly Recurring Revenue,Q4 2057,35.1
SO-IA0137,Net Promoter Score,Q1 2058,32.9
SO-IA0138,Customer Lifetime Value,Q2 2058,36.5
SO-IA0139,Sales Conversion Rate,Q3 2058,33.1
SO-IA0140,Sales Conversion Rate,Q4 2058,33.3
SO-IA0141,Sales Conversion Rate,Q1 2059,36.7
SO-IA0142,Gross Profit Margin,Q2 2059,36.4
SO-IA0143,Sales Conversion Rate,Q3 2059,36.9
SO-IA0144,Monthly Recurring Revenue,Q4 2059,36.6
SO-IA0145,Monthly Recurring Revenue,Q1 2060,32.3
SO-IA0146,Customer Retention Rate,Q2 2060,36.8
SO-IA0147,Net Promoter Score,Q3 2060,35.2
SO-IA0148,Average Order Value,Q4 2060,36.5
SO-IA0149,Customer Retention Rate,Q1 2061,36.1
SO-IA0150,Average Order Value,Q2 2061,34.0
SO-IA0151,Net Promoter Score,Q3 2061,34.2
SO-IA0152,Employee Turnover Rate,Q4 2061,33.4
SO-IA0153,Sales Conversion Rate,Q1 2062,34.7
SO-IA0154,Customer Lifetime Value,Q2 2062,34.2
SO-IA0155,Average Order Value,Q3 2062,36.8
SO-IA0156,Monthly Recurring Revenue,Q4 2062,35.2
SO-IA0157,Customer Lifetime Value,Q1 2063,32.4
SO-IA0158,Customer Lifetime Value,Q2 2063,34.5
SO-IA0159,Return on Investment,Q3 2063,33.4
SO-IA0160,Customer Retention Rate,Q4 2063,35.4
SO-IA0161,Customer Acquisition Cost,Q1 2064,32.8
SO-IA0162,Customer Lifetime Value,Q2 2064,36.7
SO-IA0163,Return on Investment,Q3 2064,32.7
SO-IA0164,Monthly Recurring Revenue,Q4 2064,32.4
SO-IA0165,Average Order Value,Q1 2065,32.9
SO-IA0166,Employee Turnover Rate,Q2 2065,36.4
SO-IA0167,Sales Conversion Rate,Q3 2065,34.4
SO-IA0168,Net Promoter Score,Q4 2065,33.1
SO-IA0169,Net Promoter Score,Q1 2066,35.9
SO-IA0170,Net Promoter Score,Q2 2066,35.4
SO-IA0171,Average Order Value,Q3 2066,36.1
SO-IA0172,Customer Acquisition Cost,Q4 2066,36.6
SO-IA0173,Customer Lifetime Value,Q1 2067,36.1
SO-IA0174,Average Order Value,Q2 2067,32.4
SO-IA0175,Gross Profit Margin,Q3 2067,36.8
SO-IA0176,Sales Conversion Rate,Q4 2067,34.2
SO-IA0177,Gross Profit Margin,Q1 2068,35.0
SO-IA0178,Employee Turnover Rate,Q2 2068,32.6
SO-IA0179,Employee Turnover Rate,Q3 2068,32.6
SO-IA0180,Customer Lifetime Value,Q4 2068,33.7
SO-IA0181,Sales Conversion Rate,Q1 2069,36.0
SO-IA0182,Monthly Recurring Revenue,Q2 2069,33.0
SO-IA0183,Average Order Value,Q3 2069,35.5
SO-IA0184,Gross Profit Margin,Q4 2069,34.4
SO-IA0185,Return on Investment,Q1 2070,35.1
SO-IA0186,Gross Profit Margin,Q2 2070,36.8
SO-IA0187,Gross Profit Margin,Q3 2070,36.2
SO-IA0188,Average Order Value,Q4 2070,34.3
SO-IA0189,Monthly Recurring Revenue,Q1 2071,36.6
SO-IA0190,Employee Turnover Rate,Q2 2071,36.7
SO-IA0191,Customer Acquisition Cost,Q3 2071,35.6
SO-IA0192,Net Promoter Score,Q4 2071,35.7
SO-IA0193,Sales Conversion Rate,Q1 2072,33.8
SO-IA0194,Gross Profit Margin,Q2 2072,34.9
SO-IA0195,Customer Lifetime Value,Q3 2072,36.1
SO-IA0196,Gross Profit Margin,Q4 2072,35.3
SO-IA0197,Monthly Recurring Revenue,Q1 2073,35.8
SO-IA0198,Employee Turnover Rate,Q2 2073,36.6
SO-IA0199,Net Promoter Score,Q3 2073,33.9
SO-IA0200,Return on Investment,Q4 2073,34.8
SO-IA0201,Sales Conversion Rate,Q1 2074,33.8
SO-IA0202,Customer Acquisition Cost,Q2 2074,34.8
SO-IA0203,Return on Investment,Q3 2074,36.8
SO-IA0204,Net Promoter Score,Q4 2074,34.3
SO-IA0205,Return on Investment,Q1 2075,36.2
SO-IA0206,Sales Conversion Rate,Q2 2075,32.6
SO-IA0207,Net Promoter Score,Q3 2075,32.1
SO-IA0208,Gross Profit Margin,Q4 2075,34.4
SO-IA0209,Employee Turnover Rate,Q1 2076,34.9
SO-IA0210,Customer Lifetime Value,Q2 2076,34.9
SO-IA0211,Gross Profit Margin,Q3 2076,33.2
SO-IA0212,Sales Conversion Rate,Q4 2076,35.0
SO-IA0213,Employee Turnover Rate,Q1 2077,34.8
SO-IA0214,Customer Lifetime Value,Q2 2077,36.1
SO-IA0215,Monthly Recurring Revenue,Q3 2077,32.6
SO-IA0216,Gross Profit Margin,Q4 2077,35.5
SO-IA0217,Net Promoter Score,Q1 2078,35.1
SO-IA0218,Average Order Value,Q2 2078,35.7
SO-IA0219,Sales Conversion Rate,Q3 2078,35.8
SO-IA0220,Customer Lifetime Value,Q4 2078,32.5
SO-IA0221,Employee Turnover Rate,Q1 2079,36.8
SO-IA0222,Return on Investment,Q2 2079,33.7
SO-IA0223,Gross Profit Margin,Q3 2079,32.5
SO-IA0224,Average Order Value,Q4 2079,33.3
SO-IA0225,Sales Conversion Rate,Q1 2080,36.1
SO-IA0226,Monthly Recurring Revenue,Q2 2080,34.5
SO-IA0227,Gross Profit Margin,Q3 2080,34.4
SO-IA0228,Customer Lifetime Value,Q4 2080,35.5
SO-IA0229,Net Promoter Score,Q1 2081,33.5
SO-IA0230,Gross Profit Margin,Q2 2081,35.9
SO-IA0231,Net Promoter Score,Q3 2081,36.8
SO-IA0232,Gross Profit Margin,Q4 2081,34.9
SO-IA0233,Employee Turnover Rate,Q1 2082,32.9
SO-IA0234,Customer Lifetime Value,Q2 2082,34.7
SO-IA0235,Average Order Value,Q3 2082,34.2
SO-IA0236,Return on Investment,Q4 2082,32.5
SO-IA0237,Customer Lifetime Value,Q1 2083,36.2
SO-IA0238,Sales Conversion Rate,Q2 2083,32.2
SO-IA0239,Customer Lifetime Value,Q3 2083,32.4
SO-IA0240,Monthly Recurring Revenue,Q4 2083,35.3
SO-IA0241,Customer Acquisition Cost,Q1 2084,35.9
SO-IA0242,Average Order Value,Q2 2084,32.2
SO-IA0243,Customer Retention Rate,Q3 2084,34.1
SO-IA0244,Customer Acquisition Cost,Q4 2084,34.8
SO-IA0245,Average Order Value,Q1 2085,33.9
SO-IA0246,Customer Acquisition Cost,Q2 2085,33.1
SO-IA0247,Monthly Recurring Revenue,Q3 2085,36.2
SO-IA0248,Return on Investment,Q4 2085,32.8
SO-IA0249,Sales Conversion Rate,Q1 2086,34.6
SO-IA0250,Sales Conversion Rate,Q2 2086,34.6
SO-IA0251,Gross Profit Margin,Q3 2086,34.2
SO-IA0252,Employee Turnover Rate,Q4 2086,36.2
SO-IA0253,Average Order Value,Q1 2087,34.4
SO-IA0254,Return on Investment,Q2 2087,32.8
SO-IA0255,Net Promoter Score,Q3 2087,32.5
SO-IA0256,Average Order Value,Q4 2087,35.8
SO-IA0257,Average Order Value,Q1 2088,35.8
SO-IA0258,Customer Lifetime Value,Q2 2088,33.2
SO-IA0259,Monthly Recurring Revenue,Q3 2088,34.6
SO-IA0260,Customer Lifetime Value,Q4 2088,35.6
SO-IA0261,Customer Retention Rate,Q1 2089,33.6
SO-IA0262,Customer Acquisition Cost,Q2 2089,34.2
SO-IA0263,Monthly Recurring Revenue,Q3 2089,34.1
SO-IA0264,Sales Conversion Rate,Q4 2089,32.0
SO-IA0265,Average Order Value,Q1 2090,35.0
SO-IA0266,Customer Lifetime Value,Q2 2090,34.0
SO-IA0267,Net Promoter Score,Q3 2090,34.6
SO-IA0268,Return on Investment,Q4 2090,35.3
SO-IA0269,Net Promoter Score,Q1 2091,35.8
SO-IA0270,Sales Conversion Rate,Q2 2091,33.5
SO-IA0271,Return on Investment,Q3 2091,36.2
SO-IA0272,Gross Profit Margin,Q4 2091,33.5
SO-IA0273,Sales Conversion Rate,Q1 2092,36.0
SO-IA0274,Employee Turnover Rate,Q2 2092,32.1
SO-IA0275,Return on Investment,Q3 2092,32.8
SO-IA0276,Customer Lifetime Value,Q4 2092,37.0
SO-IA0277,Sales Conversion Rate,Q1 2093,37.0
SO-IA0278,Sales Conversion Rate,Q2 2093,34.2
SO-IA0279,Employee Turnover Rate,Q3 2093,34.1
SO-IA0280,Customer Retention Rate,Q4 2093,35.2
SO-IA0281,Average Order Value,Q1 2094,33.7
SO-IA0282,Monthly Recurring Revenue,Q2 2094,33.5
SO-IA0283,Customer Lifetime Value,Q3 2094,33.9
SO-IA0284,Employee Turnover Rate,Q4 2094,35.9
SO-IA0285,Sales Conversion Rate,Q1 2095,35.9
SO-IA0286,Customer Acquisition Cost,Q2 2095,33.8
SO-IA0287,Customer Lifetime Value,Q3 2095,36.3
SO-IA0288,Employee Turnover Rate,Q4 2095,34.2
SO-IA0289,Return on Investment,Q1 2096,35.0
SO-IA0290,Average Order Value,Q2 2096,33.8
SO-IA0291,Average Order Value,Q3 2096,36.1
SO-IA0292,Customer Acquisition Cost,Q4 2096,35.1
SO-IA0293,Return on Investment,Q1 2097,33.1
SO-IA0294,Employee Turnover Rate,Q2 2097,35.9
SO-IA0295,Customer Retention Rate,Q3 2097,32.3
SO-IA0296,Customer Lifetime Value,Q4 2097,34.6
SO-IA0297,Net Promoter Score,Q1 2098,32.9
SO-IA0298,Customer Lifetime Value,Q2 2098,32.9
SO-IA0299,Average Order Value,Q3 2098,35.7
SO-IA0300,Customer Acquisition Cost,Q4 2098,34.7
SO-IA0301,Customer Retention Rate,Q1 2099,34.8
SO-IA0302,Monthly Recurring Revenue,Q2 2099,34.9
SO-IA0303,Monthly Recurring Revenue,Q3 2099,33.5
SO-IA0304,Gross Profit Margin,Q4 2099,32.0
SO-IA0305,Net Promoter Score,Q1 2100,37.0
SO-IA0306,Employee Turnover Rate,Q2 2100,36.7
SO-IA0307,Net Promoter Score,Q3 2100,32.0
SO-IA0308,Sales Conversion Rate,Q4 2100,32.3
SO-IA0309,Customer Retention Rate,Q1 2101,34.9
SO-IA0310,Customer Lifetime Value,Q2 2101,36.1
SO-IA0311,Employee Turnover Rate,Q3 2101,33.4
SO-IA0312,Return on Investment,Q4 2101,36.3
SO-IA0313,Sales Conversion Rate,Q1 2102,34.1
SO-IA0314,Customer Retention Rate,Q2 2102,36.2
SO-IA0315,Average Order Value,Q3 2102,36.8
SO-IA0316,Monthly Recurring Revenue,Q4 2102,36.9
SO-IA0317,Gross Profit Margin,Q1 2103,33.9
SO-IA0318,Customer Lifetime Value,Q2 2103,33.2
SO-IA0319,Monthly Recurring Revenue,Q3 2103,34.9
SO-IA0320,Average Order Value,Q4 2103,32.7
SO-IA0321,Customer Lifetime Value,Q1 2104,33.3
SO-IA0322,Customer Acquisition Cost,Q2 2104,35.0
SO-IA0323,Customer Lifetime Value,Q3 2104,36.6
SO-IA0324,Gross Profit Margin,Q4 2104,33.7
SO-IA0325,Net Promoter Score,Q1 2105,34.9
SO-IA0326,Customer Acquisition Cost,Q2 2105,32.1
SO-IA0327,Net Promoter Score,Q3 2105,36.5
SO-IA0328,Sales Conversion Rate,Q4 2105,33.1
SO-IA0329,Monthly Recurring Revenue,Q1 2106,36.2
SO-IA0330,Net Promoter Score,Q2 2106,36.3
SO-IA0331,Sales Conversion Rate,Q3 2106,32.4
SO-IA0332,Gross Profit Margin,Q4 2106,36.8
SO-IA0333,Monthly Recurring Revenue,Q1 2107,35.1
SO-IA0334,Return on Investment,Q2 2107,35.1
SO-IA0335,Gross Profit Margin,Q3 2107,33.7
SO-IA0336,Sales Conversion Rate,Q4 2107,35.8
SO-IA0337,Net Promoter Score,Q1 2108,36.6
SO-IA0338,Return on Investment,Q2 2108,32.9
SO-IA0339,Customer Lifetime Value,Q3 2108,36.1
SO-IA0340,Customer Retention Rate,Q4 2108,32.9
SO-IA0341,Monthly Recurring Revenue,Q1 2109,33.0
SO-IA0342,Net Promoter Score,Q2 2109,34.8
SO-IA0343,Return on Investment,Q3 2109,34.7
SO-IA0344,Customer Acquisition Cost,Q4 2109,36.6
SO-IA0345,Customer Retention Rate,Q1 2110,35.7
SO-IA0346,Return on Investment,Q2 2110,34.4
SO-IA0347,Customer Acquisition Cost,Q3 2110,35.1
SO-IA0348,Net Promoter Score,Q4 2110,35.2
SO-IA0349,Gross Profit Margin,Q1 2111,33.7
SO-IA0350,Return on Investment,Q2 2111,35.0
SO-IA0351,Customer Lifetime Value,Q3 2111,33.8
SO-IA0352,Sales Conversion Rate,Q4 2111,33.3
SO-IA0353,Monthly Recurring Revenue,Q1 2112,34.6
SO-IA0354,Net Promoter Score,Q2 2112,32.9
SO-IA0355,Net Promoter Score,Q3 2112,33.6
SO-IA0356,Average Order Value,Q4 2112,35.4
SO-IA0357,Sales Conversion Rate,Q1 2113,35.0
SO-IA0358,Customer Acquisition Cost,Q2 2113,33.2
SO-IA0359,Monthly Recurring Revenue,Q3 2113,34.9
SO-IA0360,Gross Profit Margin,Q4 2113,33.0
SO-IA0361,Average Order Value,Q1 2114,34.3
SO-IA0362,Customer Retention Rate,Q2 2114,33.0
SO-IA0363,Customer Acquisition Cost,Q3 2114,34.1
SO-IA0364,Customer Acquisition Cost,Q4 2114,33.6
SO-IA0365,Sales Conversion Rate,Q1 2115,33.0
SO-IA0366,Customer Retention Rate,Q2 2115,34.8
SO-IA0367,Customer Acquisition Cost,Q3 2115,35.7
SO-IA0368,Customer Lifetime Value,Q4 2115,32.3
SO-IA0369,Employee Turnover Rate,Q1 2116,35.9
SO-IA0370,Average Order Value,Q2 2116,35.6
SO-IA0371,Customer Lifetime Value,Q3 2116,33.0
SO-IA0372,Sales Conversion Rate,Q4 2116,36.2
SO-IA0373,Sales Conversion Rate,Q1 2117,33.9
SO-IA0374,Customer Acquisition Cost,Q2 2117,34.2
SO-IA0375,Gross Profit Margin,Q3 2117,36.4
SO-IA0376,Customer Lifetime Value,Q4 2117,32.9
SO-IA0377,Gross Profit Margin,Q1 2118,34.4
SO-IA0378,Customer Retention Rate,Q2 2118,33.3
SO-IA0379,Sales Conversion Rate,Q3 2118,34.5
SO-IA0380,Monthly Recurring Revenue,Q4 2118,35.8
SO-IA0381,Employee Turnover Rate,Q1 2119,32.5
SO-IA0382,Customer Lifetime Value,Q2 2119,36.8
SO-IA0383,Sales Conversion Rate,Q3 2119,32.8
SO-IA0384,Monthly Recurring Revenue,Q4 2119,33.5
SO-IA0385,Sales Conversion Rate,Q1 2120,35.8
SO-IA0386,Average Order Value,Q2 2120,34.4
SO-IA0387,Monthly Recurring Revenue,Q3 2120,32.7
SO-IA0388,Gross Profit Margin,Q4 2120,34.4
SO-IA0389,Customer Lifetime Value,Q1 2121,36.2
SO-IA0390,Gross Profit Margin,Q2 2121,34.1
SO-IA0391,Return on Investment,Q3 2121,34.2
SO-IA0392,Average Order Value,Q4 2121,34.7
SO-IA0393,Monthly Recurring Revenue,Q1 2122,35.0
SO-IA0394,Net Promoter Score,Q2 2122,32.0
SO-IA0395,Average Order Value,Q3 2122,32.3
SO-IA0396,Gross Profit Margin,Q4 2122,36.6
SO-IA0397,Employee Turnover Rate,Q1 2123,33.4
SO-IA0398,Average Order Value,Q2 2123,33.2
SO-IA0399,Customer Retention Rate,Q3 2123,33.4
SO-IA0400,Average Order Value,Q4 2123,34.4
SO-IA0401,Average Order Value,Q1 2124,33.9
SO-IA0402,Customer Acquisition Cost,Q2 2124,36.0
SO-IA0403,Net Promoter Score,Q3 2124,32.8
SO-IA0404,Gross Profit Margin,Q4 2124,32.3
SO-IA0405,Net Promoter Score,Q1 2125,36.7
SO-IA0406,Customer Acquisition Cost,Q2 2125,36.2
SO-IA0407,Net Promoter Score,Q3 2125,36.5
SO-IA0408,Customer Acquisition Cost,Q4 2125,32.9
SO-IA0409,Average Order Value,Q1 2126,32.1
SO-IA0410,Monthly Recurring Revenue,Q2 2126,32.3
SO-IA0411,Gross Profit Margin,Q3 2126,32.8
SO-IA0412,Monthly Recurring Revenue,Q4 2126,36.8
SO-IA0413,Average Order Value,Q1 2127,32.9
SO-IA0414,Customer Retention Rate,Q2 2127,33.1
SO-IA0415,Monthly Recurring Revenue,Q3 2127,33.0
SO-IA0416,Return on Investment,Q4 2127,33.5
SO-IA0417,Average Order Value,Q1 2128,36.7
SO-IA0418,Customer Retention Rate,Q2 2128,36.1
SO-IA0419,Monthly Recurring Revenue,Q3 2128,36.3
SO-IA0420,Customer Retention Rate,Q4 2128,36.8
SO-IA0421,Customer Acquisition Cost,Q1 2129,32.8
SO-IA0422,Return on Investment,Q2 2129,34.3
SO-IA0423,Customer Retention Rate,Q3 2129,36.7
SO-IA0424,Net Promoter Score,Q4 2129,33.9
SO-IA0425,Customer Lifetime Value,Q1 2130,34.4
SO-IA0426,Employee Turnover Rate,Q2 2130,34.3
SO-IA0427,Employee Turnover Rate,Q3 2130,35.9
SO-IA0428,Monthly Recurring Revenue,Q4 2130,36.6
SO-IA0429,Gross Profit Margin,Q1 2131,34.7
SO-IA0430,Monthly Recurring Revenue,Q2 2131,32.1
SO-IA0431,Customer Lifetime Value,Q3 2131,33.1
SO-IA0432,Customer Retention Rate,Q4 2131,33.4
SO-IA0433,Monthly Recurring Revenue,Q1 2132,32.5
SO-IA0434,Customer Retention Rate,Q2 2132,36.4
SO-IA0435,Sales Conversion Rate,Q3 2132,33.0
SO-IA0436,Customer Acquisition Cost,Q4 2132,35.5
SO-IA0437,Average Order Value,Q1 2133,32.6
SO-IA0438,Gross Profit Margin,Q2 2133,32.4
SO-IA0439,Customer Lifetime Value,Q3 2133,34.6
SO-IA0440,Customer Acquisition Cost,Q4 2133,32.2
SO-IA0441,Sales Conversion Rate,Q1 2134,32.3
SO-IA0442,Gross Profit Margin,Q2 2134,33.7
SO-IA0443,Return on Investment,Q3 2134,34.9
SO-IA0444,Employee Turnover Rate,Q4 2134,34.5
SO-IA0445,Return on Investment,Q1 2135,34.5
SO-IA0446,Customer Lifetime Value,Q2 2135,34.1
SO-IA0447,Customer Retention Rate,Q3 2135,34.4
SO-IA0448,Net Promoter Score,Q4 2135,35.8
SO-IA0449,Gross Profit Margin,Q1 2136,35.6
SO-IA0450,Employee Turnover Rate,Q2 2136,35.4
SO-IA0451,Sales Conversion Rate,Q3 2136,34.2
SO-IA0452,Net Promoter Score,Q4 2136,34.0
SO-IA0453,Monthly Recurring Revenue,Q1 2137,32.1
SO-IA0454,Customer Acquisition Cost,Q2 2137,35.3
SO-IA0455,Gross Profit Margin,Q3 2137,32.9
SO-IA0456,Monthly Recurring Revenue,Q4 2137,34.0
SO-IA0457,Sales Conversion Rate,Q1 2138,33.6
SO-IA0458,Net Promoter Score,Q2 2138,36.4
SO-IA0459,Sales Conversion Rate,Q3 2138,36.4
SO-IA0460,Customer Acquisition Cost,Q4 2138,34.5
SO-IA0461,Monthly Recurring Revenue,Q1 2139,35.8
SO-IA0462,Customer Retention Rate,Q2 2139,35.4
SO-IA0463,Customer Acquisition Cost,Q3 2139,36.9
SO-IA0464,Net Promoter Score,Q4 2139,34.4
SO-IA0465,Customer Acquisition Cost,Q1 2140,33.1
SO-IA0466,Return on Investment,Q2 2140,36.9
SO-IA0467,Customer Acquisition Cost,Q3 2140,33.8
SO-IA0468,Customer Lifetime Value,Q4 2140,33.8
SO-IA0469,Monthly Recurring Revenue,Q1 2141,36.6
SO-IA0470,Return on Investment,Q2 2141,36.1
SO-IA0471,Sales Conversion Rate,Q3 2141,36.1
SO-IA0472,Average Order Value,Q4 2141,36.5
SO-IA0473,Average Order Value,Q1 2142,36.6
SO-IA0474,Employee Turnover Rate,Q2 2142,35.7
SO-IA0475,Customer Acquisition Cost,Q3 2142,34.4
SO-IA0476,Gross Profit Margin,Q4 2142,34.8
SO-IA0477,Monthly Recurring Revenue,Q1 2143,35.9
SO-IA0478,Net Promoter Score,Q2 2143,36.4
SO-IA0479,Return on Investment,Q3 2143,34.8
SO-IA0480,Sales Conversion Rate,Q4 2143,35.5
SO-IA0481,Net Promoter Score,Q1 2144,36.5
SO-IA0482,Customer Lifetime Value,Q2 2144,36.8
SO-IA0483,Gross Profit Margin,Q3 2144,35.5
SO-IA0484,Employee Turnover Rate,Q4 2144,36.6
SO-IA0485,Gross Profit Margin,Q1 2145,36.3
SO-IA0486,Customer Acquisition Cost,Q2 2145,33.5
SO-IA0487,Gross Profit Margin,Q3 2145,36.5
SO-IA0488,Return on Investment,Q4 2145,34.1
SO-IA0489,Gross Profit Margin,Q1 2146,35.6
SO-IA0490,Employee Turnover Rate,Q2 2146,35.1
SO-IA0491,Net Promoter Score,Q3 2146,35.1
SO-IA0492,Net Promoter Score,Q4 2146,33.5
SO-IA0493,Customer Lifetime Value,Q1 2147,33.0
SO-IA0494,Average Order Value,Q2 2147,35.3
SO-IA0495,Return on Investment,Q3 2147,32.3
SO-IA0496,Return on Investment,Q4 2147,36.8
SO-IA0497,Customer Acquisition Cost,Q1 2148,34.8
SO-IA0498,Net Promoter Score,Q2 2148,32.2
SO-IA0499,Sales Conversion Rate,Q3 2148,36.3
SO-IA0500,Sales Conversion Rate,Q4 2148,33.3
SO-IA0501,Employee Turnover Rate,Q1 2149,35.5
SO-IA0502,Average Order Value,Q2 2149,36.6
SO-IA0503,Customer Lifetime Value,Q3 2149,36.8
SO-IA0504,Average Order Value,Q4 2149,35.7
SO-IA0505,Customer Retention Rate,Q1 2150,33.2
SO-IA0506,Gross Profit Margin,Q2 2150,33.7
SO-IA0507,Net Promoter Score,Q3 2150,36.0
SO-IA0508,Employee Turnover Rate,Q4 2150,36.6
SO-IA0509,Sales Conversion Rate,Q1 2151,32.6
SO-IA0510,Return on Investment,Q2 2151,34.7
SO-IA0511,Monthly Recurring Revenue,Q3 2151,35.2
SO-IA0512,Customer Acquisition Cost,Q4 2151,32.5
SO-IA0513,Gross Profit Margin,Q1 2152,33.2
SO-IA0514,Customer Retention Rate,Q2 2152,34.9
SO-IA0515,Monthly Recurring Revenue,Q3 2152,36.2
SO-IA0516,Return on Investment,Q4 2152,35.4
SO-IA0517,Average Order Value,Q1 2153,36.7
SO-IA0518,Customer Retention Rate,Q2 2153,34.7
SO-IA0519,Gross Profit Margin,Q3 2153,34.6
SO-IA0520,Net Promoter Score,Q4 2153,33.8
SO-IA0521,Customer Lifetime Value,Q1 2154,34.8
SO-IA0522,Sales Conversion Rate,Q2 2154,32.9
SO-IA0523,Average Order Value,Q3 2154,36.1
SO-IA0524,Return on Investment,Q4 2154,32.7
SO-IA0525,Customer Retention Rate,Q1 2155,34.8
SO-IA0526,Customer Lifetime Value,Q2 2155,34.5
SO-IA0527,Customer Lifetime Value,Q3 2155,33.1
SO-IA0528,Sales Conversion Rate,Q4 2155,32.5
SO-IA0529,Average Order Value,Q1 2156,33.3
SO-IA0530,Monthly Recurring Revenue,Q2 2156,35.8
SO-IA0531,Gross Profit Margin,Q3 2156,35.1
SO-IA0532,Sales Conversion Rate,Q4 2156,35.1
SO-IA0533,Customer Lifetime Value,Q1 2157,32.5
SO-IA0534,Sales Conversion Rate,Q2 2157,34.1
SO-IA0535,Customer Lifetime Value,Q3 2157,34.1
SO-IA0536,Gross Profit Margin,Q4 2157,34.1
SO-IA0537,Return on Investment,Q1 2158,36.1
SO-IA0538,Return on Investment,Q2 2158,35.7
SO-IA0539,Net Promoter Score,Q3 2158,34.6
SO-IA0540,Employee Turnover Rate,Q4 2158,35.2
SO-IA0541,Customer Acquisition Cost,Q1 2159,36.9
SO-IA0542,Monthly Recurring Revenue,Q2 2159,34.1
SO-IA0543,Gross Profit Margin,Q3 2159,36.5
SO-IA0544,Employee Turnover Rate,Q4 2159,33.6
SO-IA0545,Customer Retention Rate,Q1 2160,33.3
SO-IA0546,Employee Turnover Rate,Q2 2160,34.4
SO-IA0547,Monthly Recurring Revenue,Q3 2160,33.8
SO-IA0548,Customer Acquisition Cost,Q4 2160,33.4
SO-IA0549,Customer Acquisition Cost,Q1 2161,33.2
SO-IA0550,Gross Profit Margin,Q2 2161,35.1
SO-IA0551,Gross Profit Margin,Q3 2161,34.4
SO-IA0552,Employee Turnover Rate,Q4 2161,33.5
SO-IA0553,Sales Conversion Rate,Q1 2162,36.6
SO-IA0554,Employee Turnover Rate,Q2 2162,35.7
SO-IA0555,Gross Profit Margin,Q3 2162,36.2
SO-IA0556,Customer Lifetime Value,Q4 2162,36.5
SO-IA0557,Customer Acquisition Cost,Q1 2163,36.4
SO-IA0558,Monthly Recurring Revenue,Q2 2163,34.5
SO-IA0559,Sales Conversion Rate,Q3 2163,36.3
SO-IA0560,Monthly Recurring Revenue,Q4 2163,33.5
SO-IA0561,Customer Acquisition Cost,Q1 2164,35.9
SO-IA0562,Customer Retention Rate,Q2 2164,34.6
SO-IA0563,Return on Investment,Q3 2164,34.1
SO-IA0564,Customer Acquisition Cost,Q4 2164,32.1
SO-IA0565,Customer Lifetime Value,Q1 2165,32.0
SO-IA0566,Average Order Value,Q2 2165,36.1
SO-IA0567,Sales Conversion Rate,Q3 2165,34.8
SO-IA0568,Sales Conversion Rate,Q4 2165,36.8
SO-IA0569,Average Order Value,Q1 2166,36.3
SO-IA0570,Monthly Recurring Revenue,Q2 2166,35.8
SO-IA0571,Net Promoter Score,Q3 2166,35.2
SO-IA0572,Monthly Recurring Revenue,Q4 2166,33.3
SO-IA0573,Net Promoter Score,Q1 2167,33.8
SO-IA0574,Monthly Recurring Revenue,Q2 2167,35.1
SO-IA0575,Customer Lifetime Value,Q3 2167,36.9
SO-IA0576,Employee Turnover Rate,Q4 2167,32.4
SO-IA0577,Sales Conversion Rate,Q1 2168,34.8
SO-IA0578,Gross Profit Margin,Q2 2168,34.9
SO-IA0579,Employee Turnover Rate,Q3 2168,32.3
SO-IA0580,Net Promoter Score,Q4 2168,33.4
SO-IA0581,Customer Acquisition Cost,Q1 2169,35.5
SO-IA0582,Customer Retention Rate,Q2 2169,32.8
SO-IA0583,Customer Acquisition Cost,Q3 2169,36.7
SO-IA0584,Return on Investment,Q4 2169,32.3
SO-IA0585,Customer Retention Rate,Q1 2170,33.9
SO-IA0586,Customer Retention Rate,Q2 2170,35.6
SO-IA0587,Monthly Recurring Revenue,Q3 2170,35.4
SO-IA0588,Return on Investment,Q4 2170,35.8
SO-IA0589,Net Promoter Score,Q1 2171,36.6
SO-IA0590,Customer Retention Rate,Q2 2171,35.7
SO-IA0591,Customer Retention Rate,Q3 2171,36.3
SO-IA0592,Customer Acquisition Cost,Q4 2171,32.6
SO-IA0593,Customer Acquisition Cost,Q1 2172,34.0
SO-IA0594,Sales Conversion Rate,Q2 2172,35.2
SO-IA0595,Customer Retention Rate,Q3 2172,36.7
SO-IA0596,Sales Conversion Rate,Q4 2172,33.4
SO-IA0597,Net Promoter Score,Q1 2173,32.0
SO-IA0598,Customer Lifetime Value,Q2 2173,34.7
SO-IA0599,Net Promoter Score,Q3 2173,33.3
SO-IA0600,Monthly Recurring Revenue,Q4 2173,32.2
SO-IA0601,Monthly Recurring Revenue,Q1 2174,32.9
SO-IA0602,Average Order Value,Q2 2174,33.0
SO-IA0603,Gross Profit Margin,Q3 2174,34.5
SO-IA0604,Sales Conversion Rate,Q4 2174,36.8
SO-IA0605,Customer Lifetime Value,Q1 2175,32.8
SO-IA0606,Gross Profit Margin,Q2 2175,33.2
SO-IA0607,Net Promoter Score,Q3 2175,36.2
SO-IA0608,Customer Retention Rate,Q4 2175,34.8
SO-IA0609,Return on Investment,Q1 2176,32.6
SO-IA0610,Net Promoter Score,Q2 2176,33.0
SO-IA0611,Net Promoter Score,Q3 2176,34.0
SO-IA0612,Monthly Recurring Revenue,Q4 2176,33.1
SO-IA0613,Sales Conversion Rate,Q1 2177,35.5
SO-IA0614,Customer Acquisition Cost,Q2 2177,36.4
SO-IA0615,Net Promoter Score,Q3 2177,35.0
SO-IA0616,Return on Investment,Q4 2177,35.4
SO-IA0617,Employee Turnover Rate,Q1 2178,34.4
SO-IA0618,Customer Acquisition Cost,Q2 2178,35.9
SO-IA0619,Customer Lifetime Value,Q3 2178,33.9
SO-IA0620,Employee Turnover Rate,Q4 2178,35.1
SO-IA0621,Sales Conversion Rate,Q1 2179,35.4
SO-IA0622,Gross Profit Margin,Q2 2179,33.3
SO-IA0623,Gross Profit Margin,Q3 2179,33.5
SO-IA0624,Net Promoter Score,Q4 2179,33.9
SO-IA0625,Monthly Recurring Revenue,Q1 2180,35.1
SO-IA0626,Customer Lifetime Value,Q2 2180,36.2
SO-IA0627,Average Order Value,Q3 2180,33.7
SO-IA0628,Net Promoter Score,Q4 2180,33.8
SO-IA0629,Return on Investment,Q1 2181,36.9
SO-IA0630,Return on Investment,Q2 2181,36.1
SO-IA0631,Employee Turnover Rate,Q3 2181,32.4
SO-IA0632,Average Order Value,Q4 2181,36.0
SO-IA0633,Return on Investment,Q1 2182,32.0
SO-IA0634,Customer Acquisition Cost,Q2 2182,36.4
SO-IA0635,Customer Acquisition Cost,Q3 2182,33.3
SO-IA0636,Average Order Value,Q4 2182,33.4
SO-IA0637,Gross Profit Margin,Q1 2183,36.4
SO-IA0638,Customer Lifetime Value,Q2 2183,36.3
SO-IA0639,Net Promoter Score,Q3 2183,36.0
SO-IA0640,Monthly Recurring Revenue,Q4 2183,35.3
SO-IA0641,Employee Turnover Rate,Q1 2184,32.8
SO-IA0642,Customer Lifetime Value,Q2 2184,35.3
SO-IA0643,Net Promoter Score,Q3 2184,32.6
SO-IA0644,Average Order Value,Q4 2184,34.9
SO-IA0645,Gross Profit Margin,Q1 2185,36.1
SO-IA0646,Customer Acquisition Cost,Q2 2185,34.3
SO-IA0647,Return on Investment,Q3 2185,36.0
SO-IA0648,Return on Investment,Q4 2185,34.1
SO-IA0649,Sales Conversion Rate,Q1 2186,34.6
SO-IA0650,Customer Retention Rate,Q2 2186,36.7
SO-IA0651,Customer Lifetime Value,Q3 2186,35.4
SO-IA0652,Sales Conversion Rate,Q4 2186,36.0
SO-IA0653,Employee Turnover Rate,Q1 2187,32.6
SO-IA0654,Return on Investment,Q2 2187,34.4
SO-IA0655,Return on Investment,Q3 2187,35.9
SO-IA0656,Net Promoter Score,Q4 2187,35.6
SO-IA0657,Customer Retention Rate,Q1 2188,32.1
SO-IA0658,Employee Turnover Rate,Q2 2188,32.1
SO-IA0659,Customer Retention Rate,Q3 2188,36.6
SO-IA0660,Net Promoter Score,Q4 2188,35.4
SO-IA0661,Customer Lifetime Value,Q1 2189,36.7
SO-IA0662,Sales Conversion Rate,Q2 2189,34.8
SO-IA0663,Customer Lifetime Value,Q3 2189,33.4
SO-IA0664,Customer Lifetime Value,Q4 2189,36.6
SO-IA0665,Employee Turnover Rate,Q1 2190,35.7
SO-IA0666,Employee Turnover Rate,Q2 2190,36.6
SO-IA0667,Gross Profit Margin,Q3 2190,35.6
SO-IA0668,Customer Retention Rate,Q4 2190,36.0
SO-IA0669,Gross Profit Margin,Q1 2191,34.7
SO-IA0670,Gross Profit Margin,Q2 2191,36.9
SO-IA0671,Net Promoter Score,Q3 2191,36.3
SO-IA0672,Monthly Recurring Revenue,Q4 2191,35.1
SO-IA0673,Gross Profit Margin,Q1 2192,36.9
SO-IA0674,Employee Turnover Rate,Q2 2192,33.0
SO-IA0675,Net Promoter Score,Q3 2192,32.5
SO-IA0676,Customer Acquisition Cost,Q4 2192,33.4
SO-IA0677,Customer Retention Rate,Q1 2193,35.9
SO-IA0678,Return on Investment,Q2 2193,35.3
SO-IA0679,Net Promoter Score,Q3 2193,36.7
SO-IA0680,Monthly Recurring Revenue,Q4 2193,36.4
SO-IA0681,Sales Conversion Rate,Q1 2194,35.0
SO-IA0682,Average Order Value,Q2 2194,32.4
SO-IA0683,Customer Lifetime Value,Q3 2194,36.7
SO-IA0684,Customer Retention Rate,Q4 2194,36.7
SO-IA0685,Customer Retention Rate,Q1 2195,33.7
SO-IA0686,Monthly Recurring Revenue,Q2 2195,36.9
SO-IA0687,Return on Investment,Q3 2195,36.2
SO-IA0688,Average Order Value,Q4 2195,33.3
SO-IA0689,Average Order Value,Q1 2196,34.0
SO-IA0690,Return on Investment,Q2 2196,33.2
SO-IA0691,Customer Acquisition Cost,Q3 2196,32.4
SO-IA0692,Employee Turnover Rate,Q4 2196,34.8
SO-IA0693,Customer Acquisition Cost,Q1 2197,32.5
SO-IA0694,Net Promoter Score,Q2 2197,35.7
SO-IA0695,Sales Conversion Rate,Q3 2197,34.4
SO-IA0696,Net Promoter Score,Q4 2197,36.1
SO-IA0697,Customer Retention Rate,Q1 2198,32.8
SO-IA0698,Net Promoter Score,Q2 2198,33.5
SO-IA0699,Customer Acquisition Cost,Q3 2198,33.5
SO-IA0700,Net Promoter Score,Q4 2198,33.4
SO-IA0701,Sales Conversion Rate,Q1 2199,36.0
SO-IA0702,Net Promoter Score,Q2 2199,36.6
SO-IA0703,Customer Lifetime Value,Q3 2199,33.2
SO-IA0704,Gross Profit Margin,Q4 2199,36.7
SO-IA0705,Sales Conversion Rate,Q1 2200,32.9
SO-IA0706,Customer Lifetime Value,Q2 2200,36.8
SO-IA0707,Net Promoter Score,Q3 2200,33.6
SO-IA0708,Monthly Recurring Revenue,Q4 2200,33.6
SO-IA0709,Return on Investment,Q1 2201,35.3
SO-IA0710,Average Order Value,Q2 2201,35.8
SO-IA0711,Customer Lifetime Value,Q3 2201,32.4
SO-IA0712,Return on Investment,Q4 2201,34.4
SO-IA0713,Customer Acquisition Cost,Q1 2202,35.9
SO-IA0714,Return on Investment,Q2 2202,34.5
SO-IA0715,Average Order Value,Q3 2202,33.0
SO-IA0716,Net Promoter Score,Q4 2202,33.4
SO-IA0717,Employee Turnover Rate,Q1 2203,35.6
SO-IA0718,Customer Acquisition Cost,Q2 2203,33.7
SO-IA0719,Return on Investment,Q3 2203,34.8
SO-IA0720,Customer Acquisition Cost,Q4 2203,34.9
SO-IA0721,Net Promoter Score,Q1 2204,32.4
SO-IA0722,Customer Retention Rate,Q2 2204,36.5
SO-IA0723,Monthly Recurring Revenue,Q3 2204,34.8
SO-IA0724,Gross Profit Margin,Q4 2204,32.3
SO-IA0725,Net Promoter Score,Q1 2205,33.6
SO-IA0726,Net Promoter Score,Q2 2205,36.2
SO-IA0727,Customer Retention Rate,Q3 2205,34.0
SO-IA0728,Average Order Value,Q4 2205,33.2
SO-IA0729,Customer Lifetime Value,Q1 2206,36.0
SO-IA0730,Net Promoter Score,Q2 2206,35.4
SO-IA0731,Sales Conversion Rate,Q3 2206,33.6
SO-IA0732,Return on Investment,Q4 2206,36.9
SO-IA0733,Customer Lifetime Value,Q1 2207,34.3
SO-IA0734,Average Order Value,Q2 2207,36.5
SO-IA0735,Sales Conversion Rate,Q3 2207,32.8
SO-IA0736,Customer Lifetime Value,Q4 2207,33.8
SO-IA0737,Gross Profit Margin,Q1 2208,32.6
SO-IA0738,Customer Retention Rate,Q2 2208,34.4
SO-IA0739,Sales Conversion Rate,Q3 2208,33.7
SO-IA0740,Employee Turnover Rate,Q4 2208,34.5
SO-IA0741,Monthly Recurring Revenue,Q1 2209,34.1
SO-IA0742,Net Promoter Score,Q2 2209,32.9
SO-IA0743,Average Order Value,Q3 2209,35.7
SO-IA0744,Sales Conversion Rate,Q4 2209,37.0
SO-IA0745,Gross Profit Margin,Q1 2210,35.4
SO-IA0746,Customer Acquisition Cost,Q2 2210,36.8
SO-IA0747,Customer Lifetime Value,Q3 2210,35.6
SO-IA0748,Employee Turnover Rate,Q4 2210,36.7
SO-IA0749,Gross Profit Margin,Q1 2211,34.9
SO-IA0750,Customer Retention Rate,Q2 2211,34.6
SO-IA0751,Average Order Value,Q3 2211,35.0
SO-IA0752,Return on Investment,Q4 2211,36.9
SO-IA0753,Monthly Recurring Revenue,Q1 2212,33.8
SO-IA0754,Employee Turnover Rate,Q2 2212,33.4
SO-IA0755,Customer Acquisition Cost,Q3 2212,36.3
SO-IA0756,Return on Investment,Q4 2212,36.4
SO-IA0757,Customer Lifetime Value,Q1 2213,34.8
SO-IA0758,Customer Acquisition Cost,Q2 2213,35.3
SO-IA0759,Employee Turnover Rate,Q3 2213,35.7
SO-IA0760,Monthly Recurring Revenue,Q4 2213,32.2
SO-IA0761,Monthly Recurring Revenue,Q1 2214,34.7
SO-IA0762,Average Order Value,Q2 2214,34.0
SO-IA0763,Customer Retention Rate,Q3 2214,35.0
SO-IA0764,Customer Lifetime Value,Q4 2214,32.8
SO-IA0765,Net Promoter Score,Q1 2215,32.2
SO-IA0766,Customer Acquisition Cost,Q2 2215,33.8
SO-IA0767,Monthly Recurring Revenue,Q3 2215,36.8
SO-IA0768,Net Promoter Score,Q4 2215,33.5
SO-IA0769,Employee Turnover Rate,Q1 2216,35.0
SO-IA0770,Monthly Recurring Revenue,Q2 2216,33.2
SO-IA0771,Sales Conversion Rate,Q3 2216,36.2
SO-IA0772,Employee Turnover Rate,Q4 2216,35.7
SO-IA0773,Customer Acquisition Cost,Q1 2217,34.9
SO-IA0774,Average Order Value,Q2 2217,33.5
SO-IA0775,Average Order Value,Q3 2217,32.8
SO-IA0776,Customer Retention Rate,Q4 2217,34.8
SO-IA0777,Customer Lifetime Value,Q1 2218,33.0
SO-IA0778,Customer Acquisition Cost,Q2 2218,35.8
SO-IA0779,Customer Lifetime Value,Q3 2218,34.5
SO-IA0780,Net Promoter Score,Q4 2218,35.9
SO-IA0781,Return on Investment,Q1 2219,36.4
SO-IA0782,Return on Investment,Q2 2219,32.4
SO-IA0783,Customer Acquisition Cost,Q3 2219,33.6
SO-IA0784,Customer Retention Rate,Q4 2219,36.3
SO-IA0785,Sales Conversion Rate,Q1 2220,34.7
SO-IA0786,Gross Profit Margin,Q2 2220,33.2
SO-IA0787,Sales Conversion Rate,Q3 2220,36.9
SO-IA0788,Customer Retention Rate,Q4 2220,35.3
SO-IA0789,Customer Retention Rate,Q1 2221,36.6
SO-IA0790,Customer Retention Rate,Q2 2221,33.4
SO-IA0791,Return on Investment,Q3 2221,34.5
SO-IA0792,Return on Investment,Q4 2221,32.9
SO-IA0793,Gross Profit Margin,Q1 2222,34.8
SO-IA0794,Customer Lifetime Value,Q2 2222,36.4
SO-IA0795,Return on Investment,Q3 2222,32.5
SO-IA0796,Return on Investment,Q4 2222,36.7
SO-IA0797,Monthly Recurring Revenue,Q1 2223,35.5
SO-IA0798,Customer Retention Rate,Q2 2223,34.8
SO-IA0799,Monthly Recurring Revenue,Q3 2223,33.7
SO-IA0800,Customer Lifetime Value,Q4 2223,34.1
SO-IA0801,Employee Turnover Rate,Q1 2224,36.2
SO-IA0802,Average Order Value,Q2 2224,34.4
SO-IA0803,Average Order Value,Q3 2224,33.9
SO-IA0804,Employee Turnover Rate,Q4 2224,33.6
SO-IA0805,Employee Turnover Rate,Q1 2225,33.2
SO-IA0806,Customer Acquisition Cost,Q2 2225,35.9
SO-IA0807,Employee Turnover Rate,Q3 2225,34.6
SO-IA0808,Average Order Value,Q4 2225,36.2
SO-IA0809,Customer Retention Rate,Q1 2226,34.6
SO-IA0810,Net Promoter Score,Q2 2226,33.2
SO-IA0811,Customer Lifetime Value,Q3 2226,33.4
SO-IA0812,Gross Profit Margin,Q4 2226,33.2
SO-IA0813,Employee Turnover Rate,Q1 2227,33.7
SO-IA0814,Average Order Value,Q2 2227,32.6
SO-IA0815,Return on Investment,Q3 2227,32.7
SO-IA0816,Average Order Value,Q4 2227,34.8
SO-IA0817,Net Promoter Score,Q1 2228,35.8
SO-IA0818,Sales Conversion Rate,Q2 2228,33.3
SO-IA0819,Return on Investment,Q3 2228,34.0
SO-IA0820,Net Promoter Score,Q4 2228,34.6
SO-IA0821,Return on Investment,Q1 2229,34.8
SO-IA0822,Average Order Value,Q2 2229,34.2
SO-IA0823,Customer Lifetime Value,Q3 2229,34.5
SO-IA0824,Gross Profit Margin,Q4 2229,32.1
SO-IA0825,Sales Conversion Rate,Q1 2230,33.9
SO-IA0826,Customer Retention Rate,Q2 2230,32.1
SO-IA0827,Customer Lifetime Value,Q3 2230,32.3
SO-IA0828,Monthly Recurring Revenue,Q4 2230,33.9
SO-IA0829,Sales Conversion Rate,Q1 2231,34.6
SO-IA0830,Net Promoter Score,Q2 2231,33.6
SO-IA0831,Customer Acquisition Cost,Q3 2231,36.9
SO-IA0832,Net Promoter Score,Q4 2231,34.0
SO-IA0833,Return on Investment,Q1 2232,35.0
SO-IA0834,Average Order Value,Q2 2232,34.2
SO-IA0835,Customer Retention Rate,Q3 2232,35.1
SO-IA0836,Customer Lifetime Value,Q4 2232,34.9
SO-IA0837,Gross Profit Margin,Q1 2233,33.5
SO-IA0838,Monthly Recurring Revenue,Q2 2233,35.7
SO-IA0839,Employee Turnover Rate,Q3 2233,35.2
SO-IA0840,Average Order Value,Q4 2233,33.5
SO-IA0841,Net Promoter Score,Q1 2234,34.1
SO-IA0842,Customer Lifetime Value,Q2 2234,33.7
SO-IA0843,Net Promoter Score,Q3 2234,35.0
SO-IA0844,Customer Acquisition Cost,Q4 2234,34.7
SO-IA0845,Return on Investment,Q1 2235,35.3
SO-IA0846,Average Order Value,Q2 2235,32.2
SO-IA0847,Monthly Recurring Revenue,Q3 2235,34.1
SO-IA0848,Employee Turnover Rate,Q4 2235,33.1
SO-IA0849,Employee Turnover Rate,Q1 2236,34.8
SO-IA0850,Customer Acquisition Cost,Q2 2236,35.0
SO-IA0851,Net Promoter Score,Q3 2236,33.3
SO-IA0852,Employee Turnover Rate,Q4 2236,35.6
SO-IA0853,Return on Investment,Q1 2237,32.9
SO-IA0854,Customer Retention Rate,Q2 2237,36.4
SO-IA0855,Average Order Value,Q3 2237,32.2
SO-IA0856,Customer Retention Rate,Q4 2237,36.5
SO-IA0857,Customer Retention Rate,Q1 2238,33.6
SO-IA0858,Employee Turnover Rate,Q2 2238,32.4
SO-IA0859,Customer Lifetime Value,Q3 2238,33.0
SO-IA0860,Sales Conversion Rate,Q4 2238,35.7
SO-IA0861,Customer Lifetime Value,Q1 2239,35.6
SO-IA0862,Average Order Value,Q2 2239,33.1
SO-IA0863,Sales Conversion Rate,Q3 2239,33.5
SO-IA0864,Return on Investment,Q4 2239,33.0
SO-IA0865,Gross Profit Margin,Q1 2240,35.6
SO-IA0866,Monthly Recurring Revenue,Q2 2240,34.9
SO-IA0867,Customer Lifetime Value,Q3 2240,34.8
SO-IA0868,Employee Turnover Rate,Q4 2240,35.8
SO-IA0869,Sales Conversion Rate,Q1 2241,36.4
SO-IA0870,Gross Profit Margin,Q2 2241,34.8
SO-IA0871,Average Order Value,Q3 2241,36.2
SO-IA0872,Customer Retention Rate,Q4 2241,32.1
SO-IA0873,Customer Acquisition Cost,Q1 2242,35.3
SO-IA0874,Customer Acquisition Cost,Q2 2242,35.5
SO-IA0875,Gross Profit Margin,Q3 2242,33.4
SO-IA0876,Monthly Recurring Revenue,Q4 2242,32.6
SO-IA0877,Employee Turnover Rate,Q1 2243,32.5
SO-IA0878,Customer Retention Rate,Q2 2243,36.5
SO-IA0879,Net Promoter Score,Q3 2243,32.8
SO-IA0880,Monthly Recurring Revenue,Q4 2243,32.4
SO-IA0881,Return on Investment,Q1 2244,33.3
SO-IA0882,Customer Retention Rate,Q2 2244,36.2
SO-IA0883,Monthly Recurring Revenue,Q3 2244,36.0
SO-IA0884,Return on Investment,Q4 2244,35.8
SO-IA0885,Customer Acquisition Cost,Q1 2245,34.8
SO-IA0886,Average Order Value,Q2 2245,33.5
SO-IA0887,Gross Profit Margin,Q3 2245,36.9
SO-IA0888,Employee Turnover Rate,Q4 2245,36.4
SO-IA0889,Average Order Value,Q1 2246,32.7
SO-IA0890,Customer Retention Rate,Q2 2246,36.0
SO-IA0891,Employee Turnover Rate,Q3 2246,33.7
SO-IA0892,Average Order Value,Q4 2246,32.5
SO-IA0893,Average Order Value,Q1 2247,34.7
SO-IA0894,Monthly Recurring Revenue,Q2 2247,36.4
SO-IA0895,Sales Conversion Rate,Q3 2247,34.5
SO-IA0896,Gross Profit Margin,Q4 2247,32.9
SO-IA0897,Average Order Value,Q1 2248,35.8
SO-IA0898,Gross Profit Margin,Q2 2248,33.4
SO-IA0899,Average Order Value,Q3 2248,32.8
SO-IA0900,Sales Conversion Rate,Q4 2248,32.5
SO-IA0901,Customer Retention Rate,Q1 2249,32.8
SO-IA0902,Sales Conversion Rate,Q2 2249,35.5
SO-IA0903,Employee Turnover Rate,Q3 2249,32.3
SO-IA0904,Customer Lifetime Value,Q4 2249,34.7
SO-IA0905,Employee Turnover Rate,Q1 2250,36.6
SO-IA0906,Customer Retention Rate,Q2 2250,35.3
SO-IA0907,Return on Investment,Q3 2250,32.0
SO-IA0908,Customer Lifetime Value,Q4 2250,33.9
SO-IA0909,Customer Retention Rate,Q1 2251,33.2
SO-IA0910,Monthly Recurring Revenue,Q2 2251,35.7
SO-IA0911,Sales Conversion Rate,Q3 2251,34.0
SO-IA0912,Customer Lifetime Value,Q4 2251,32.5
SO-IA0913,Return on Investment,Q1 2252,35.3
SO-IA0914,Sales Conversion Rate,Q2 2252,36.4
SO-IA0915,Customer Acquisition Cost,Q3 2252,35.0
SO-IA0916,Average Order Value,Q4 2252,32.8
SO-IA0917,Net Promoter Score,Q1 2253,32.7
SO-IA0918,Return on Investment,Q2 2253,35.8
SO-IA0919,Sales Conversion Rate,Q3 2253,32.3
SO-IA0920,Net Promoter Score,Q4 2253,34.9
SO-IA0921,Sales Conversion Rate,Q1 2254,32.5
SO-IA0922,Customer Acquisition Cost,Q2 2254,36.0
SO-IA0923,Return on Investment,Q3 2254,35.3
SO-IA0924,Gross Profit Margin,Q4 2254,33.5
SO-IA0925,Net Promoter Score,Q1 2255,32.9
SO-IA0926,Customer Retention Rate,Q2 2255,35.1
SO-IA0927,Sales Conversion Rate,Q3 2255,34.8
SO-IA0928,Customer Acquisition Cost,Q4 2255,36.5
SO-IA0929,Return on Investment,Q1 2256,32.6
SO-IA0930,Average Order Value,Q2 2256,35.0
SO-IA0931,Net Promoter Score,Q3 2256,32.4
SO-IA0932,Customer Lifetime Value,Q4 2256,35.2
SO-IA0933,Monthly Recurring Revenue,Q1 2257,34.2
SO-IA0934,Average Order Value,Q2 2257,32.4
SO-IA0935,Customer Acquisition Cost,Q3 2257,32.9
SO-IA0936,Customer Retention Rate,Q4 2257,32.6
SO-IA0937,Average Order Value,Q1 2258,36.6
SO-IA0938,Customer Retention Rate,Q2 2258,34.8
SO-IA0939,Monthly Recurring Revenue,Q3 2258,32.4
SO-IA0940,Net Promoter Score,Q4 2258,35.6
SO-IA0941,Customer Retention Rate,Q1 2259,35.5
SO-IA0942,Sales Conversion Rate,Q2 2259,33.5
SO-IA0943,Customer Retention Rate,Q3 2259,33.9
SO-IA0944,Customer Acquisition Cost,Q4 2259,32.3
SO-IA0945,Customer Lifetime Value,Q1 2260,36.3
SO-IA0946,Customer Acquisition Cost,Q2 2260,33.6
SO-IA0947,Employee Turnover Rate,Q3 2260,36.4
SO-IA0948,Net Promoter Score,Q4 2260,36.9
SO-IA0949,Customer Retention Rate,Q1 2261,33.4
SO-IA0950,Customer Lifetime Value,Q2 2261,32.7
SO-IA0951,Gross Profit Margin,Q3 2261,34.5
SO-IA0952,Average Order Value,Q4 2261,33.8
SO-IA0953,Monthly Recurring Revenue,Q1 2262,35.6
SO-IA0954,Return on Investment,Q2 2262,33.0
SO-IA0955,Monthly Recurring Revenue,Q3 2262,32.9
SO-IA0956,Sales Conversion Rate,Q4 2262,36.3
SO-IA0957,Customer Lifetime Value,Q1 2263,32.2
SO-IA0958,Customer Acquisition Cost,Q2 2263,33.4
SO-IA0959,Customer Retention Rate,Q3 2263,32.0
SO-IA0960,Gross Profit Margin,Q4 2263,34.1
SO-IA0961,Return on Investment,Q1 2264,35.1
SO-IA0962,Customer Lifetime Value,Q2 2264,35.8
SO-IA0963,Customer Lifetime Value,Q3 2264,35.2
SO-IA0964,Net Promoter Score,Q4 2264,36.7
SO-IA0965,Monthly Recurring Revenue,Q1 2265,36.5
SO-IA0966,Return on Investment,Q2 2265,35.1
SO-IA0967,Employee Turnover Rate,Q3 2265,34.4
SO-IA0968,Average Order Value,Q4 2265,35.8
SO-IA0969,Net Promoter Score,Q1 2266,34.2
SO-IA0970,Net Promoter Score,Q2 2266,36.2
SO-IA0971,Gross Profit Margin,Q3 2266,32.3
SO-IA0972,Customer Retention Rate,Q4 2266,36.2
SO-IA0973,Monthly Recurring Revenue,Q1 2267,32.6
SO-IA0974,Customer Retention Rate,Q2 2267,34.3
SO-IA0975,Customer Acquisition Cost,Q3 2267,33.0
SO-IA0976,Sales Conversion Rate,Q4 2267,32.7
SO-IA0977,Sales Conversion Rate,Q1 2268,34.1
SO-IA0978,Customer Lifetime Value,Q2 2268,34.0
SO-IA0979,Gross Profit Margin,Q3 2268,32.6
SO-IA0980,Customer Retention Rate,Q4 2268,35.3
SO-IA0981,Net Promoter Score,Q1 2269,35.9
SO-IA0982,Customer Lifetime Value,Q2 2269,35.1
SO-IA0983,Customer Lifetime Value,Q3 2269,33.2
SO-IA0984,Average Order Value,Q4 2269,36.6
SO-IA0985,Employee Turnover Rate,Q1 2270,35.8
SO-IA0986,Employee Turnover Rate,Q2 2270,32.7
SO-IA0987,Return on Investment,Q3 2270,35.5
SO-IA0988,Sales Conversion Rate,Q4 2270,35.2
SO-IA0989,Sales Conversion Rate,Q1 2271,32.0
SO-IA0990,Gross Profit Margin,Q2 2271,36.7
SO-IA0991,Customer Acquisition Cost,Q3 2271,34.3
SO-IA0992,Customer Acquisition Cost,Q4 2271,35.0
SO-IA0993,Net Promoter Score,Q1 2272,32.2
SO-IA0994,Customer Retention Rate,Q2 2272,33.5
SO-IA0995,Monthly Recurring Revenue,Q3 2272,33.2
SO-IA0996,Sales Conversion Rate,Q4 2272,32.4
SO-IA0997,Average Order Value,Q1 2273,36.7
SO-IA0998,Gross Profit Margin,Q2 2273,34.4
SO-IA0999,Gross Profit Margin,Q3 2273,34.5
SO-IA01000,Gross Profit Margin,Q4 2273,36.0
SO-IA01001,Customer Retention Rate,Q1 2274,33.5
SO-IA01002,Return on Investment,Q2 2274,35.2
SO-IA01003,Return on Investment,Q3 2274,34.8
SO-IA01004,Return on Investment,Q4 2274,35.6
SO-IA01005,Net Promoter Score,Q1 2275,35.1
SO-IA01006,Gross Profit Margin,Q2 2275,34.3
SO-IA01007,Gross Profit Margin,Q3 2275,36.8
SO-IA01008,Gross Profit Margin,Q4 2275,36.2
SO-IA01009,Return on Investment,Q1 2276,33.2
SO-IA01010,Customer Lifetime Value,Q2 2276,32.5